	id	state	COUNTY	GEO_TTL	relevant_naics	NAICS2012_TTL	NAICS_Sector	estab	emp	payann
1	32001	32	1	Churchill County, Nevada	21	Mining, quarrying, and oil and gas extraction	21	4.4	64.6	5278.8
2	32001	32	1	Churchill County, Nevada	22	Utilities	22	8.6	76.4	7851.0
3	32001	32	1	Churchill County, Nevada	23	Construction	23	53.8	368.8	17270.8
4	32001	32	1	Churchill County, Nevada	42	Wholesale trade	42	20.8	100.0	4131.8
5	32001	32	1	Churchill County, Nevada	51	Information	51	5.6	34.8	1340.8
6	32001	32	1	Churchill County, Nevada	52	Finance and insurance	52	33.6	160.2	6082.4
7	32001	32	1	Churchill County, Nevada	53	Real estate and rental and leasing	53	30.8	120.6	2852.6
8	32001	32	1	Churchill County, Nevada	54	Professional, scientific, and technical services	54	39.2	368.4	16078.6
10	32001	32	1	Churchill County, Nevada	56	Administrative and support and waste management and remediation services	56	24.2	162.2	4526.2
12	32001	32	1	Churchill County, Nevada	62	Health care and social assistance	62	40.8	609.4	29623.6
13	32001	32	1	Churchill County, Nevada	71	Arts, entertainment, and recreation	71	14.6	299.6	5731.0
14	32001	32	1	Churchill County, Nevada	72	Accommodation and food services	72	49.8	660.4	10170.8
15	32001	32	1	Churchill County, Nevada	81	Other services (except public administration)	81	53.6	238.2	5391.8
17	32003	32	3	Clark County, Nevada	11	Agriculture, forestry, fishing and hunting	11	14.2	12.6	1226.4
18	32003	32	3	Clark County, Nevada	21	Mining, quarrying, and oil and gas extraction	21	46.0	413.6	23725.2
19	32003	32	3	Clark County, Nevada	22	Utilities	22	54.0	1137.2	124133.6
20	32003	32	3	Clark County, Nevada	23	Construction	23	2839.6	43711.0	2275352.2
21	32003	32	3	Clark County, Nevada	42	Wholesale trade	42	1906.8	20855.2	1263964.0
22	32003	32	3	Clark County, Nevada	51	Information	51	821.2	11312.4	674273.2
23	32003	32	3	Clark County, Nevada	52	Finance and insurance	52	2883.6	25748.2	1473385.0
24	32003	32	3	Clark County, Nevada	53	Real estate and rental and leasing	53	2974.0	22060.2	914160.0
25	32003	32	3	Clark County, Nevada	54	Professional, scientific, and technical services	54	5970.6	41442.2	2533998.0
26	32003	32	3	Clark County, Nevada	55	Management of companies and enterprises	55	400.4	15366.2	1409301.6
27	32003	32	3	Clark County, Nevada	56	Administrative and support and waste management and remediation services	56	2990.0	65815.4	1996889.8
28	32003	32	3	Clark County, Nevada	61	Educational services	61	504.8	7912.2	278475.2
29	32003	32	3	Clark County, Nevada	62	Health care and social assistance	62	4778.6	77733.8	3769818.2
30	32003	32	3	Clark County, Nevada	71	Arts, entertainment, and recreation	71	981.2	20084.4	741518.0
31	32003	32	3	Clark County, Nevada	72	Accommodation and food services	72	4347.0	261203.4	8043217.8
32	32003	32	3	Clark County, Nevada	81	Other services (except public administration)	81	2842.6	22769.6	668383.2
33	32003	32	3	Clark County, Nevada	99	Industries not classified	99	60.4	60.8	1876.8
34	32005	32	5	Douglas County, Nevada	11	Agriculture, forestry, fishing and hunting	11	7.4	3.6	148.4
36	32005	32	5	Douglas County, Nevada	22	Utilities	22	4.4	12.2	559.8
37	32005	32	5	Douglas County, Nevada	23	Construction	23	200.0	999.2	46521.2
38	32005	32	5	Douglas County, Nevada	42	Wholesale trade	42	58.2	397.4	21268.0
39	32005	32	5	Douglas County, Nevada	51	Information	51	46.6	258.8	16592.4
40	32005	32	5	Douglas County, Nevada	52	Finance and insurance	52	102.0	366.0	25348.6
41	32005	32	5	Douglas County, Nevada	53	Real estate and rental and leasing	53	123.0	440.4	21557.8
42	32005	32	5	Douglas County, Nevada	54	Professional, scientific, and technical services	54	248.6	792.8	39819.6
43	32005	32	5	Douglas County, Nevada	55	Management of companies and enterprises	55	6.2	73.0	5092.8
44	32005	32	5	Douglas County, Nevada	56	Administrative and support and waste management and remediation services	56	109.6	1034.0	29597.4
45	32005	32	5	Douglas County, Nevada	61	Educational services	61	19.0	112.6	1973.2
46	32005	32	5	Douglas County, Nevada	62	Health care and social assistance	62	123.0	1340.4	63325.8
47	32005	32	5	Douglas County, Nevada	71	Arts, entertainment, and recreation	71	38.8	308.0	10046.4
48	32005	32	5	Douglas County, Nevada	72	Accommodation and food services	72	135.0	5407.6	130373.2
49	32005	32	5	Douglas County, Nevada	81	Other services (except public administration)	81	101.2	694.6	20199.2
50	32005	32	5	Douglas County, Nevada	99	Industries not classified	99	2.75	2.75	116.25
52	32007	32	7	Elko County, Nevada	21	Mining, quarrying, and oil and gas extraction	21	26.2	4994.2	496035.8
53	32007	32	7	Elko County, Nevada	22	Utilities	22	4.0	31.0	2959.4
54	32007	32	7	Elko County, Nevada	23	Construction	23	102.0	1280.0	77104.0
55	32007	32	7	Elko County, Nevada	42	Wholesale trade	42	73.2	877.2	59381.4
56	32007	32	7	Elko County, Nevada	51	Information	51	17.6	139.6	5286.0
57	32007	32	7	Elko County, Nevada	52	Finance and insurance	52	53.8	282.6	12876.6
58	32007	32	7	Elko County, Nevada	53	Real estate and rental and leasing	53	47.4	247.6	7814.6
59	32007	32	7	Elko County, Nevada	54	Professional, scientific, and technical services	54	97.8	561.8	29345.2
61	32007	32	7	Elko County, Nevada	56	Administrative and support and waste management and remediation services	56	41.6	683.0	17780.0
62	32007	32	7	Elko County, Nevada	61	Educational services	61	4.6	13.8	112.8
63	32007	32	7	Elko County, Nevada	62	Health care and social assistance	62	125.0	1520.8	62025.4
64	32007	32	7	Elko County, Nevada	71	Arts, entertainment, and recreation	71	28.8	444.2	9920.6
65	32007	32	7	Elko County, Nevada	72	Accommodation and food services	72	146.2	5242.4	120860.2
66	32007	32	7	Elko County, Nevada	81	Other services (except public administration)	81	88.0	653.2	32356.6
67	32007	32	7	Elko County, Nevada	99	Industries not classified	99	2.75	0.75	35.5
83	32011	32	11	Eureka County, Nevada	54	Professional, scientific, and technical services	54	3.4	1.2	25.0
86	32011	32	11	Eureka County, Nevada	72	Accommodation and food services	72	5.2	20.2	299.8
89	32013	32	13	Humboldt County, Nevada	21	Mining, quarrying, and oil and gas extraction	21	21.0	2178.6	197798.2
90	32013	32	13	Humboldt County, Nevada	22	Utilities	22	4.4	32.0	3555.0
91	32013	32	13	Humboldt County, Nevada	23	Construction	23	32.4	297.2	17498.8
92	32013	32	13	Humboldt County, Nevada	42	Wholesale trade	42	18.2	117.2	8086.4
93	32013	32	13	Humboldt County, Nevada	51	Information	51	8.4	25.6	1715.8
94	32013	32	13	Humboldt County, Nevada	52	Finance and insurance	52	15.6	63.6	2892.6
95	32013	32	13	Humboldt County, Nevada	53	Real estate and rental and leasing	53	9.4	10.4	373.2
96	32013	32	13	Humboldt County, Nevada	54	Professional, scientific, and technical services	54	20.2	65.2	2517.2
98	32013	32	13	Humboldt County, Nevada	56	Administrative and support and waste management and remediation services	56	14.8	242.2	7358.6
100	32013	32	13	Humboldt County, Nevada	62	Health care and social assistance	62	36.2	563.4	20876.8
101	32013	32	13	Humboldt County, Nevada	71	Arts, entertainment, and recreation	71	9.2	29.8	725.0
102	32013	32	13	Humboldt County, Nevada	72	Accommodation and food services	72	63.2	1133.6	17864.0
103	32013	32	13	Humboldt County, Nevada	81	Other services (except public administration)	81	41.4	164.2	5278.6
108	32015	32	15	Lander County, Nevada	23	Construction	23	9.6	35.0	1686.6
109	32015	32	15	Lander County, Nevada	42	Wholesale trade	42	4.4	63.6	4545.4
111	32015	32	15	Lander County, Nevada	52	Finance and insurance	52	4.0	5.4	356.4
114	32015	32	15	Lander County, Nevada	56	Administrative and support and waste management and remediation services	56	3.4	6.4	187.2
117	32015	32	15	Lander County, Nevada	72	Accommodation and food services	72	14.2	119.4	1635.4
118	32015	32	15	Lander County, Nevada	81	Other services (except public administration)	81	9.2	12.0	651.8
121	32017	32	17	Lincoln County, Nevada	21	Mining, quarrying, and oil and gas extraction	21	4.4	12.8	872.0
123	32017	32	17	Lincoln County, Nevada	23	Construction	23	10.2	20.2	1190.4
124	32017	32	17	Lincoln County, Nevada	42	Wholesale trade	42	2.2	0.0	30.0
126	32017	32	17	Lincoln County, Nevada	52	Finance and insurance	52	5.8	12.4	1564.2
128	32017	32	17	Lincoln County, Nevada	54	Professional, scientific, and technical services	54	7.0	13.6	473.2
129	32017	32	17	Lincoln County, Nevada	56	Administrative and support and waste management and remediation services	56	2.4	1.6	64.0
131	32017	32	17	Lincoln County, Nevada	62	Health care and social assistance	62	6.0	117.6	3673.2
133	32017	32	17	Lincoln County, Nevada	72	Accommodation and food services	72	15.8	95.4	1448.0
134	32017	32	17	Lincoln County, Nevada	81	Other services (except public administration)	81	3.6	0.8	40.6
137	32019	32	19	Lyon County, Nevada	21	Mining, quarrying, and oil and gas extraction	21	9.8	183.6	13869.8
138	32019	32	19	Lyon County, Nevada	22	Utilities	22	6.8	28.2	3917.4
139	32019	32	19	Lyon County, Nevada	23	Construction	23	93.2	562.6	26887.2
140	32019	32	19	Lyon County, Nevada	42	Wholesale trade	42	49.6	520.0	22283.6
141	32019	32	19	Lyon County, Nevada	51	Information	51	9.8	29.2	2136.6
142	32019	32	19	Lyon County, Nevada	52	Finance and insurance	52	42.0	158.0	5297.8
143	32019	32	19	Lyon County, Nevada	53	Real estate and rental and leasing	53	33.6	56.6	2587.8
144	32019	32	19	Lyon County, Nevada	54	Professional, scientific, and technical services	54	64.8	299.6	17852.6
146	32019	32	19	Lyon County, Nevada	56	Administrative and support and waste management and remediation services	56	40.2	185.2	16372.4
147	32019	32	19	Lyon County, Nevada	61	Educational services	61	2.6	1.2	56.0
148	32019	32	19	Lyon County, Nevada	62	Health care and social assistance	62	41.4	414.8	17519.8
149	32019	32	19	Lyon County, Nevada	71	Arts, entertainment, and recreation	71	33.2	789.8	16657.8
150	32019	32	19	Lyon County, Nevada	72	Accommodation and food services	72	68.8	705.4	9791.6
151	32019	32	19	Lyon County, Nevada	81	Other services (except public administration)	81	60.2	259.2	6707.8
152	32019	32	19	Lyon County, Nevada	99	Industries not classified	99	4.2	0.6	255.2
155	32021	32	21	Mineral County, Nevada	23	Construction	23	5.0	11.6	889.2
156	32021	32	21	Mineral County, Nevada	42	Wholesale trade	42	2.4	5.4	112.4
159	32021	32	21	Mineral County, Nevada	53	Real estate and rental and leasing	53	2.0	2.6666666666666665	24.0
160	32021	32	21	Mineral County, Nevada	54	Professional, scientific, and technical services	54	4.6	18.4	703.2
163	32021	32	21	Mineral County, Nevada	62	Health care and social assistance	62	5.2	46.0	2093.2
165	32021	32	21	Mineral County, Nevada	72	Accommodation and food services	72	8.8	59.0	938.2
166	32021	32	21	Mineral County, Nevada	81	Other services (except public administration)	81	6.0	19.6	466.0
167	32023	32	23	Nye County, Nevada	11	Agriculture, forestry, fishing and hunting	11	2.4	5.8	234.4
168	32023	32	23	Nye County, Nevada	21	Mining, quarrying, and oil and gas extraction	21	13.2	342.2	27694.2
170	32023	32	23	Nye County, Nevada	23	Construction	23	76.0	392.8	13222.4
171	32023	32	23	Nye County, Nevada	42	Wholesale trade	42	10.2	52.0	2408.6
172	32023	32	23	Nye County, Nevada	51	Information	51	16.2	91.4	4009.2
173	32023	32	23	Nye County, Nevada	52	Finance and insurance	52	28.4	133.8	4100.0
174	32023	32	23	Nye County, Nevada	53	Real estate and rental and leasing	53	38.2	100.0	2141.0
175	32023	32	23	Nye County, Nevada	54	Professional, scientific, and technical services	54	48.0	98.8	2915.0
177	32023	32	23	Nye County, Nevada	56	Administrative and support and waste management and remediation services	56	30.8	443.8	22055.6
179	32023	32	23	Nye County, Nevada	62	Health care and social assistance	62	62.4	744.6	27567.0
180	32023	32	23	Nye County, Nevada	71	Arts, entertainment, and recreation	71	17.6	526.0	11283.4
181	32023	32	23	Nye County, Nevada	72	Accommodation and food services	72	81.6	1505.2	24591.6
182	32023	32	23	Nye County, Nevada	81	Other services (except public administration)	81	64.4	276.8	5808.2
184	32027	32	27	Pershing County, Nevada	21	Mining, quarrying, and oil and gas extraction	21	5.4	336.6	26538.2
189	32027	32	27	Pershing County, Nevada	52	Finance and insurance	52	4.0	11.0	445.0
191	32027	32	27	Pershing County, Nevada	54	Professional, scientific, and technical services	54	2.8	6.0	219.8
196	32027	32	27	Pershing County, Nevada	72	Accommodation and food services	72	14.0	126.0	1871.6
197	32027	32	27	Pershing County, Nevada	81	Other services (except public administration)	81	6.0	7.2	477.8
199	32029	32	29	Storey County, Nevada	23	Construction	23	15.8	42.0	1358.0
203	32029	32	29	Storey County, Nevada	54	Professional, scientific, and technical services	54	9.4	8.4	588.8
206	32029	32	29	Storey County, Nevada	71	Arts, entertainment, and recreation	71	8.2	42.8	674.4
207	32029	32	29	Storey County, Nevada	72	Accommodation and food services	72	14.8	152.4	3947.8
208	32029	32	29	Storey County, Nevada	81	Other services (except public administration)	81	4.2	17.4	431.8
209	32031	32	31	Washoe County, Nevada	11	Agriculture, forestry, fishing and hunting	11	14.0	21.0	1663.4
210	32031	32	31	Washoe County, Nevada	21	Mining, quarrying, and oil and gas extraction	21	47.0	269.2	30278.6
211	32031	32	31	Washoe County, Nevada	22	Utilities	22	19.2	401.8	40493.6
212	32031	32	31	Washoe County, Nevada	23	Construction	23	1047.4	10139.2	542730.4
213	32031	32	31	Washoe County, Nevada	42	Wholesale trade	42	643.6	9426.2	519145.0
214	32031	32	31	Washoe County, Nevada	51	Information	51	229.6	3885.8	246381.2
215	32031	32	31	Washoe County, Nevada	52	Finance and insurance	52	731.0	5864.4	398773.4
216	32031	32	31	Washoe County, Nevada	53	Real estate and rental and leasing	53	705.4	3477.2	143592.6
217	32031	32	31	Washoe County, Nevada	54	Professional, scientific, and technical services	54	1656.8	9869.6	612539.2
218	32031	32	31	Washoe County, Nevada	55	Management of companies and enterprises	55	89.8	1490.0	153715.6
219	32031	32	31	Washoe County, Nevada	56	Administrative and support and waste management and remediation services	56	790.6	15499.2	534553.0
220	32031	32	31	Washoe County, Nevada	61	Educational services	61	141.8	1841.6	58698.8
221	32031	32	31	Washoe County, Nevada	62	Health care and social assistance	62	1203.6	22739.0	1180033.0
222	32031	32	31	Washoe County, Nevada	71	Arts, entertainment, and recreation	71	219.4	4251.4	101521.8
223	32031	32	31	Washoe County, Nevada	72	Accommodation and food services	72	1006.6	29286.6	621916.0
224	32031	32	31	Washoe County, Nevada	81	Other services (except public administration)	81	884.6	6214.4	197458.8
225	32031	32	31	Washoe County, Nevada	99	Industries not classified	99	21.6	22.8	1211.0
227	32033	32	33	White Pine County, Nevada	21	Mining, quarrying, and oil and gas extraction	21	7.8	464.8	56997.6
229	32033	32	33	White Pine County, Nevada	23	Construction	23	23.2	81.4	3033.0
230	32033	32	33	White Pine County, Nevada	42	Wholesale trade	42	7.2	71.2	3734.6
231	32033	32	33	White Pine County, Nevada	51	Information	51	4.2	11.2	706.4
232	32033	32	33	White Pine County, Nevada	52	Finance and insurance	52	8.4	42.2	1581.8
233	32033	32	33	White Pine County, Nevada	53	Real estate and rental and leasing	53	7.2	18.2	550.8
234	32033	32	33	White Pine County, Nevada	54	Professional, scientific, and technical services	54	9.2	14.2	751.2
235	32033	32	33	White Pine County, Nevada	56	Administrative and support and waste management and remediation services	56	6.2	30.6	1429.4
237	32033	32	33	White Pine County, Nevada	62	Health care and social assistance	62	14.6	283.8	16262.2
238	32033	32	33	White Pine County, Nevada	71	Arts, entertainment, and recreation	71	3.8	7.0	190.8
239	32033	32	33	White Pine County, Nevada	72	Accommodation and food services	72	34.0	495.0	9598.4
240	32033	32	33	White Pine County, Nevada	81	Other services (except public administration)	81	16.6	60.8	1897.2
241	32510	32	510	Carson City, Nevada	11	Agriculture, forestry, fishing and hunting	11	3.6	3.6	789.8
243	32510	32	510	Carson City, Nevada	22	Utilities	22	4.0	68.6	6918.6
244	32510	32	510	Carson City, Nevada	23	Construction	23	148.0	862.4	34493.0
245	32510	32	510	Carson City, Nevada	42	Wholesale trade	42	100.6	607.4	29853.0
246	32510	32	510	Carson City, Nevada	51	Information	51	51.4	346.4	22837.4
247	32510	32	510	Carson City, Nevada	52	Finance and insurance	52	122.0	1034.4	54923.2
248	32510	32	510	Carson City, Nevada	53	Real estate and rental and leasing	53	117.0	346.0	11676.6
249	32510	32	510	Carson City, Nevada	54	Professional, scientific, and technical services	54	292.2	1152.2	67075.2
250	32510	32	510	Carson City, Nevada	55	Management of companies and enterprises	55	9.2	70.0	4616.8
251	32510	32	510	Carson City, Nevada	56	Administrative and support and waste management and remediation services	56	133.8	1418.6	56782.2
252	32510	32	510	Carson City, Nevada	61	Educational services	61	11.2	44.0	1586.0
253	32510	32	510	Carson City, Nevada	62	Health care and social assistance	62	219.0	3676.2	198112.2
254	32510	32	510	Carson City, Nevada	71	Arts, entertainment, and recreation	71	49.6	1132.0	37037.8
255	32510	32	510	Carson City, Nevada	72	Accommodation and food services	72	166.2	2791.6	47213.6
256	32510	32	510	Carson City, Nevada	81	Other services (except public administration)	81	144.8	794.6	23586.4
257	32510	32	510	Carson City, Nevada	99	Industries not classified	99	3.2	1.4	22.0
0	32001	32	1	Churchill County, Nevada	11	Agriculture, forestry, fishing and hunting	11	1.4		
1	32001	32	1	Churchill County, Nevada	55	Management of companies and enterprises	55	1.0		
2	32001	32	1	Churchill County, Nevada	61	Educational services	61	2.4		
3	32001	32	1	Churchill County, Nevada	99	Industries not classified	99	1.3333333333333333		
4	32005	32	5	Douglas County, Nevada	21	Mining, quarrying, and oil and gas extraction	21	3.4		
5	32007	32	7	Elko County, Nevada	11	Agriculture, forestry, fishing and hunting	11	1.0		
6	32007	32	7	Elko County, Nevada	55	Management of companies and enterprises	55	1.0		
7	32009	32	9	Esmeralda County, Nevada	11	Agriculture, forestry, fishing and hunting	11	1.0		
8	32009	32	9	Esmeralda County, Nevada	21	Mining, quarrying, and oil and gas extraction	21	2.2		
9	32009	32	9	Esmeralda County, Nevada	22	Utilities	22	1.0		
10	32009	32	9	Esmeralda County, Nevada	23	Construction	23	2.0		
11	32009	32	9	Esmeralda County, Nevada	42	Wholesale trade	42	1.0		
12	32009	32	9	Esmeralda County, Nevada	54	Professional, scientific, and technical services	54	1.0		
13	32009	32	9	Esmeralda County, Nevada	72	Accommodation and food services	72	1.4		
14	32009	32	9	Esmeralda County, Nevada	81	Other services (except public administration)	81	1.2		
15	32011	32	11	Eureka County, Nevada	11	Agriculture, forestry, fishing and hunting	11	1.0		
16	32011	32	11	Eureka County, Nevada	21	Mining, quarrying, and oil and gas extraction	21	7.6		
17	32011	32	11	Eureka County, Nevada	22	Utilities	22	2.0		
18	32011	32	11	Eureka County, Nevada	23	Construction	23	3.0		
19	32011	32	11	Eureka County, Nevada	42	Wholesale trade	42	1.8		
20	32011	32	11	Eureka County, Nevada	51	Information	51	1.0		
21	32011	32	11	Eureka County, Nevada	52	Finance and insurance	52	1.0		
22	32011	32	11	Eureka County, Nevada	56	Administrative and support and waste management and remediation services	56	1.8		
23	32011	32	11	Eureka County, Nevada	62	Health care and social assistance	62	2.2		
24	32011	32	11	Eureka County, Nevada	81	Other services (except public administration)	81	2.0		
25	32013	32	13	Humboldt County, Nevada	11	Agriculture, forestry, fishing and hunting	11	1.2		
26	32013	32	13	Humboldt County, Nevada	55	Management of companies and enterprises	55	1.2		
27	32013	32	13	Humboldt County, Nevada	61	Educational services	61	2.0		
28	32013	32	13	Humboldt County, Nevada	99	Industries not classified	99	1.0		
29	32015	32	15	Lander County, Nevada	11	Agriculture, forestry, fishing and hunting	11	1.0		
30	32015	32	15	Lander County, Nevada	21	Mining, quarrying, and oil and gas extraction	21	1.6		
31	32015	32	15	Lander County, Nevada	22	Utilities	22	3.0		
32	32015	32	15	Lander County, Nevada	51	Information	51	2.0		
33	32015	32	15	Lander County, Nevada	53	Real estate and rental and leasing	53	3.0		
34	32015	32	15	Lander County, Nevada	54	Professional, scientific, and technical services	54	1.6		
35	32015	32	15	Lander County, Nevada	62	Health care and social assistance	62	7.4		
36	32015	32	15	Lander County, Nevada	71	Arts, entertainment, and recreation	71	2.4		
37	32015	32	15	Lander County, Nevada	99	Industries not classified	99	1.0		
38	32017	32	17	Lincoln County, Nevada	11	Agriculture, forestry, fishing and hunting	11	1.2		
39	32017	32	17	Lincoln County, Nevada	22	Utilities	22	1.6		
40	32017	32	17	Lincoln County, Nevada	51	Information	51	2.8		
41	32017	32	17	Lincoln County, Nevada	53	Real estate and rental and leasing	53	2.0		
42	32017	32	17	Lincoln County, Nevada	61	Educational services	61	1.0		
43	32017	32	17	Lincoln County, Nevada	71	Arts, entertainment, and recreation	71	1.0		
44	32017	32	17	Lincoln County, Nevada	99	Industries not classified	99	1.0		
45	32019	32	19	Lyon County, Nevada	11	Agriculture, forestry, fishing and hunting	11	2.0		
46	32019	32	19	Lyon County, Nevada	55	Management of companies and enterprises	55	1.25		
47	32021	32	21	Mineral County, Nevada	21	Mining, quarrying, and oil and gas extraction	21	3.4		
48	32021	32	21	Mineral County, Nevada	22	Utilities	22	1.0		
49	32021	32	21	Mineral County, Nevada	51	Information	51	1.2		
50	32021	32	21	Mineral County, Nevada	52	Finance and insurance	52	1.6		
51	32021	32	21	Mineral County, Nevada	56	Administrative and support and waste management and remediation services	56	1.0		
52	32021	32	21	Mineral County, Nevada	61	Educational services	61	1.0		
53	32021	32	21	Mineral County, Nevada	71	Arts, entertainment, and recreation	71	1.0		
54	32023	32	23	Nye County, Nevada	22	Utilities	22	8.0		
55	32023	32	23	Nye County, Nevada	55	Management of companies and enterprises	55	1.0		
56	32023	32	23	Nye County, Nevada	61	Educational services	61	3.4		
57	32023	32	23	Nye County, Nevada	99	Industries not classified	99	1.0		
58	32027	32	27	Pershing County, Nevada	22	Utilities	22	1.0		
59	32027	32	27	Pershing County, Nevada	23	Construction	23	1.4		
60	32027	32	27	Pershing County, Nevada	42	Wholesale trade	42	1.6		
61	32027	32	27	Pershing County, Nevada	51	Information	51	1.25		
62	32027	32	27	Pershing County, Nevada	53	Real estate and rental and leasing	53	1.4		
63	32027	32	27	Pershing County, Nevada	56	Administrative and support and waste management and remediation services	56	1.0		
64	32027	32	27	Pershing County, Nevada	61	Educational services	61	1.2		
65	32027	32	27	Pershing County, Nevada	62	Health care and social assistance	62	6.0		
66	32027	32	27	Pershing County, Nevada	71	Arts, entertainment, and recreation	71	1.3333333333333333		
67	32029	32	29	Storey County, Nevada	21	Mining, quarrying, and oil and gas extraction	21	1.0		
68	32029	32	29	Storey County, Nevada	51	Information	51	1.6		
69	32029	32	29	Storey County, Nevada	52	Finance and insurance	52	1.0		
70	32029	32	29	Storey County, Nevada	53	Real estate and rental and leasing	53	1.8		
71	32029	32	29	Storey County, Nevada	56	Administrative and support and waste management and remediation services	56	1.0		
72	32029	32	29	Storey County, Nevada	62	Health care and social assistance	62	1.0		
73	32033	32	33	White Pine County, Nevada	11	Agriculture, forestry, fishing and hunting	11	1.8		
74	32033	32	33	White Pine County, Nevada	22	Utilities	22	2.0		
75	32033	32	33	White Pine County, Nevada	61	Educational services	61	1.0		
76	32510	32	510	Carson City, Nevada	21	Mining, quarrying, and oil and gas extraction	21	4.25		
