"city","facebook","name","state","street","tags","twitter","type","website","x","y","zip"
"Wye Mills","","A. H. Herb'n Craft Farm","Maryland","13433 Ocean Gateway (US Route 50)","bedding plants eggs herbs fresh-fruits fresh-vegetables honey nursery-stock nuts poultry fowl soap body-care wild-harvested forest-products","","farm","","-76.062360","38.936137","21679"
"Accokeek","www.facebook.com/accokeekfoundation","Accokeek Foundation - Ecosystem Farm Market","Maryland","3400 Bryan Point Road","eggs herbs fresh-fruits fresh-vegetables honey","twitter.com/Accokeek","farm","www.accokeekfoundation.org","-77.060180","38.691496","20607"
"Westminster","baughers","Baugher's Orchard & Farm","Maryland","1015 Baugher Road","baked-goods bedding plants canned preserved crafts woodworking dairy products eggs fresh-fruits fresh-vegetables honey juices ciders maple-products","","farm","www.baughers.com","-77.0502021","39.6020820","21158"
"Germantown","https://www.facebook.com/ButlersOrchard1","Butler's Orchard","Maryland","22222 Davis Mill Road","baked-goods bedding plants canned preserved coffee tea dairy products eggs herbs fresh-fruits fresh-vegetables honey maple-products nursery-stock nuts prepared foods soap body-care","https://twitter.com/ButlersOrchard","farm","http://www.butlersorchard.com/","-77.223226","39.221380","20876"
"Upper Marlboro","www.facebook.com/cabincreekheritagefarm","Cabin Creek Heritage Farm","Maryland","18235 Clagett Landing Road","baked-goods canned preserved cut-flowers eggs herbs fresh-fruits fresh-vegetables poultry fowl prepared foods red-meat non-poultry-meat soap body-care","twitter.com   @PasturedFarmer","farm","www.cabincreekheritagefarm.com","-76.687062","38.873444","20774"
"Davidsonville","","Chase's Produce","Maryland","2857  Davidsonville Rd","fresh-fruits fresh-vegetables","","farm","","0.437050","0.289763","21035"
"Clarksburg","https://www.facebook.com/Citizens-of-Earth-466859626793595/","Citizens of Earth","Maryland","12600 Piedmont Road ","fresh-fruits fresh-vegetables","","farm","thecitizensofearth.org ","-77.2609970","39.2434310","20871"
"Ellicott CIty","https://www.facebook.com/ClarksProduce","Clark's Elioak Farm","Maryland","10500 Clarksville Pike","eggs fresh-vegetables poultry fowl","","farm","http://clarklandfarm.com/","-76.876279","39.235883","21042"
"Williamsport ","","Columbine Manor","Maryland","16290 Spielman Road","nuts","","farm","cm-longhornbeef.com","-77.8089000","39.5638270","21795"
"WESTMINSTER","https://www.facebook.com/cultivale","Cultivale Farm","Maryland","717 MULLER RD","eggs red-meat non-poultry-meat","","farm","www.cultivale.com","-77.022237","39.475424","21157"
"Westminster","www.facebook/evermorefarm","Evermore Farm","Maryland","150 Rockland Road","eggs poultry fowl red-meat non-poultry-meat","https://www.twitter.com/evermorefarm","farm","www.evermorefarm.com","-77.048689","39.579598","21158"
"Mt. Airy","www.facebook.com/gaverfarm","Gaver Farm, LLC","Maryland","5501 Detrick Road","baked-goods canned preserved crafts woodworking fresh-fruits fresh-vegetables honey soap body-care","","farm","www.gaverfarm.com","-77.240356","39.382212","21771"
"Tyaskin","https://www.facebook.com/habanerafarm","Habanera Farm, LLC","Maryland","2916 Whitehaven Road","coffee tea","","farm","http://www.habanerafarm.com/","-75.7951050","38.2744420","21865"
"Clarksburg","www.facebook.com/HiltonsFarmandGarden","Hilton's Farm & Garden","Maryland","24801 Burnt Hill Road","baked-goods bedding plants crafts woodworking cut-flowers eggs herbs fresh-vegetables soap body-care","","farm","","-77.257396","39.264681","20871"
"Dickerson","","Jehovah Jireh Farm","Maryland","7033 Ed Sears Rd","eggs honey pet-food poultry fowl red-meat non-poultry-meat soap body-care","","farm","www.Jehovahjirehfarm.com","-77.418607","39.260721","20842"
"Middletown","www.facebook.com/smcdairy","Karen's Kountry Store","Maryland","8305 Bolivar Road","canned preserved coffee tea dairy products eggs fish seafood herbs fresh-vegetables honey juices ciders maple-products poultry fowl red-meat non-poultry-meat","www.twitter.com/southmtcreamery","farm","www.southmountaincreamery.com","-77.6029605","39.4585804","21769"
"Adamstown","","Nick's Organic Farm-Buckeystown","Maryland","2733 Buckeystown Pike","eggs grains flour poultry fowl red-meat non-poultry-meat","","farm","www.nicksorganicfarm.com","-77.442373","39.310287","21710"
"Potomac","","Nick's Organic Farm-Potomac","Maryland","8565 Horseshoe Lane","eggs grains flour poultry fowl red-meat non-poultry-meat","","farm","www.nicksorganicfarm.com","-77.2178494","38.9966381","20854"
"Hurlock","Pop's Old Place","Pop's Old Place","Maryland","4657 Skinners Run Road","poultry fowl red-meat non-poultry-meat","","farm","www.PopsOldPlace.com","-75.8577030","38.6853330","21643"
"Mount Airy","https://www.facebook.com/rockhillorchard/?fref=ts","Rock Hill Orchard","Maryland","28600 Ridge Rd","baked-goods bedding plants canned preserved cut-flowers dairy products eggs herbs fresh-fruits fresh-vegetables honey juices ciders maple-products poultry fowl red-meat non-poultry-meat","@rockhillorchard","farm","http://www.rockhillorchard.com","-77.194802","39.327127","21771"
"White Hall","https://www.facebook.com/shaworchards","Shaw Orchards","Maryland","5594 Norrisville Rd","baked-goods canned preserved crafts woodworking cut-flowers fresh-fruits fresh-vegetables honey juices ciders maple-products nuts","","farm","www.shaworchards.com","-76.547311","39.721081","21161"
"Pocomoke City","Shi-Mar Farms","Shimar Farms","Maryland","3017 Klej Grange Rd","grains flour red-meat non-poultry-meat","","farm","","-75.456314","38.097410","21851"
"Chestertown","https://www.facebook.com/tag.alpacas","Tag Along Alpacas, LLC","Maryland","8139 Broadneck Road","","","farm","www.tagalongalpacas.com","-76.125663","39.200861","21620"
"Westminster","https://www.facebook.com/thornefarm","Thorne Farm","Maryland","1130 Martin Drive","bedding plants eggs","","farm","http://www.thornefarm.com","-76.956602","39.598136","21157"
"Church Hill","https://www.facebook.com/unitychurchhill.nursery","Unity Church Hill","Maryland","3621 Church Hill Road, Church Hill, MD 21623","canned preserved cut-flowers herbs fresh-fruits fresh-vegetables honey maple-products nursery-stock soap body-care","","farm","http://unitynursery.com/","-76.0071553","39.1262217","21623"
"mount airy","","Wagon Wheel Ranch","Maryland","661 west watersville rd","eggs pet-food poultry fowl red-meat non-poultry-meat","","farm","www.wagonwheelranch.org","-77.1138157","39.3590151","21771"
"Baltimore","","Whitelock Community Farm ","Maryland","930 Whitelock Street","fresh-vegetables","","farm","www.whitelockfarm.org","-76.634006","39.314492","21217"
"Emmitsburg","","Whitmore Farm","Maryland","10720 Dern Road","eggs fresh-vegetables pet-food poultry fowl red-meat non-poultry-meat","","farm","www.whitmorefarm.com","-77.2919250","39.6551050","21727"
"Severn","https://www.facebook.com/pages/Willow-Oak-flower-and-Herb-Farm/240128883193?v=info","Willow Oak Flower & Herb Farm","Maryland","8109 Telegraph Rd","bedding plants coffee tea crafts woodworking cut-flowers eggs herbs fresh-fruits fresh-vegetables honey nursery-stock soap body-care wild-harvested forest-products","","farm","www.willowoakherbs.com","-76.691217","39.112864","21144"
"Baltimore","https://www.facebook.com/pages/Baltimores-32nd-Street-Farmers-Market/194872083921466?sk=wall","32nd Street/Waverly Farmers Market","Maryland","E. 32nd & Barclay Street","organic baked goods cheese flowers eggs herbs vegetables honey jams meat nuts plants poultry prepared fruits","","market","http://www.32ndstreetmarket.org","-76.611","39.3272","21218"
"Annapolis","","AAMC Farmers's Market","Maryland","2001 Medical Parkway, Sajak Pavilion","","","market","","-76.6123","39.006","21401"
"Berlin","","AGH Wellness Committee Farmer's Market","Maryland","9733 Healthway Drive","","","market","","-75.2113","38.3388","21811"
"Annapolis","Anne Arundel County Farmers Market, INC","Anne Arundel County Farmers' Market  (Riva)","Maryland","Riva Road & Harry S Truman pkwy","organic baked goods cheese crafts flowers eggs seafood herbs vegetables honey jams meat nuts plants poultry prepared soap trees wine coffee fruits juices mushrooms pet food wild","","market","http://www.aacofarmersmarket.com/","-76.5556","38.9763","21401"
"Lutherville=Timonium","","Baltimore County Farmers' Market","Maryland","2200 York Road","vegetables","","market","http://www.baltimorecountyfarmersmarket.com","-76.6264","39.4398","21093"
"Baltimore","","Baltimore Farmers' Market","Maryland","400 unit block of Saratoga Street","organic baked goods cheese crafts flowers eggs seafood herbs vegetables honey jams maple meat nursery nuts plants poultry prepared soap trees","","market","http://www.promotionandarts.org","-76.6214780","39.2929004","21210"
"Crisfield ","Bayside Harvest Market","Bayside Harvest Market","Maryland","930 Main Street","baked goods eggs seafood herbs vegetables honey jams plants fruits","","market","http://somosinc.org","-75.8616660","37.9791310","21817"
"Bel Air","BelAir Farmers Market","Bel Air Farmers' Market","Maryland","2 South Bond Street","organic baked goods cheese crafts flowers eggs herbs vegetables honey jams maple meat plants poultry prepared soap trees wine coffee fruits mushrooms pet food","@belairfm","market","http://www.BelAirFarmersMarket.com","-76.351011","39.535284","21014"
"Berlin","","Berlin  Farmers' Market","Maryland","N. Main & West St.- Downtown Historic Berlin","baked goods flowers vegetables jams plants","","market","http://www.berlinchamber.org/event-farmers-market","-76.8194","39.0641","21811"
"Bethesda","https://www.facebook.com/pages/Bethesda-Farm-Womens-Market/697706890333533","Bethesda - Farm Women's Market","Maryland","7155 Wisconsin Avenue","baked goods cheese crafts flowers eggs seafood herbs vegetables honey jams maple meat plants poultry prepared soap wine coffee fruits grains juices mushrooms wild","https://twitter.com/BethFWM","market","http://www.farmwomensmarket.com","-77.09232","38.98105","20814"
"Bethesda ","www.facebook.com/CentralFarmMarkets","Bethesda Central Farm Market","Maryland","7600 Arlington Road","organic baked goods cheese crafts flowers eggs seafood herbs vegetables honey jams meat nuts plants poultry prepared soap wine coffee fruits juices mushrooms pet food wild","@CentralFarmMKTs","market","http://www.centralfarmmarkets.com","-77.099203","38.987028","20814"
"Baltimore","https://www.facebook.com/BaltimoreMuseumofIndustry/","BMI Farmers' Market","Maryland","1415 Key Highway","baked goods cheese crafts flowers eggs seafood vegetables jams meat poultry prepared soap wine coffee fruits","https://twitter.com/BMIatWork","market","http://www.thebmi.org/programs-events/bmi-farmers-market/","-76.601326","39.273864","21230"
"Hydes","","Boordy Vineyards-Good Life Thursdays","Maryland","12820 Long Green Pike","baked goods vegetables jams plants","","market","http://www.boordy.com","-76.4881","39.4754","21082"
"Bowie","https://www.facebook.com/BowieFarmersMarket/","Bowie Farmers' Market","Maryland","15200 Annapolis Road ","baked goods crafts flowers eggs herbs vegetables honey jams maple meat plants poultry prepared soap coffee fruits pet food","","market","http://www.cityofbowie.org/103/Farmers-Market","-76.741902","38.978320","20715"
"Temple Hills","","Branch Avenue in Bloom Farmers' Market","Maryland","3737 Branch Ave. (Iverson Mall)","","","market","","-76.9461","38.8388",""
"Silver Spring","https://www.facebook.com/bcgfarmersmarket","Briggs Chaney-Greencastle Farmers and Artisans Market","Maryland","3300 Briggs Chaney Road","","","market","http://www.whiteoakmarket.org/","-76.9436","39.0781","20904"
"Brunswick ","Brunswick Farmer's Market","Brunswick Farmer's Market","Maryland","1 E. Potomac Street ","organic baked goods cheese crafts eggs herbs vegetables honey jams meat plants poultry prepared soap coffee fruits wild","","market","http://www.brunswickfoodforest.org","-77.6269237","39.3129182","21716"
"California","https://www.facebook.com/CaliforniaBAEFarmersMarket","California Farmers Market","Maryland","22810 Three Notch Road","organic baked goods crafts flowers eggs herbs vegetables honey jams meat plants poultry prepared wine fruits","","market","https://www.visitstmarysmd.com/food-drink/detail/california-farmers-market","-76.499596","38.294524","20619"
"Barstow","https://www.facebook.com/#!/pages/Calvert-County-Farmers-Market-Association/593391767347027","Calvert County Farmers Market - Barstow","Maryland","130 Calvert Fair Drive","baked goods crafts flowers eggs seafood herbs vegetables honey jams meat plants trees fruits","","market","http://www.calvertag.com","-76.617912","38.522728","20610"
"Prince Frederick","https://www.facebook.com/#!/pages/Calvert-County-Farmers-Market-Association/593391767347027","Calvert County Farmers Market - Prince Frederick","Maryland","130 Hospital Road, Parking Lot adjacent to Route 4","baked goods eggs seafood herbs vegetables honey jams meat plants poultry trees fruits","","market","http://www.calvertag.com","-76.597676","38.558772","20678"
"Solomons","https://www.facebook.com/#!/pages/Calvert-County-Farmers-Market-Association/593391767347027","Calvert County Farmers Market - Solomons","Maryland","Near 14550 Solomons Island Rd.","baked goods eggs seafood herbs vegetables honey jams meat plants poultry wine fruits","","market","http://www.calvertag.com","-76.461245","38.324634","20688"
"Cambridge","https://www.facebook.com/pages/Cambridge-Farmers-Market/349629905059203?fref=ts","Cambridge Main Street Farmers' Market","Maryland","Long Wharf Park","organic baked goods crafts flowers eggs herbs vegetables jams meat plants poultry prepared soap wine beans fruits mushrooms pet food","","market","http://www.cambridgemainstreet.com/index.php?page=main-street-farmers-market","-76.072147","38.574894","21613"
"Salisbury","https://www.facebook.com/CamdenAvenueFarmersMarket","Camden Avenue Farmers Market","Maryland","1401 Camden Avenue","baked goods cheese flowers eggs seafood herbs vegetables honey jams meat nuts plants poultry soap coffee fruits juices mushrooms","","market","http://CamdenAveFarmersMarket.com","-75.610099","38.340529","21801"
"Westminster","https://www.facebook.com/pages/Carroll-County-Farmers-Market/192497340781195?ref=br_tf","Carroll County Farmer's Market","Maryland","700 Agricultural Center Drive","baked goods crafts flowers eggs herbs vegetables honey jams meat nuts plants prepared soap trees fruits pet food","","market","http://www.carrollcountyfarmersmarket.com","-77.000170","39.555942","21157"
"Catonsville ","https://www.facebook.com/catonsvillefarmersmarket","Catonsville Farmers Market","Maryland","5820 Edmondson Ave","baked goods cheese flowers eggs herbs vegetables honey jams maple meat plants poultry prepared soap wine coffee fruits mushrooms","","market","http://www.catonsvillefarmersmarket.com","-76.716714","39.280704","21228"
"Catonsville","http://www.facebook.com/pages/Lapeer-Farmers-Market/401206524993","Catonsville Sunday Farmers Market","Maryland","730 Frederick Road","baked goods cheese eggs herbs vegetables meat nursery plants poultry prepared","","market","","-76.732893","39.272265","21228"
"North East ","","Cecil County Farmers' Market - North East","Maryland","308 South Main Street","baked goods flowers eggs herbs vegetables honey jams soap fruits","","market","","-75.941717","39.596555","21901"
"","https://www.facebook.com/rffpage","Center for Design Practice - Mobile Farmers Market","Maryland","","","","market","http://www.realfoodfarm.org/get-food/mobilemarket/","","",""
"Centreville","https://www.facebook.com/centrevillemarket","Centreville Farmers' Market","Maryland","101 Lawyers Row","organic baked goods cheese crafts eggs herbs vegetables honey jams plants poultry trees wine fruits mushrooms pet food","","market","","-76.065130","39.044786","21617"
"Baltimore","","Charles Street Farmers' Market","Maryland","Lanvale Ave at the 1700 Block of Charles Street","vegetables","","market","http://www.charlesstreetfridaymarket.com","-76.6164","39.3088","21201"
"Chestertown","https://www.facebook.com/ChestertownFarmersMarketMD","Chestertown Farmers' Market","Maryland","Park Row at the Fountain Park","organic baked goods cheese flowers eggs herbs vegetables honey jams meat plants poultry soap trees wine fruits mushrooms pet food wild","","market","http://www.chestertown.com/market/index.php","-76.0666","39.2095","21620"
"Cheverly","https://www.facebook.com/pages/Cheverly-Community-Market/341178705916835","Cheverly Community Market","Maryland","6401 Forest Road","baked goods crafts eggs seafood herbs vegetables honey jams meat plants poultry prepared soap trees wine fruits","https://twitter.com/cheverlymarket","market","http://www.cheverlycommunitymarket.com","-76.90633","38.92414","20785"
"LaPlata","","Civista Medical Center Farmer's Market","Maryland","Civista Medical Center Main Entrance parking lot","","","market","","-77.0139","38.4736","20646"
"CLARKSBURG","","Clarksburg Town Center Farmers' Market","Maryland","","baked goods crafts flowers herbs vegetables honey nursery prepared","","market","http://WWW.CLARKSBURGFARMERSMARKET.COM","-77.278454","39.242225","20871"
"Woodlawn","","CMS Farmers Market","Maryland","7500 Security Blvd.","baked goods flowers herbs vegetables honey jams nuts prepared fruits","","market","","-76.764414","39.316055","21244"
"College Park","","College Park City Hall Farmers' Market","Maryland","4500 Knox Road","baked goods cheese flowers eggs herbs vegetables honey jams nursery nuts prepared","","market","","-76.93738","38.98095","20140"
"College Park","","College Park Farmer's Market","Maryland","5211 Paint Branch Parkway","baked goods cheese crafts flowers eggs herbs vegetables honey jams nursery nuts prepared","","market","","-76.92268","38.97583","20740"
"Sykesville","","Copper Ridge & Fairhaven Farmers' Market","Maryland","710 Obrecht Road","baked goods flowers vegetables jams plants","","market","","-76.9756","39.3782","21784"
"Crofton","https://www.facebook.com/croftonfarmersmarket/","Crofton Farmers Market","Maryland","1691 Crofton Pkwy","organic baked goods crafts flowers eggs seafood herbs vegetables honey jams meat nuts plants poultry prepared soap wine coffee fruits juices mushrooms pet food","https://twitter.com/croftonfarmmkt","market","http://www.croftonfarmersmarket.com","-76.696765","39.004666","21114"
"Takoma Park","https://www.facebook.com/CrossroadsFarmersMarket/","Crossroads Farmers Market","Maryland","Anne St. at University Blvd. E","organic baked goods crafts flowers eggs herbs vegetables honey jams meat plants prepared coffee fruits grains juices","@CrossroadsNtwk","market","https://www.crossroadscommunityfoodnetwork.org/farmers-market/","-76.990169","38.990479","20912"
"Deale","","Deale Farmers' Market","Maryland","5965 Deale Churchton Road","baked goods flowers eggs herbs vegetables jams meat poultry fruits","","market","","-76.552691","38.781120","20751"
"Denton","","Denton Main Street Farmers' Market","Maryland","4th and Gay Streets","flowers vegetables","","market","http://www.downtowndenton.com","-75.830512","38.886540","21629"
"Denton","","Denton St. Luke's Farmers' Market","Maryland","100 S. Fifth Avenue","baked goods vegetables","","market","","-75.8304","38.8843","21629"
"Rockville","https://www.facebook.com/MilkladyFarmersMarkets","Derwood Farmers Market","Maryland","16501 Redland Road","organic baked goods cheese crafts flowers eggs herbs vegetables honey jams meat plants poultry prepared coffee fruits juices pet food tofu","https://twitter.com/milkladymarkets","market","http://DerwoodMarket.org","-3.460693","1.708121","20855"
"Cumberland","","Downtown Cumberland","Maryland","100 Baltimore Street","vegetables","","market","","-76.8194","39.0641","21502"
"Westminster","","Downtown Westminster Farmers' Market","Maryland","Railroad Ave. (MD27) & Emerald Hill Lane","vegetables","","market","http://www.westminsterfarmfresh.com","-76.8194","39.0641","21157"
"Baltimore","https://www.facebook.com/Druid-Hill-Farmers-Market-196200720417576/","Druid Hill Farmers' Market","Maryland","3100 Swann Drive","organic baked goods crafts eggs herbs vegetables honey jams nuts plants prepared soap wine fruits juices","https://twitter.com/DruidHillMkt","market","http://www.druidhillmkt.org","-76.645847","39.317944","21217"
"Dundalk","","Dundalk Farmers' Market","Maryland","","vegetables","","market","","-76.5205","39.2507","21222"
"Grasonville","https://www.facebook.com/EmersonFarmersMarket","Eastern Shore Farmers' Market ","Maryland","5400 Main Street","","","market","","-76.189","38.9606","21638"
"Easton","","Easton Farmers' Market","Maryland","Town Parking lot off Harrison Street","vegetables","","market","http://www.theavalonfoundation.com/farmersmarket.html","-76.8194","39.0641","21601"
"Baltimore","","Eastpoint Farmers' Market","Maryland","7839 Eastern Avenue","baked goods eggs herbs vegetables honey plants poultry fruits","","market","","-76.815535","39.065864","21224"
"Edgewood","","Edgewood Farmer's Market","Maryland","Edgewood MARC Train Station","baked goods eggs vegetables plants poultry soap fruits","","market","","-76.2921390","39.4159670","21040"
"Edgewood","","Edgewood Farmers' Market","Maryland","2122 Old Edgewood Road","baked goods eggs vegetables plants soap fruits","","market","","-76.292095","39.416114","21040"
"Emmitsburg","n/a","Emmitsburg Farmers' Market","Maryland","302 South Seton Ave.","baked goods crafts eggs herbs vegetables honey jams soap fruits","n/a","market","http://www.emmitsburg.net/towngov/misc/farmers_market.htm","-77.329015","39.700163","21727"
"Frederick","https://www.facebook.com/WestFrederickFarmersMarket","Everedy Square/Shab Row Farmers' Market","Maryland","East and East Church Streets","baked goods crafts flowers eggs herbs vegetables honey jams meat plants poultry prepared soap trees fruits juices","","market","http://www.FrederickFarmFresh.com","-77.40525","39.415","21701"
"Charlotte Hall","Farmers Market and Auction","Farmers Market and Auction in Charlotte Hall Maryland","Maryland","29890 Three Notch Road","baked goods crafts flowers seafood vegetables honey jams prepared soap fruits","","market","http://www.Farmers-Market-and-Auction.com","-76.7737770","38.4893090","20622"
"Nottingham","","Farmers' Market at The Avenue ( White Marsh)","Maryland","8125 Honeygo Blvd.","baked goods eggs vegetables honey nursery plants","","market","http://www.theavenueatwhitemarsh.com","-76.467698","39.370452","21236"
"Frederick","","Farmers' Market at the NCI-Frederick","Maryland","Building 549, Sultan Street, Frederick National Laboratory for Cancer Research","baked goods crafts flowers eggs herbs vegetables honey jams meat poultry prepared fruits","","market","http://www.ncifrederick.cancer.gov/Programs/General/FarmersMarket/Default.aspx","-77.433186","39.435911","21702"
"Baltimore","https://www.facebook.com/FederalHillFarmersMarketBaltimore/info/?tab=overview","Federal Hill Farmers Market at Light Street Church","Maryland","809 Light Street","baked goods cheese eggs vegetables jams poultry prepared soap coffee fruits juices","","market","http://www.lightstreetchurch.org/2015/09/21/farmers-market/","-76.6123931","39.2795178","21230"
"Baltimore","","Fells Point Farmers' Market","Maryland","700 S Broadway","vegetables","","market","","-76.5936","39.2835","02011"
"Frederick","https://www.facebook.com/#!/thefrederickcitymarket","Frederick City Market","Maryland","331 North Market Street","organic baked goods cheese crafts eggs herbs vegetables honey jams meat plants poultry prepared soap wine coffee fruits juices","","market","","-77.410755","39.418699","21701"
"Fort Washington","https://www.Facebook.com/FreedomFarmersMarket","Freedom Farmers Market","Maryland","10905 Livingston Road","crafts flowers eggs vegetables plants soap trees fruits","","market","http://www.FreedomManor.com","-76.999859","38.742988","20744"
"Baltimore","","Fresh Friday Farmers Market sponsored by Kaiser Permanente","Maryland","10 Hopkins Plaza","","","market","http://www.kp.org","-76.8194","39.0641","21201"
"Silver Spring ","https://www.facebook.com/freshfarmmarkets/","FRESHFARM Silver Spring Market","Maryland","890 Ellsworth Drive","organic baked goods cheese flowers eggs seafood herbs vegetables honey jams meat plants poultry prepared soap wine fruits juices mushrooms","https://twitter.com/FRESHFARMSlvrSp","market","http://freshfarm.org/silver-spring.html","-77.0254868","38.9968015","20910"
"Frostburg ","https://www.facebook.com/Alleganyfarmersmarkets/?fref=ts","Frostburg Farmers' Market","Maryland","14 S. Water Street","organic baked goods cheese flowers eggs herbs vegetables honey maple meat plants poultry soap coffee fruits mushrooms","","market","http://alleganymountainfresh.weebly.com/","-78.9292556","39.6574721","21532"
"Gaithersburg","www.facebook.com/GaithersburgMarkets","Fulks Corner Farmers Market","Maryland","Rt. 355 & Fulks Corner Avenue","baked goods flowers eggs herbs vegetables honey jams plants soap fruits juices","","market","http://gaithersburgmd.gov/leisure/markets/farmers-markets","-77.196000","39.140428","20877"
"Glenn Dale ","https://www.facebook.com/GlennDaleFarmersMarket","Glenn Dale Farmers' Market","Maryland","Glenn Dale Community Center, 11901 Glenn Dale Blvd","organic baked goods cheese crafts flowers eggs herbs vegetables honey jams meat plants poultry prepared soap trees coffee beans fruits tofu wild","","market","http://www.glenndalefarmersmarket.com","-76.800750","38.974993","20769"
"Baltimore","","Go Life / Cylburn Farmers' Market","Maryland","2605 Bannister Road","vegetables","","market","","-76.6598","39.3469","21215"
"Baltimore","https://www.facebook.com/govansmarket","Govanstowne Farmers' Market","Maryland","5104 York Road","organic baked goods cheese crafts flowers eggs seafood herbs vegetables honey jams meat nuts plants poultry prepared soap fruits juices wild","https://twitter.com/govansmarket","market","http://www.govansmarket.org","-76.610198","39.351747","21212"
"Frederick","","Grace Community Farmers Market","Maryland","5102 Old National Pike","baked goods cheese crafts eggs herbs vegetables jams meat nursery plants poultry soap","","market","","-77.49185","39.42366","21702"
"Frederick","","Great Frederick Farmers' Market","Maryland","797 E. Patrick St.","baked goods cheese crafts eggs seafood herbs vegetables honey meat nursery prepared wine","","market","http://www.thegreatfrederickfair.com","-77.393392","39.410493","21701"
"Baltimore","","Green Spring Station Farmers Market","Maryland","10751 Falls Road","baked goods flowers eggs herbs vegetables honey jams meat plants poultry prepared fruits","","market","","-76.6688526","39.4208286","21212"
"Baltimore","","Green Spring Station Winter Farmers Market","Maryland","Falls Rd. & Joppa Road","baked goods eggs honey jams meat plants poultry prepared soap","","market","http://www.greenspringstation.com","-76.668713","39.420282","21093"
"Greenbelt","https://www.facebook.com/GreenbeltFarmersMarket/","Greenbelt Farmers Market","Maryland","25 Crescent Road","organic baked goods cheese flowers eggs seafood herbs vegetables honey jams meat nuts plants poultry prepared soap wine coffee fruits juices mushrooms","https://twitter.com/greenbeltfm","market","https://greenbeltfarmersmarket.org","-76.877296","39.001146","20770"
"Lothian","https://www.facebook.com/Greenstreet-Gardens-137326622784/","Greenstreet Gardens Farmers Market","Maryland","391 West Bay Front Road","baked goods crafts eggs seafood herbs vegetables honey meat plants poultry soap trees wine coffee fruits","","market","http://greenstreetgardens.com/farmers-market2016/","-76.6280317","38.7804313","20711"
"Hampstead","hampstead farmers market","Hampstead Farmers' Market","Maryland","1341 N. Main Street","baked goods cheese crafts flowers eggs herbs vegetables jams meat nuts plants poultry prepared soap trees wine coffee fruits juices","","market","http://www.hampsteadfarmersmarket.com","-76.851717","39.610329","21074"
"Parkton","@herefordfarmmarket","Hereford Farm Market","Maryland","17004 York Rd ","organic baked goods cheese crafts flowers eggs herbs vegetables honey jams meat plants poultry prepared soap coffee fruits mushrooms wild","","market","","-76.644722","39.4668834",""
"Baltimore","","Highlandtown Farmers' Market","Maryland","400 block of South Conkling Street","baked goods crafts vegetables jams meat prepared soap","","market","http://www.highlandtownmarket.blogspot.com/","-76.5672","39.2869","21224"
"Hagerstown","https://www.facebook.com/historiccityfarmersmarket","Historic City Farmers' Market","Maryland","25 W. Church St.","baked goods cheese flowers eggs herbs vegetables honey jams maple meat plants poultry prepared soap trees fruits","","market","http://www.hagerstownmarket.org","-77.719662","39.644619","21740"
"Silver Spring","","Holy Cross Hospital Farmers Market","Maryland","1500 Forest Glen Road","","","market","","-77.0359","39.0158","20910"
"Lexington Park ","https://www.facebook.com/homegrownfarmmarket","Home Grown Farm Market","Maryland","21078 Three Notch Road","organic baked goods cheese crafts flowers eggs herbs vegetables honey jams meat plants poultry soap wine coffee fruits","","market","http://homegrownfarmmarket.webs.com","-76.420927","38.247929","20653"
"Ellicott City","","Howard County Farmers Market - Miller Library Branch","Maryland","9421 Frederick Rd.","baked goods cheese flowers eggs herbs vegetables honey jams meat nursery plants poultry soap","","market","http://www.HowardCountyFarmersMarkets.com","-76.8381320","39.2726050","21042"
"Columbia","","Howard County Farmers' Market  - Oakland Mills Village Center","Maryland","5851 Robert Oliver Place","baked goods cheese flowers eggs herbs vegetables honey jams meat nursery plants poultry soap","","market","","-76.84724","39.2107","21045"
"Columbia","","Howard County Farmers' Market - East Columbia Library Branch","Maryland","6600 Cradlerock Way","baked goods cheese flowers eggs herbs vegetables honey jams maple meat nursery plants soap","","market","","-76.84677","39.19042","21045"
"Columbia","","Howard County Farmers' Market at Howard County General Hospital","Maryland","Cedar Lane","baked goods cheese flowers eggs herbs vegetables honey jams meat nursery plants poultry soap","","market","http://www.HowardCountyFarmersMarkets.com","-76.885843","39.213303","21046"
"Glenwood","","Howard County Farmers' Market-Glenwood Library Branch","Maryland","2350 Route 97","organic baked goods cheese flowers eggs herbs vegetables honey jams maple meat nursery plants poultry soap","","market","http://www.HowardCountyFarmersMarket.com","-77.026863","39.299768","21790"
"Baltimore","","Howard Park Community Farmers Market","Maryland","3500 Block Woodbine Avenue","baked goods cheese crafts eggs seafood vegetables honey jams plants prepared soap coffee fruits","","market","http://howardparkca.org","-76.6970067","39.3305823","21207"
"Hyattsville","www.facebook.com/hyattsville-farmers-market","Hyattsville Farmers Market","Maryland","4310 Gallatin Street","baked goods cheese eggs herbs vegetables honey jams meat poultry soap coffee fruits mushrooms wild","","market","http://www.hyattsville.org/farmersmarket","-76.941854","38.952822","20781"
"Baltimore","","Johns Hopkins Hospital Farmers' Market","Maryland","1900 McElderry Street","vegetables","","market","","-76.5908","39.2974","21205"
"Towson","https://www.facebook.com/pages/Kenilworth-Farmers-Market/115513791856597","Kenilworth Farmers Market","Maryland","800 Kenilworth Drive","organic baked goods cheese flowers eggs herbs vegetables honey jams maple meat plants poultry wine fruits","","market","http://kenilworthmarket.wordpress.com/","-76.619285","39.410824","21209"
"Kensington","","Kensington Farmers Market","Maryland","Howard Ave Train Station Parking Lot","baked goods cheese flowers eggs seafood herbs vegetables honey jams meat plants poultry prepared soap wine coffee fruits","","market","http://www.tok.md.gov","-77.072332","39.026769","20895"
"Stevensville","https://www.facebook.com/Kentislandfarmersmarket","Kent Island Farmer's Market","Maryland","830 Romancoke Rd","organic baked goods cheese flowers eggs seafood herbs vegetables honey jams maple meat nuts plants poultry prepared trees wine coffee fruits mushrooms pet food tofu","","market","http://www.kentislandfarmersmarket.com","-76.339118","38.960001","21666"
"La Plata","https://www.facebook.com/LaPlataFarmersMarket/","La Plata Farmers Market - Saturday","Maryland","209 Washington Ave","baked goods crafts flowers eggs seafood herbs vegetables honey jams maple meat plants poultry prepared soap trees wine coffee beans fruits juices","","market","https://townoflaplata.org/farmersmarket","-76.978699","38.531647","20646"
"Laurel","","Laurel Farmers' Market","Maryland","300 Main Street","vegetables","","market","","-76.8439","39.1041","20707"
"LaVale","","LaVale Farmers' Market","Maryland","1262 Vocke Road","vegetables","","market","","-78.835","39.6314","21502"
"Gaithersburg","www.facebook.com/GaithersburgMarkets","Main Street Farmers & Artists Market","Maryland","301 Main Street","baked goods cheese crafts flowers eggs seafood herbs vegetables honey jams meat plants poultry prepared soap wine beans fruits juices mushrooms pet food tofu wild","","market","http://gaithersburgmd.gov/leisure/markets/farmers-markets","-77.238810","39.121903","20878"
"Gaithersburg","","Main Street Farmers Market","Maryland","301 Main Street","baked goods crafts flowers eggs herbs vegetables honey jams meat nursery nuts plants prepared soap","","market","http://www.gaithersburgmd.gov/events","-77.238736","39.121704","20878"
"Hagerstown","https://www.facebook.com/historiccityfarmersmarket","Market Faire on the Square","Maryland","Public Square","baked goods cheese crafts flowers herbs vegetables honey jams maple nuts plants soap fruits","","market","http://www.hagerstownmarket.org","-77.7202753","39.6420483","21740"
"Hagerstown","","Meritus Medical Center Farmers Market","Maryland","11116 Medical Campus Rd","vegetables","","market","","-77.6822","39.6218","21742"
"Middletown","https://www.facebook.com/middletownmdfarmersmarket","Middletown Farmers' Market","Maryland","12 S Church St","organic baked goods cheese crafts flowers eggs herbs vegetables honey jams meat plants poultry prepared soap wine fruits pet food","http://www.twitter.com/mtownfarmersmkt","market","http://www.middletownmdfarmersmarket.com","-77.545310","39.441867","21769"
"Montgomery Village","","Montgomery Village Farmers Market","Maryland","9801 Centerway Road","","","market","http://www.montgomeryvillage.com","-77.2015","39.1726","20886"
"Upper Marlboro","https://www.facebook.com/montpelierfarm?ref=hl","Montpelier Farmers Market","Maryland","1720 North Crain Highway","baked goods crafts eggs herbs vegetables honey jams maple nuts poultry prepared wine fruits","","market","http://www.montpelierfarms.com","-76.722980","38.863671","20774"
"Mount Airy","https://www.facebook.com/pages/Mount-Airy-Farmers-Market/143159585754623","Mount Airy Farmers Market","Maryland","Park Ave between Veterans Lane & Cross Street","baked goods flowers eggs herbs vegetables jams plants soap fruits","","market","http://www.mountairymainstreet.org","-77.1542","39.37548","21771"
"Mount Rainier","https://www.facebook.com/pages/Mount-Rainier-Farmers-Market/115547915123338","Mount Rainier Farmers Market","Maryland","One Municipal Place","baked goods cheese flowers herbs vegetables honey meat","","market","http://www.mountrainierfarmersmarket.com","-76.9603","38.9365","20912"
"Oakland","https://www.facebook.com/mountainfreshfarmersmarket","Mountain Fresh Oakland Farmers Market","Maryland","5 Town Park Lane","baked goods cheese crafts flowers eggs herbs vegetables honey jams maple meat nuts plants poultry prepared soap trees beans fruits grains mushrooms pet food wild","","market","http://www.MountainFresh.org","-79.4096400","39.4082577","21550"
"Baltimore","","Mt. Washington Whole Foods Farmers Market","Maryland","1330 Smith Avenue","","","market","","-76.6501","39.3687","21209"
"Myersville","https://www.facebook.com/myersvillefarmersmarket","Myersville Farmers Market","Maryland","301 Main Street","baked goods cheese crafts flowers eggs herbs vegetables honey jams meat plants poultry prepared soap wine fruits wild","","market","http://www.myersvillefarmersmarket.com","-77.565240","39.505519","21773"
"North Beach","","North Beach Friday Night Farmers's Market","Maryland","5th Street","organic baked goods cheese flowers seafood herbs vegetables honey jams meat plants soap","","market","http://www.ci.north-beach.md.us","-76.539","38.7077","20714"
"Charlotte Hall","","North St. Mary's County Farmers Market","Maryland","37600 New Market Turner Road","baked goods crafts flowers eggs vegetables honey jams plants prepared soap trees wine beans fruits","","market","https://www.visitstmarysmd.com/food-drink/detail/north-st.-marys-county-farmers-market","-76.775630","38.473539","20622"
"Capitol Heights","https://www.facebook.com/oakcrestfarmersmarket","Oakcrest Farmers Market","Maryland","1300 Capitol Heights Blvd","baked goods crafts eggs vegetables prepared soap fruits juices","https://twitter.com/oakcrest_market","market","http://Foodjusticecoalition.com","-76.9185759","38.8708398","20743"
"Parsonsburg","","Ocean City Farmers Market","Maryland"," 142nd Street & Coastal Hwy.","","","market","","-75.0531","38.4477","21849"
"Ocean Pines ","https://www.facebook.com/OceanPinesFarmersArtisansMarketplace/","Ocean Pines Farmers & Artisans Market","Maryland","239 Ocean Parkway","organic baked goods cheese crafts flowers eggs seafood herbs vegetables honey jams maple meat nuts plants poultry prepared soap trees wine coffee beans fruits grains juices mushrooms pet food tofu wild","https://twitter.com/OPFarmersMkt","market","http://www.oceanpines.org/amenities/ocean-pines-farmers-and-artisans-market/","-75.1600720","38.3992566","21811"
"Olney","http://www.facebook.com/pages/Olney-Farmers-and-Artists-Market/377509385632","Olney Farmers and Artists Market","Maryland","2801 Olney-Sandy Spring Rd.","organic baked goods cheese crafts flowers eggs seafood herbs vegetables honey jams meat nuts plants prepared soap coffee beans fruits juices","https://twitter.com/OlneyFarmArtMkt","market","http://www.olneyfarmersmarket.org","-77.058622","39.150297","20830"
"Upper Marlboro","https://www.facebook.com/pages/Our-Local-Bounty-Farmers-Market/25568128778935?ref=stream&hc_location=stream","Our Local Bounty Farmers Market at St. Thomas Church","Maryland","14300 St. Thomas Church Road","organic baked goods crafts flowers eggs herbs vegetables honey jams meat nuts poultry wine fruits pet food","","market","http://www.stthomascroom.org","-76.758910","38.748198","20772"
"Owings Mills","","Owings Mills Farmers' Market","Maryland","3506 Gwynnbrook Avenue","baked goods eggs vegetables honey jams nursery plants soap trees","","market","http://www.owingsmillsfarmersmarket.com","-76.7706873","39.4459153","21117"
"Baltimore","","Park Heights Community Farmers Market","Maryland","5201 Park Heights Avenue","organic baked goods crafts flowers seafood herbs vegetables honey jams meat prepared soap","","market","http://www.phcha.org/farmersmarket.php","-76.67596","39.34907","21215"
"Perryville","","Perryville Farmers' Market","Maryland","Lower Ferry Park, Broad Street & Roundhouse Dr.","organic baked goods crafts flowers eggs herbs vegetables honey jams plants soap fruits","","market","http://www.perryvillemd.org","-76.078226","39.558494","21903"
"Baltimore","https://www.facebook.com/PigtownMarket/?fref=ts","Pigtown Community Farmers Market","Maryland","Washington Boulevard and Bayard Street","baked goods flowers herbs vegetables plants prepared coffee fruits wild","https://twitter.com/pigtown_market","market","http://www.pigtowncommunityfarmersmarket.com/","-76.6367416","39.2796022","21230"
"Rockville ","www.facebook.com/CentralFarmMarkets","Pike Central Market","Maryland","5992 Executive Blvd","organic baked goods cheese flowers eggs seafood herbs vegetables honey jams meat plants poultry prepared soap wine coffee fruits mushrooms pet food","@CentralFarmMKTs","market","http://www.centralfarmmarkets.com","-77.118914","39.047595","20852"
"Pikesville","","Pikesville Farmers Market","Maryland","1301 Reisterstown Road","","","market","http://www.pikesvillechamber.org/","-76.7236","39.3753","21208"
"Odenton","","Piney Orchard","Maryland","2400 Stream Valley Dr","organic baked goods cheese crafts eggs herbs vegetables honey jams meat plants poultry soap coffee fruits","","market","","-76.71448","39.06696","21113"
"Poolesville","","Poolesville Farmers' Market","Maryland","19701 Fisher Avenue","baked goods cheese crafts flowers herbs vegetables honey jams plants prepared soap","","market","http://www.poolesville.com","-77.411706","39.144806","20837"
"Bladensburg","https://www.facebook.com/PTFarmersMarket","Port Towns Farmers Mercado","Maryland","4521 Kenilworth Avenue","baked goods flowers eggs herbs vegetables plants prepared fruits","","market","http://www.ecoffshoots.org/food/ptfm/","-76.9310420","38.9446530","20710"
"Potomac","https://www.facebook.com/pages/Potomac-Village-Farmers-Market/296661949873?ref=br_tf","Potomac Village Farmers Market","Maryland","9908 S. Glen Rd.","organic baked goods flowers eggs seafood herbs vegetables honey jams meat plants poultry prepared coffee fruits juices","https://twitter.com/PVFM1","market","http://www.potomacvillagefarmersmarket.net","-77.204468","39.026635","20854"
"Marion Station","","Princess Anne Farmers' Market","Maryland","Manokin River Park near Somerset and Broad Streets","","","market","","-75.7708","38.0393",""
"Randallstown","","Randallstown Farmers Market","Maryland","8406 Liberty Road","flowers eggs herbs vegetables","","market","","-76.779059","39.361677","21133"
"","https://www.facebook.com/rffpage","Real Food System","Maryland","","","","market","http://www.realfoodfarm.org/get-food/mobilemarket/","","",""
"Reisterstown","","Reisterstown Farmers Market ","Maryland","360 Main Street","","","market","http://www.localharvest.org/reisterstown-farmers-market-M59115","-76.8276","39.4603",""
"Riverdale Park","https://www.facebook.com/RPFMarket","Riverdale Park Farmers Market","Maryland","4650 Queensbury Road","organic baked goods cheese crafts flowers eggs seafood herbs vegetables honey jams meat plants poultry prepared soap wine coffee fruits","https://twitter.com/rpfm","market","http://www.rpfm.org","-76.935311","38.962979","20737"
"Rockville","facebook.com/RockvilleFarmersMarket","Rockville Farmers Market","Maryland","Route 28 & Monroe Street","baked goods cheese flowers eggs herbs vegetables honey jams meat plants poultry prepared soap wine coffee fruits juices mushrooms pet food","","market","http://www.rockvillemd.gov/farmers","-77.1492295","39.0819115","20850"
"West Laurel, Maqryland","","Roots & Stems Community Farmers Market","Maryland","14501 Sweitzer Lane","baked goods vegetables honey jams prepared fruits","","market","","-76.847225","38.8294056","20707"
"Fort Washington","","Roots & Stems Community Farmers' Market","Maryland","6700 Bock Road","baked goods crafts flowers eggs vegetables plants soap fruits","","market","","-76.980076","38.799139","20744"
"Brentwood ","https://www.facebook.com/route1farmersmarketandbazaar","Route 1 Farmers Market","Maryland","4100 Rhode Island Ave","baked goods crafts honey jams plants prepared soap fruits","https://twitter.com/gatewaycdc","market","http://www.rt1farmersmarket.com","-76.9542390","38.9403420","20722"
"Salisbury","","Salisbury ""shore fresh"" farmers market ","Maryland","Market Street off Rt 13 River walk","","","market","http://www.localharvest.org/salisbury-shore-fresh-farmers-market-M17843","-75.5954","38.3656",""
"Severna Park","","Severna Park Farmers' Market","Maryland","Ritchie Hwy & Jones Station Road","vegetables","","market","","-76.5281","39.058","21146"
"Rockville","","Shady Grove Farmers' & Artisans' Market","Maryland","9601 Medical Center Drive","vegetables","","market","http://www.shadygrovemarket.wordpress.com","-77.198","39.1024","20850"
"Princess Anne","https://www.facebook.com/ShoreFresh","Shore Fresh Growers Farmers Markets","Maryland","Somerset Ave and Washington St","organic baked goods eggs herbs vegetables honey jams soap","","market","","-75.692582","38.203065","21853"
"Salisbury","https://www.facebook.com/ShoreFresh","Shore Fresh Growers Farmers Markets","Maryland","Rt 13 & Market St","organic baked goods flowers eggs seafood herbs vegetables honey jams meat nursery plants poultry soap trees","","market","","-75.596859","38.364878","21801"
"Snow Hill","","Snow Hill Farmers Market","Maryland","210 W. Green Street","baked goods eggs herbs vegetables honey jams plants fruits","","market","http://www.snowhillmd.com/index.cfm","-75.394638","38.176850","21863"
"St. Charles","https://www.facebook.com/#!/stcharlesmd","St. Charles Farmers' Market","Maryland","10400 O’Donnell Place","vegetables","","market","","-76.924","38.6002","20603"
"St. Michaels","https://www.facebook.com/loveyourfarmer/","St. Michaels Farmers Market","Maryland","204 S Talbot St","organic baked goods cheese flowers eggs seafood herbs vegetables honey jams meat plants poultry prepared wine coffee beans fruits mushrooms","","market","","-76.225202","38.785161","21663"
"Baltimore","","State Center Community Farmers' Market","Maryland","300 West Preston Street","organic baked goods cheese flowers eggs herbs vegetables jams nuts plants prepared soap fruits","","market","","-76.622697","39.302068","21201"
"Suitland","https://www.facebook.com/SuitlandFarmersMarket","Suitland Farmers' Market","Maryland","4508 Suitland Road","baked goods eggs vegetables fruits","","market","http://www.suitlandonline.us/programs/the-suitland-farmers-market.html","-76.9301910400391","38.8517150878906","20746"
"Frederick","","Sycamore Spring Farm Market","Maryland","6003 Elmer Derr Road","baked goods crafts flowers eggs herbs vegetables honey jams maple meat nuts plants poultry soap trees beans fruits mushrooms pet food wild","","market","http://www.sycamorespringfarm.org","-77.4597180","39.3753414","21703"
"Takoma Park","https://www.facebook.com/takomaparkfarmersmarket","Takoma Park Farmers Market","Maryland","Laurel Avenue","organic baked goods cheese flowers eggs herbs vegetables honey jams maple meat nuts plants poultry prepared trees wine fruits mushrooms","https://twitter.com/TPFarmersMarket","market","http://www.takomaparkmarket.com","-77.0124576","38.9742156","20912"
"Taneytown","","Taneytown Farmers' Market","Maryland","Rt. 140, Memorial Park","vegetables","","market","","-77.1744","39.6579","21787"
"Baltimore","https://www.facebook.com/TheAvenueAtWhiteMarsh","The Avenue at White Marsh Farmers Market","Maryland","8125 Honeygo Blvd","","","market","http://www.theavenueatwhitemarsh.com/market.php","-76.4668","39.3716","21236"
"Capitol Heights","https://www.facebook.com/thecapitalmarket20743","The Capital Market of 20743","Maryland","111 Capitol Heights Blvd","crafts herbs vegetables prepared soap fruits juices","","market","https://www.instagram.com/thecapitalmarket20743","-76.913335","38.887555","20743"
"Fulton ","https://www.facebook.com/farmersmarketatmaplelawn/","The Farmers Market at Maple Lawn","Maryland","8193 Westside Blvd","baked goods cheese crafts eggs vegetables honey jams poultry prepared soap wine coffee fruits juices","","market","http://www.maplelawnfarmersmarket.com/","-76.907896","39.148282","20759"
"College Park ","https://www.facebook.com/farmersmarket.umd/","The Farmers Market at Maryland","Maryland","3900 Campus Drive","baked goods cheese crafts flowers eggs herbs vegetables honey jams meat plants poultry prepared soap wine coffee fruits juices mushrooms","https://twitter.com/farmersmarketum","market","http://farmersmarket.umd.edu","-76.947513","38.985968","20742"
"Thurmont ","www.facebook.com/ThurmontFirst","Thurmont Main Street Farmer's Market","Maryland","South Center Street","baked goods flowers eggs herbs vegetables honey jams plants prepared fruits","","market","http://www.thurmontmainstreet.com","-77.4105309","39.6227890","21788"
"Towson","@TowsonFarmersMarket","Towson Farmers' Market","Maryland","Allegheny Avenue","baked goods crafts flowers herbs vegetables honey jams meat plants poultry prepared soap wine coffee fruits mushrooms","","market","http://www.towsonchamber.com/towson-farmers-market/","-76.603874","39.401748","21204"
"Baltimore","https://www.facebook.com/Hamilton-Lauraville-Tuesday-Market-196879297027052/","Tuesday Market in Lauraville","Maryland","4500 Harford Road","baked goods crafts flowers eggs herbs vegetables honey jams prepared soap wine fruits juices","","market","","-76.5724790","39.3404170","21214"
"Baltimore","","University Farmers' Market","Maryland","University Plaza Park Along Paca Street","baked goods flowers eggs herbs vegetables honey jams nuts prepared fruits","","market","http://www.umm.edu/green/farmers_market.htm","-76.622772","39.288940","21201"
"Frederick","https://www.facebook.com/UrbanaLibraryFarmersMarket/","Urbana Library Farmers' Market","Maryland","9020 Amelung Street","baked goods crafts flowers eggs herbs vegetables honey jams meat plants poultry prepared soap coffee fruits pet food","","market","","-77.354470","39.331636","21704"
"Beltsville","","USDA Beltsville Farmers' Market","Maryland","5601 Sunnyside Avenue","baked goods crafts flowers herbs vegetables jams nuts plants prepared soap coffee fruits juices tofu","","market","","-76.909791","39.020676","20705"
"Baltimore","https://www.facebook.com/pages/Village-Farmers-Market/1502185890050375","Village Farmers Market","Maryland","4501 Edmondson Ave","organic baked goods crafts flowers eggs herbs vegetables honey plants poultry prepared soap coffee fruits juices","","market","http://vfmarket.net","-76.690811","39.293085","21229"
"Baltimore","","Village of Cross Keys Farmers Market","Maryland","5100 Falls Road","","","market","","-76.6444","39.356","21210"
"Waldorf","https://www.facebook.com/pages/Waldorf-Farmers-Market/157000144324225","Waldorf Farmers Market","Maryland","10400 O'DONNELL PL","baked goods crafts flowers eggs herbs vegetables honey jams plants soap fruits","","market","http://www.waldorffarmersmarket.com","-76.931468","38.619894","20601"
"Frederick","","Walkersville Farmers Market","Maryland","9224 Devilbiss Bridge Road","","","market","","-77.3721","39.5188",""
"Hagerstown","","Washington County Farmers Market - Agricultural Education Center","Maryland","7313 Sharpsburg Pike","","","market","","-77.7298","39.6246",""
"Capitol Heights","https://www.facebook.com/washingtonsgreengrocer","Washington's Green Grocer","Maryland","8741 Ashwood Drive","baked goods cheese eggs seafood vegetables jams maple meat poultry prepared coffee fruits juices","https://twitter.com/greengrocerdc","market","http://www.washingtonsgreengrocer.com","-76.8546080","38.8838552","20743"
"Frederick","https://www.facebook.com/WestFrederickFarmersMarket","West Frederick Farmers' Market","Maryland","800 Oak Street","organic baked goods cheese crafts flowers eggs herbs vegetables honey jams maple meat plants poultry prepared soap trees wine coffee fruits juices","","market","http://www.FrederickFarmFresh.com","-77.4377142","39.4101326","21702"
"Cumberland","","Western Maryland Regional Medical Center Farmers' Market","Maryland","12500 Willowbrook Road","","","market","","-78.7322","39.6481","21502"
"Annapolis","https://www.facebook.com/pages/Westfield-Annapolis-Mall-Farmers-Market/144029628987040","Westfield Annapolis Farmers' Market","Maryland","Jennifer Rd. & rt.50","baked goods cheese crafts eggs herbs vegetables honey jams meat nuts plants poultry prepared soap wine coffee fruits juices mushrooms","","market","http://www.AAEDC.org","-76.5278","38.9898","21401"
