"city","facebook","name","state","street","tags","twitter","type","website","x","y","zip"
"Chaseburg","","Adoni Arces Family Farm LLC ","Wisconsin","S387 Korthals Ln. ","eggs fresh-fruits poultry fowl red-meat non-poultry-meat","","farm","","-91.1102715","43.7134959","45621"
"Wisconsin Rapids","https://www.facebook.com/altenburgsfarm","Altenburg's Country Gardens LLC","Wisconsin","7020 Plover Rd (Hwy. 54 E)","canned preserved fresh-fruits fresh-vegetables maple-products prepared foods","","farm","http://www.altenburgsfarm.com/","-89.738168","44.419143","54494"
"DePere","https://www.facebook.com/pages/Apple-Valley-Orchard/117313941615608","Apple Valley Orchard LLC","Wisconsin","1670 Mar-El Road","baked-goods canned preserved crafts woodworking fresh-fruits juices ciders soap body-care","","farm","AppleValleyLLC.com","-88.092893","44.378637","54115"
"Cross Plains","upickappleberryfarm.com","Appleberry Farm LLC","Wisconsin","8079 Maurer Road","baked-goods canned preserved crafts woodworking cut-flowers eggs fresh-fruits fresh-vegetables honey juices ciders maple-products prepared foods soap body-care","","farm","theappleberryfarm.com","-89.6159386","43.0421176","53528"
"Campbellsport","https://www.facebook.com/pages/Armstrong-Apples-Orchard-and-Winery/103621803066115","Armstrong Apples LLC","Wisconsin","W853 County Road B","baked-goods canned preserved dairy products fresh-fruits honey juices ciders soap body-care wine spirits beer hard-cider","","farm","Armstrongapples.com","-88.199707","43.707108","53010"
"Shell Lake","","Bashaw Valley Farm & Greenhouse","Wisconsin","W7402 Fox Trail Rd.","bedding plants canned preserved eggs fresh-fruits honey maple-products nursery-stock red-meat non-poultry-meat","","farm","bashawvalley@gmail.com","-91.913566","45.764247","54871"
"lena ","https://www.facebook.com/Behnkes-Grass-Fed-Beef-And-Pasture-Pork-250614411763880/?fref=ts&ref=br_tf","Behnkes Grass Fed Beef & Pasture Pork","Wisconsin","4420 Behnke rd","canned preserved fresh-vegetables poultry fowl red-meat non-poultry-meat wild-harvested forest-products","","farm","","-87.980007","44.999195","54139"
"New Richmond","","Blue Gentian Farm","Wisconsin","1990 Hwy 46","eggs red-meat non-poultry-meat","https://www.twitter.com/bgfarmboy","farm","","-92.3841138","45.1486124","54017"
"River Falls","https://www.facebook.com/WIFarmFreshAtlas","Blue Ridge Growers Orchard Nursery","Wisconsin","246 Carlson Lane","canned preserved crafts woodworking fresh-fruits soap body-care","","farm","www.facebook.com/WIFarmFreshAtlas","-92.709957","44.895888","54022"
"Bear Creek","","Blueberry Haven LLC","Wisconsin","W9967 County  Road XX","canned preserved fresh-fruits","","farm","BLUEBERRYHAVEN.NET","-88.6909960","44.5884040","54922"
"Prescott ","Borner Farm Project","Borner Farm Project","Wisconsin","1266 Walnut St","baked-goods bedding plants canned preserved cut-flowers eggs fresh-fruits maple-products prepared foods","","farm","bornerfarmproject.com","-92.789672","44.751793","54021"
"Clear Lake","http://www.facebook.com/BullBrookKeep","Bull Brook Keep","Wisconsin","765 50th Avenue","","twitter.com/BronxToBarn","farm","http://www.bullbrookkeep.com","-92.3202280","45.2822048","54005"
"Fort Atkinson","https://www.facebook.com/busybarnsfarm","Busy Barns Adventure Farm LLC","Wisconsin","W7675 US Hwy 12","honey prepared foods","https://twitter.com/busybarnsfarm","farm","https://www.busybarnsfarm.com","-88.912620","42.968651","53538"
"Colgate","https://www.facebook.com/CopperKettleFarm","Copper Kettle Farm LLC","Wisconsin","5576 County Road Q","","https://www.twitter.com/copperkfarm","farm","http://www.copperkfarm.com","-88.3134342","43.1930480","53017"
"Cochrane","","Cowsmo, Inc.","Wisconsin","S1843 County Road U","","","farm","www.cowsmocompost.com","-91.683419","44.328264","54622"
"Westby","https://www.facebook.com/DeepRootedWestby","Deep Rooted","Wisconsin","E8975 E. Ridge Road","bedding plants canned preserved herbs fresh-vegetables","","farm","http://www.deeprootedorganics.com/","-90.805682","43.653914","54667"
"Blanchardville","","Dorothy's Grange LLC","Wisconsin","W8707 Sawmill Rd","cut-flowers herbs fresh-vegetables red-meat non-poultry-meat","","farm","dorothysgrange.com","-89.7915410","42.7899850","53516"
"Mukwonago","","Elegant Farmer","Wisconsin","1545 Main Street","","","farm","","-88.3444","42.841521","53149"
"Leopolis","https://www.facebook.com/elevenmranch","ElevenM Ranch","Wisconsin","W12426 Paiser Ln","poultry fowl","","farm","elevenmranch.com","-88.873415","44.778915","54948"
"Fall River","https://www.facebook.com/pages/Englewood-Grass-fed-Beef/102825246458689","Englewood Grass-Fed Beef","Wisconsin","W1414 County Rd. Z","red-meat non-poultry-meat","","farm","","-89.068339","43.428831","53932"
"Waukesha","https://www.facebook.com/pages/Field-To-Fork-Farms/444165995616374?ref=hl","Field to Fork Farm and Market","Wisconsin","1500 S Springdale Road","cut-flowers eggs herbs fresh-vegetables poultry fowl red-meat non-poultry-meat","","farm","www.fieldtoforkfarms.com","-88.1850680","43.0159300","53186"
"Gilman","Futility Farms","Futility Farms LLC","Wisconsin","N5100 Webster Lane","poultry fowl red-meat non-poultry-meat","","farm","http://www.futilityfarms.com/","-90.795837","45.216076","54433"
"Amery","https://www.facebook.com/pages/Glenna-Farms/52322147733?ref=hl","Glenna Farms Country Store & Sugarhouse","Wisconsin","1333 - 120th Street","canned preserved coffee tea crafts woodworking dairy products fresh-vegetables honey maple-products wine spirits beer hard-cider","https://twitter.com/GlennaFarms1","farm","http://glennafarms.com/","-92.408597","45.397467","54001"
"Kiel","Golden Bear Farm","Golden Bear Farm","Wisconsin","15115 Lax Chapel Rd.","red-meat non-poultry-meat","","farm","www.goldenbearfarm.com","-87.981956","43.914557","53042"
"Osseo","","Golden Hills Buffalo Farm","Wisconsin","N44867 County Road E","poultry fowl","","farm","","-91.2514078","44.4903959","54758"
"Milladore","https://www.facebook.com/pages/Good-Earth-Farms/176806359091394","Good Earth Farms","Wisconsin","10431 Mayflower Road","poultry fowl","","farm","www.goodearthfarms.com","-89.9088330","44.6255150","54454"
"Humbird","https://www.facebook.com/GrampaGlennsCertifiedOrganicStrawberries","Grampa Glenns Organic Strawberries Glennenn Farm","Wisconsin","W11280 County Road B","honey","","farm","www.grampaglennsorganicstrawberries.com","-90.884823","44.528060","54746"
"Edgerton","","Harried U-Pick-Umm Farm LLC.","Wisconsin","173 County Road N","fresh-fruits poultry fowl","","farm","www.facebook.com/pages/Harried-U-Pick-Umm-Farm/142386852440308","-89.140436","42.861329","53534"
"Chilton","","Heritage Orchard LLC","Wisconsin","N 2963 Lakeshore Dr","baked-goods canned preserved crafts woodworking fresh-fruits fresh-vegetables honey juices ciders maple-products nuts prepared foods soap body-care","","farm","www.heritageorchard.net","-88.311825","43.995193","53014"
"Bayfield","https://www.facebook.com/pages/Highland-Valley-Farm/117845948235187","Highland Valley Farm Inc.","Wisconsin","87080 Valley Rd","fresh-fruits honey maple-products","","farm","http://www.bayfieldblues.com/index.html","-90.867633","46.832896","54814"
"St. Cloud","https://www.facebook.com/HolylandBerries","Holyland Berries Farm","Wisconsin","N9488 Rte G","fresh-fruits fresh-vegetables","","farm","","-88.2058260","43.8853530","53079"
"North Prairie","https://www.facebook.com/pages/Kipp-Farms-Country-Market-LLC/274280116083169?fref=ts","Kipp Farms and Country Market LLC","Wisconsin","w329s5402 county rd E","bedding plants eggs fresh-vegetables honey red-meat non-poultry-meat soap body-care","","farm","www.kippfarms.com","-88.404992","42.945864","53153"
"Nekoosa","https://www.facebook.com/lotisalpacas?ref=ts&fref=ts","Lotis Alpacas","Wisconsin","704 Hillcrest Avenue","crafts woodworking","","farm","www.lotisalpacas.com","-89.8530470","44.2665210","54457"
"Bloomer","https://www.facebook.com/pages/Macs-Berry-Farm-Bloomer-Wisconsin/128131573868102","Macs Berry Farm","Wisconsin","10439 130th Avenue","fresh-fruits fresh-vegetables maple-products","","farm","","-91.462292","45.025737","54724"
"Cashton","https://www.facebook.com/pages/Maple-Ridge-Orchard/346451842039608","Maple Ridge Orchard","Wisconsin","6675 Maple Ave","baked-goods canned preserved crafts woodworking fresh-fruits maple-products","","farm","www.mapleridgeorchard.com","-90.8597170","43.7993250","54619"
"Chilton","https://www.facebook.com/MeuerFarm,LLC","Meuer Farm, LLC","Wisconsin","N2564  Highway 151","baked-goods canned preserved coffee tea eggs fresh-fruits fresh-vegetables grains flour honey juices ciders maple-products nuts poultry fowl prepared foods soap body-care wine spirits beer hard-cider","","farm","www.meuerfarm.com","-88.304602","43.981162","53014"
"Milton ","www.facebook.com/meyersfarmmarket","Meyer's Farm Market","Wisconsin","1329 E M-H Townline Road","herbs fresh-fruits fresh-vegetables honey juices ciders","","farm","www.meyersfarmmarket.com","-89.0076937","42.7604481","53563"
"Hayward","","Northfork Ranch","Wisconsin","15455 W Kadlec Road","canned preserved herbs fresh-vegetables red-meat non-poultry-meat","","farm","","-91.467657","45.983106","54843"
"Neenah","https://www.facebook.com/pages/Oakridge-Farms/80596262554","Oakridge Farms","Wisconsin","125 County Road CB","fresh-fruits fresh-vegetables honey","https://twitter.com/oakridgeberries","farm","http://oakridgeberries.com/","-88.504904","44.179237","54956"
"Belleville","","Observatory Hill Farm","Wisconsin","1017 Observatory Hill Rd.","red-meat non-poultry-meat","","farm","http://www.observatoryhillfarm.com","-89.5590332","42.9096895","53508"
"Cottage Grove","https://www.facebook.com/OffbeatAcresAlpacas","Offbeat Acres","Wisconsin","5453 Pierceville Road","fresh-fruits fresh-vegetables","https://twitter.com/OffbeatAcres","farm","www.offbeatacres.com","-89.1544170","43.1471750","53527"
"Franksville","https://www.facebook.com/orchardstore","Old Homestead Orchard","Wisconsin","7814 Raynor Ave","canned preserved crafts woodworking cut-flowers eggs fresh-fruits fresh-vegetables honey juices ciders maple-products poultry fowl","","farm","","-88.070998","42.828252","53126"
"Fall Creek","","Out to Pasture Beef","Wisconsin","E13240 E Hillsdale Dr","maple-products red-meat non-poultry-meat","","farm","www.outtopasturebeef.com","-91.261903","44.690853","54742"
"Amery","Brad Burke","Pike Hole Family Farm","Wisconsin","359 130th Street","canned preserved herbs fresh-fruits fresh-vegetables","","farm","www.pikeholefarm.com","-92.427783","45.259556","54001"
"Ripon","https://www.facebook.com/pinnacle.pastures?fref=ts","Pinnacle Pastures","Wisconsin","W11780 County Road KK","red-meat non-poultry-meat","","farm","pinnaclepastures,com","-88.749112","43.807534","54971"
"Pittsville","https://www.facebook.com/pittsvillefarmelk","Pittsview Farm Elk","Wisconsin","4891 state hwy. 80","","","farm","http://pittsviewfarmelk.com/","-90.1252475","44.4239469",""
"Bonduel","https://www.facebook.com/porterspatch.navarino?fref=ts","Porter's Patch","Wisconsin","W4314 State Hwy 156","cut-flowers fresh-fruits fresh-vegetables","Porters Patch","farm","www.PortersPatch.com","-88.4575537","44.6115636","54107"
"Palmyra","","Rushing Waters Fisheries, LLC","Wisconsin","N301 County Rd. H / PO Box H","canned preserved crafts woodworking dairy products fish seafood juices ciders maple-products pet-food prepared foods red-meat non-poultry-meat wine spirits beer hard-cider","","farm","www.rushingwaters.net","-88.609618","42.854952","53156"
"Columbus","https://www.facebook.com/pages/Sassy-Cow-Creamery/53518889031","Sassy Cow Creamery","Wisconsin","W4192 Bristol Rd","baked-goods coffee tea dairy products grains flour honey maple-products nuts prepared foods red-meat non-poultry-meat soap body-care","","farm","www.sassycowcreamery.com","-89.211417","43.282549","53925"
"Viroqua","","Schott Farm","Wisconsin","711 Railroad Avenue","red-meat non-poultry-meat","","farm","http://schottfarm.com/","-90.8784554","43.5619804","54665"
"edgar","","Scotch and Soda Acres","Wisconsin","4958 thomas hill rd","eggs honey poultry fowl","","farm","","-89.949112","44.920106","54426"
"Bloomer","https://www.facebook.com/pages/Seibels-Organic-Meats-LLC/102229873169639","Seibel's Organic Meats, LLC","Wisconsin","10494 157th ave","poultry fowl red-meat non-poultry-meat","","farm","https://sites.google.com/site/seibelsorganic/","-91.4610330","45.0691110","54724"
"Janesville","www.facebook.com/skellysfarmmarket","Skelly's Farm Market","Wisconsin","2713 Hayner Road","baked-goods canned preserved coffee tea fresh-fruits fresh-vegetables prepared foods","http://twitter.com/skellysfarm","farm","www.skellysfarmmarket.com","-89.080485","42.641113","53548"
"Beloit","https://www.facebook.com/StarAndThistleFarm","Star & Thistle Farm","Wisconsin","6707 W Stuart Rd","eggs","","farm","http://www.starandthistlefarm.com/","-89.133242","42.606640","53511"
"Kaukauna","http://www.facebook.com/starorchardllc","Star Orchard, LLC","Wisconsin","253 County Road CE","canned preserved fresh-fruits honey","","farm","http://www.starorchard.com/","-88.1887477","44.2494042","54130"
"Granton","https://www.facebook.com/pages/The-Maple-Dude/582639041784552","Sternitzky Specialty Foods LLC / DBA The Maple Dude","Wisconsin","W1417 US HWY 10","dairy products honey maple-products prepared foods red-meat non-poultry-meat","https://www.twitter.com/themapledude.com","farm","www.themapledude.com","-90.383979","44.582582","54436"
"Wausau ","www.facebook.com/Sugarhillsugarbush","Sugar Hill Sugar Bush LLC","Wisconsin","10108 Sugar Hill Lane","maple-products","","farm","www.sugarhillsugarbush.com","-89.496442","44.982007","54403"
"Poynette","","Sweet Wisconsin Honey Farm","Wisconsin","N4249 HWY 51","honey","","farm","","-89.402007","43.426767","53955"
"East Troy","www.facebook.com/MichaelFieldsAgriculturalInstitute","The Gardens @ Michael Fields","Wisconsin","W2493 Cty Rd ES","cut-flowers eggs herbs fresh-fruits fresh-vegetables","twitter.com/MichaelFieldsAg","farm","www.michaelfields.org","-88.4248929","42.7825894","53120"
"Oconomowoc ","https://www.facebook.com/garlicug","The Garlic Underground","Wisconsin","w383n9009 mill st","","","farm","http:/www.thegarlicunderground.com","-88.5051080","43.1831070","53066"
"Westby","","Timber Coulee Outfitters","Wisconsin","E7624 County Road P","pet-food","","farm","","-90.870672","43.707198","54667"
"Prairie Du Sac","https://www.facebook.com/pages/Toms-Raspberries/597930213559027","Toms Raspberries","Wisconsin","W13702 highway 60","fresh-fruits fresh-vegetables","","farm","sites.google.com/site/tomsraspberries/","-89.680302","43.307907","53578"
"Waupaca","","Turners Fresh Market & Greenhouse","Wisconsin","E208 State Highway 54","bedding plants canned preserved fresh-fruits fresh-vegetables soap body-care","","farm","www.turnersfreshmarket.com","-89.184127","44.352231","54981"
"La Farge","https://www.facebook.com/UnderARockFarm","Under A Rock Farm, LLC","Wisconsin","E14214 County Road D","bedding plants canned preserved crafts woodworking eggs herbs fresh-vegetables poultry fowl red-meat non-poultry-meat soap body-care wild-harvested forest-products","https://www.twitter.com/underarockfarm","farm","www.underarockfarm.com","-90.545937","43.561362","54639"
"Blanchardville","","Valhalla Hills LLC","Wisconsin","74 County Road F","canned preserved cut-flowers herbs fresh-fruits fresh-vegetables mushrooms soap body-care","","farm","","-89.865292","42.817160","53516"
"Cottage Grove","https://www.facebook.com/pages/West-Star-Organics/77210898093?ref=hl","West Star Organics","Wisconsin","2555 West Star Rd","bedding plants nursery-stock","https://twitter.com/WestStarFarm","farm","www.weststarfarm.com","-89.202571","43.013389","53527"
"CALEDONIA","","Wick Place Candles and Farm","Wisconsin","1907 43RD ST","canned preserved crafts woodworking eggs fresh-fruits fresh-vegetables honey maple-products poultry fowl","","farm","wickplacefarm.com","-87.9729920","42.8112760","53108"
"Albany","www.facebook.com/windyfleecefarm","Windy Fleece Farm","Wisconsin","W1237 Brooklyn Albany Rd","poultry fowl red-meat non-poultry-meat soap body-care","","farm","www.windyfleecefarm.com","-89.425043","42.769865","53502"
"Rio","","Yorkshire Rose Farm","Wisconsin","W5416 King Road","","","farm","","-89.2718330","43.3996300","53960"
"Abbotsford","","Abbotsford Farmers Market","Wisconsin","1011 East Spruce St.","baked goods crafts flowers herbs vegetables honey jams maple nursery plants trees","","market","","-90.307145","44.945665","54405"
"Algoma","","Algoma Farm Market","Wisconsin","SECOND ST. & CLARK STREET","","","market","","-87.4363","44.6077",""
"Amery","","Amery Farmers Market","Wisconsin","Sooline Park","baked goods cheese flowers herbs vegetables honey jams maple meat plants soap","","market","","-92.3624","45.3072","54001"
"Antigo","Antigo Farmers Market, Inc","Antigo Farmers Market, Inc.","Wisconsin","420 Field Street","organic baked goods crafts flowers eggs herbs vegetables honey jams maple meat plants prepared soap coffee beans fruits juices mushrooms wild","","market","http://www.antigomarket.com","-89.149389","45.137757","54409"
"Appleton","www.facebook.com/downtownappletonfarmmarket","Appleton Downtown Farm Market","Wisconsin","100 College Avenue","organic baked goods cheese crafts flowers eggs seafood herbs vegetables honey jams maple meat nuts plants poultry prepared soap fruits mushrooms","","market","http://www.appletondowntown.org","-88.40703","44.26201","54911"
"Ashland","","Ashland Area Farmers Market","Wisconsin","200th Block Chapple Ave","crafts flowers eggs herbs honey jams maple meat plants poultry soap fruits mushrooms wild","","market","http://www.ashlandareafarmersmarket.com/","-90.8907","46.5882","54846"
"Baldwin","https://www.facebook.com/BaldwinsMainStFarmersMarket/","Baldwin's Main St. Farmers Market","Wisconsin","Main St. and 6th Ave.","organic baked goods flowers eggs herbs vegetables honey jams maple meat plants soap mushrooms","","market","https://www.villageofbaldwin.com/community/page/main-st-farmers-market","-92.370763","44.966999","54002"
"Balsam Lake","","Balsam Lake Farmers Market","Wisconsin","Pine Park","","","market","","-92.4571","45.4511","54810"
"Superior ","Barker's Island Farmers' Market","Barker's Island Farmers Market","Wisconsin","Hwy 2/53 & Marina Dr.","baked goods crafts flowers eggs herbs vegetables honey jams maple meat plants poultry prepared soap trees coffee fruits juices mushrooms","","market","","-92.0683660","46.7223031","54880"
"Bayfield","","Bayfield Lion's Club Farmers Market","Wisconsin","","","","market","","-91.0592","46.4337","54814"
"Berlin ","https://www.facebook.com/Berlin.WI.FarmersMarket/","Berlin Farmers & Artists Market","Wisconsin","N State Street and E Huron St","cheese crafts flowers vegetables jams prepared soap fruits tofu","","market","http://berlinwi.wix.com/market","-88.942278","43.968876","54923"
"Black River Falls ","blackriverfallscommunityfarmersmarket","Black River Falls Community Farmers' Market","Wisconsin","133 County Road A","organic baked goods flowers herbs vegetables honey maple fruits","","market","http://www.scholzeace.com/farmersmarket","-90.846481","44.305681","54615"
"Black River Falls ","","Black River Falls Downtown Farmer's Market","Wisconsin","3rd Street between Main and Filmore","baked goods flowers herbs vegetables honey jams maple fruits pet food","","market","","-90.850406","44.294552","54615"
"Boscobel ","Boscobel Farmers Market","Boscobel Farmers Market","Wisconsin","800 Wisconsin Ave","baked goods crafts flowers herbs vegetables honey jams maple prepared coffee fruits wild","","market","","-90.707006","43.135848","53805"
"La Crosse","","Bridgeview La Crosse Farmers Wednesday Market","Wisconsin","2500 Rose St NEXT TO BRIDGEVIEW PLAZA SHOPPING CENTER","","","market","","-91.2436","43.8574","54603"
"Brillion","","Brillion Farmers Market","Wisconsin","HuB Shopping Center Parking Lot","","","market","","-88.0688","44.1794","54110"
"Bristol","","Bristol Farmers Market","Wisconsin","83rd Street","baked goods cheese crafts flowers herbs vegetables honey jams plants soap","","market","http://www.FreeWebs.com/BristolFarmersMarket","-88.0431","42.5576","53104"
"Brookfield","www.facebook.com/BrookfieldWIfarmersmarket ","Brookfield Farmers Market","Wisconsin","2000 North Calhoun Road","organic baked goods cheese crafts flowers eggs seafood herbs vegetables honey jams maple meat nuts plants poultry prepared soap trees coffee beans fruits grains juices mushrooms pet food","","market","http://www.brookfieldfarmersmarket.com","-88.125619","43.057820","53005"
"Brooklyn","","Brooklyn Farmers Market","Wisconsin","Brooklyn Community Building","","","market","","-89.369","42.8523","53521"
"Brown Deer","www.facebook.com/BrownDeerFarmersMarket","Brown Deer Farmers Market","Wisconsin","9078 N. Green Bay Road","organic baked goods crafts flowers eggs seafood herbs vegetables honey jams maple meat plants poultry prepared soap coffee fruits","","market","http://www.browndeerfarmersmarket.org","-87.961917","43.181435","53209"
"Bruce","Bruce Community Farmers Market","Bruce Community Farmers Market","Wisconsin","Corner of Hwy 8 and N Alvey Street","baked goods cheese crafts flowers eggs herbs vegetables honey jams maple meat poultry prepared soap coffee fruits mushrooms wild","","market","","-91.2746971","45.4551101","54819"
"Grantsburg","https://www.facebook.com/pages/Burnett-County-Farmers-Markets","Burnett County Farmers' Markets - Alpha","Wisconsin","11631 State Road 70 / Grantsburg","baked goods crafts herbs vegetables honey jams maple fruits mushrooms","","market","","-92.542771","45.772635","54840"
"Grantsburg","https://www.facebook.com/Burnett-County-Farmers-Markets-250874305027758/","Burnett County Farmers' Markets - Grantsburg - Burnett Medical Center","Wisconsin"," 257 W St George Ave","baked goods crafts herbs vegetables honey jams maple meat plants prepared soap fruits mushrooms","","market","","-92.686157","45.774153","54840"
"Grantsburg","https://www.facebook.com/Burnett-County-Farmers-Markets-250874305027758/","Burnett County Farmers' Markets - Grantsburg - Library","Wisconsin","415 South Robert Street","baked goods crafts flowers eggs herbs vegetables honey jams maple fruits mushrooms","","market","","-92.680232","45.776365","54840"
"Siren","https://www.facebook.com/Burnett-County-Farmers-Markets-250874305027758/","Burnett County Farmers' Markets - Siren","Wisconsin","23943 State Road 35","organic baked goods crafts flowers herbs vegetables honey jams maple plants poultry prepared soap fruits mushrooms wild","","market","","-92.381705","45.783712","54872"
"Butler","","Butler Farmers Market","Wisconsin","12700 W Hampton Ave","baked goods eggs herbs vegetables honey jams nuts plants prepared fruits","","market","http://www.ButlerFarmersMarket.com","-88.069654","43.104857","53007"
"Cambria","","Cambria Farmers Market","Wisconsin","Edgewater Street","baked goods flowers herbs vegetables honey nursery plants poultry","","market","","-89.1032460","43.5432324","53923"
"Cambridge","https://www.facebook.com/pages/Cambridge-Farmers-Market/256457801041850?ref=hl","Cambridge Open Air Market","Wisconsin","100 East Main Street","crafts flowers herbs vegetables honey jams meat plants poultry soap coffee fruits","","market","http://www.cambridgewi.com","-89.0163400","43.0040040","53523"
"La Crosse","https://www.facebook.com/cameronparkfarmersmarket/","Cameron Park Farmers Market","Wisconsin","King Street, between 4th St and 5th Ave","organic baked goods cheese crafts flowers eggs seafood herbs vegetables honey jams maple meat plants poultry prepared soap coffee fruits juices mushrooms wild","","market","http://cameronparkmarket.org/","-91.233344","43.807526","54601"
"Madison","https://www.facebook.com/pages/Capitol-View-Farmers-Market/204572939582186","Capitol View Farmers Market","Wisconsin","5901 Sharpsburg Drive","baked goods cheese flowers eggs herbs vegetables jams meat plants poultry prepared coffee fruits","","market","http://www.capitolviewfarmersmarket.com","-89.279478","43.085699","53718"
"Cassville","","Cassville Farmers Market","Wisconsin","Riverside Park","","","market","","-90.986","42.7262","53806"
"Catawba","","Catawba Farmers Market","Wisconsin","W9241 Highway 8","","","market","","-90.4864","45.5389","54515"
"Cedarburg","","Cedarburg Farmers Market","Wisconsin","Cedarburg Cultural Center","","","market","","-87.987","43.2955","53012"
"Chilton","","Chilton Farmers Market","Wisconsin","1041 E. Chestnut St","crafts flowers herbs vegetables plants soap","","market","","-88.1549200","44.0211440","53014"
"Chippewa Falls","","Chippewa Falls Farmers Market","Wisconsin","1 S. Bridge St.","baked goods cheese crafts flowers eggs herbs vegetables honey jams maple meat poultry prepared soap fruits","","market","http://www.chippewafallsmainst.org/Farmers_Market.html","-91.3902030","44.9350090","54729"
"Racine","","City Hall Farmers Market","Wisconsin","730 Washington Ave","","","market","","-87.7898","42.7257",""
"Clayton","","Clayton Farmers Market","Wisconsin","","","","market","","-91.1028","42.9064","54004"
"Cobb","","Cobb Market","Wisconsin","101 N Wilson Street","","","market","","-90.3328","42.9674",""
"Columbus","","Columbus Downtown Farmer's Market","Wisconsin","105 N. Dickason Blvd","organic baked goods flowers herbs vegetables honey meat plants prepared soap","","market","","-89.0147","43.3389","53925"
"Cornucopia","","Cornucopia Farmers Market","Wisconsin","Town Beach Park","","","market","","-91.1014","46.8578",""
"Barron","","Country Lane Farmers Market","Wisconsin","1642 16th St","organic baked goods cheese crafts flowers eggs seafood herbs vegetables honey jams maple meat plants poultry prepared soap trees coffee fruits grains mushrooms wild","","market","http://www.countrylanemarket.com/farmers-market","-91.828516","45.443768","54812"
"Cross Plains","https://www.facebook.com/Cross-Plains-Parkway-Farmers-Market-1591408087770075/","Cross Plains Farmers Market","Wisconsin","Glacier's Edge Square","baked goods flowers eggs herbs vegetables honey jams maple meat plants prepared soap fruits","","market","","-89.641947","43.111545","53528"
"Cudahy","","Cudahy Farmers Market","Wisconsin","4700 South Packard Avenues (Municipal parking lot)","","","market","","-87.9163","43.0376","53110"
"Cumberland","","Cumberland Farmers Market","Wisconsin","","baked goods cheese flowers herbs vegetables honey jams maple plants prepared soap fruits","","market","http://www.cumberland-wisconsin.com","-92.022534","45.533691","54829"
"Dallas","","Dallas Farmers' Market","Wisconsin","236 West Dallas Street","crafts flowers herbs vegetables wine fruits","","market","","-91.817679","45.258833","54733"
"Madison","","Dane County Farmers Market - Holiday Market","Wisconsin","One John Nolen Drive","organic baked goods cheese eggs seafood herbs vegetables honey jams maple meat nuts poultry soap beans fruits grains juices mushrooms pet food wild","","market","http://www.dcfm.org","-89.3802700","43.0714450","53703"
"Madison","","Dane County Farmers Market - Wednesday Market","Wisconsin","200 block of Martin Luther King, Jr. Blvd","organic baked goods cheese flowers eggs seafood herbs vegetables honey jams maple meat nuts plants poultry trees beans fruits grains juices mushrooms wild","","market","http://www.dcfm.org","-89.381847","43.072775","53703"
"Madison","https://www.facebook.com/StBMarket","Dane County Farmers Market - Winter Market","Wisconsin","330 W. Mifflin St.","organic baked goods cheese flowers eggs seafood herbs vegetables honey jams maple meat nuts poultry soap beans fruits grains juices mushrooms pet food wild","","market","","-89.3895617","43.0731321","53703"
"Madison","https://www.facebook.com/DaneCoFM/","Dane County Farmers Market I","Wisconsin","Capitol Square, Downtown","organic baked goods cheese flowers eggs seafood herbs vegetables honey jams maple meat nuts plants poultry soap trees beans fruits grains juices mushrooms pet food wild","","market","http://www.dcfm.org","-89.384251","43.074625","53701"
"Darlington ","","Darlington Farmers Market","Wisconsin","Main Street","baked goods crafts flowers eggs vegetables honey jams maple plants soap","","market","","-90.117445","42.677666","53530"
"De Pere","","De Pere Farmer Market","Wisconsin","144 N Wisconsin St","","","market","","-88.0592","44.4496","54115"
"DeForest","https://www.facebook.com/deforestmarket/","DeForest Farmers' Market","Wisconsin","DeForest Street","organic baked goods cheese crafts flowers eggs herbs vegetables honey jams maple meat plants poultry prepared soap trees fruits mushrooms","","market","http://www.vi.deforest.wi.us/index.asp?Type=B_BASIC&SEC={38A90127-1135-4F1B-99D2-5AC8EE5AF484}","-89.339846","43.246672","53532"
"Delafield","","Delafield Farmes Market","Wisconsin","Waukesha County City parking lot on Main Street","","","market","","-88.4026","43.0632","53183"
"Delavan","https://www.facebook.com/pages/Delavan-Fresh-Market/137861759574760?ref=hl","Delavan Fresh Market","Wisconsin","Walworth Avenue","organic flowers eggs vegetables honey jams plants prepared fruits","","market","","-88.647738","42.633169","53115"
"De Pere","","DePere Market at Festival Foods","Wisconsin","1001 Main Ave","","","market","","-88.0872","44.4501",""
"Dodgeville","https://www.facebook.com/dodgevillefarmersmarket","Dodgeville Farmers Market","Wisconsin","327 N. Iowa Street","baked goods cheese crafts flowers eggs vegetables honey jams meat plants poultry soap coffee fruits","","market","","-90.129944","42.962345","53533"
"Dousman","https://www.facebook.com/DousmanFarmersMarket","Dousman Farmers Market","Wisconsin","118 S. Main St","baked goods crafts flowers herbs vegetables honey jams plants prepared soap fruits wild","","market","http://www.dousmanchamber.org/farmers_market.html","-88.4725142","43.0131210","53118"
"Appleton","https://www.facebook.com/downtownappletonfarmmarket","Downtown Appleton Indoor Winter Farm Market","Wisconsin","100 College Avenue, City Center Plaza","baked goods cheese crafts eggs seafood herbs vegetables honey jams maple meat nuts plants poultry prepared soap fruits mushrooms","","market","http://www.appletondowntown.org","-88.4060597","44.2624663","54911"
"Beloit","https://www.facebook.com/BeloitFarmersMarket?ref=hl","Downtown Beloit Farmer's Market","Wisconsin","300 block of State Street, 400 block of East Grand Avenue, Gantry parking lot","organic baked goods cheese crafts flowers eggs seafood herbs vegetables honey jams maple meat nuts plants poultry prepared soap trees wine coffee beans fruits grains juices mushrooms pet food wild","","market","http://www.downtownbeloit.com","-89.035555","42.499698","53511"
"Burlington","","Downtown Burlington Farmers Market","Wisconsin"," Washington & Pine Streets","baked goods cheese crafts flowers eggs seafood herbs vegetables honey jams meat plants poultry prepared soap trees fruits","","market","http://www.burlingtonwifarmersmarket.com","-88.276064","42.678463","53105"
"Columbus","","Downtown Columbus Farmers Market","Wisconsin","222 West James St.","crafts flowers herbs vegetables honey jams meat plants soap","","market","","-89.0159","43.3396","53925"
"Eau Claire","","Downtown Farmers Market","Wisconsin","","","","market","","-91.5051","44.8018","54703"
"Racine","","Downtown Farmers Market - Racine","Wisconsin","Corner of State and Erie St.","","","market","","-87.7881","42.7311","53406"
"Fond du Lac","https://www.facebook.com/FondDuLacFarmersMarket/","Downtown Fond du Lac Farmers Market - Saturday","Wisconsin","Main Street from Western Ave. to Sheboygan St.","baked goods cheese crafts flowers eggs seafood herbs vegetables honey jams maple meat plants poultry prepared soap trees coffee beans fruits grains juices mushrooms pet food","","market","http://downtownfdl.com/farmers-market.html","-88.446973","43.775364","54935"
"Fond du Lac","https://www.facebook.com/FondDuLacFarmersMarket/","Downtown Fond du Lac Farmers Market - Wednesday","Wisconsin","Main Street Plaza ","baked goods crafts flowers eggs vegetables honey jams maple meat plants poultry prepared coffee beans fruits grains","","market","http://downtownfdl.com/farmers-market.html","-88.447092","43.777853","54935"
"Green Bay","facebook.com/downtowngreenbay","Downtown Green Bay Saturday Farmers Market","Wisconsin","200 S. Washington Street","organic baked goods cheese crafts flowers eggs seafood herbs vegetables honey jams maple meat plants poultry prepared soap coffee fruits juices mushrooms pet food","twitter.com/downtowngb","market","https://downtowngreenbay.com/explore/downtown-events/saturday-farmers-market","-88.017128","44.513118","54301"
"Kaukauna ","https://www.facebook.com/pages/Downtown-Kaukauna-Farmer-Market/157106097678954","Downtown Kaukauna Farmer's Market","Wisconsin","101 Crooks Ave.","baked goods crafts flowers eggs herbs vegetables honey jams maple meat nuts plants prepared trees coffee fruits juices pet food","","market","http://www.cityofkaukauna.com/departments/farmers-market","-88.2709812","44.2771746","54130"
"Middleton","","Downtown Middleton Farmers' Market","Wisconsin","Terrace Avenue","baked goods cheese flowers eggs herbs vegetables honey jams meat plants fruits","","market","http://www.downtownmiddleton.com/farmers_market","-89.516386","43.094525","53562"
"West Bend","https://www.facebook.com/WestBendFarmersMarket","Downtown West Bend Farmers' Market","Wisconsin","215 N Main Street","organic baked goods cheese flowers eggs seafood herbs vegetables honey jams maple meat plants poultry prepared soap coffee beans fruits mushrooms pet food","","market","http://www.downtownwestbend.com","-88.183336","43.424885","53095"
"Dundee","","Dundee Farmers & Crafters Market","Wisconsin","3552 State Road 50","","","market","","-87.9638","43.0423",""
"Durand","","Durand Farmers Market","Wisconsin","High School Parking Lot","","","market","","-91.9577","44.6296",""
"Durand","","Durand Farmers Market - Wed","Wisconsin","Downtown","","","market","","-91.966","44.6265",""
"Eagle River","https://www.facebook.com/pages/Eagle-River-Farmers-Market/422548697797272","Eagle River Farmers' Market","Wisconsin","Highway 45 North of the Bridge","organic baked goods cheese crafts flowers eggs herbs vegetables honey jams maple meat nursery plants poultry prepared soap trees","","market","http://www.eaglerivermainstreet.org/","-89.257902","45.924631","54521"
"Milwaukee","https://www.facebook.com/EastTownMarket","East Town Market","Wisconsin","520 E. Wells St.","baked goods cheese crafts eggs herbs vegetables honey jams prepared soap coffee fruits","","market","http://www.easttown.com/events/east-town-market","-87.9050517","43.0418863","53202"
"Madison ","","Eastside Farmers' Market","Wisconsin","202 S Ingersoll Street","organic baked goods cheese flowers eggs herbs vegetables honey jams maple meat plants poultry trees coffee fruits mushrooms wild","","market","http://www.eastsidefarmersmarket.org","-89.3677304","43.0832213","53703"
"Eau Claire","https://www.facebook.com/EauClaireDowntownFarmersMarket","Eau Claire Downtown Farmers Market","Wisconsin","300 Riverfront Terr.","organic baked goods cheese flowers eggs seafood herbs vegetables honey jams maple meat plants poultry prepared soap coffee fruits grains mushrooms pet food wild","","market","http://www.ecdowntownfarmersmarket.com","-91.504811","44.815339","54701"
"Eau Claire","","Eau Claire Farmers Market - Oakwood Mall","Wisconsin","Oakwood Mall parking lot","","","market","","-91.4374","44.7756","54738"
"Egg Harbor","https://www.facebook.com/pg/EggHarborDoorCounty/events/?ref=page_internal","Egg Harbor Farmers Market","Wisconsin","7809 Highway 42","baked goods crafts herbs vegetables jams plants soap coffee fruits","","market","http://www.eggharbordoorcounty.org/events/farmers-market/","-87.280716","45.049942","54209"
"Madison ","https://www.facebook.com/centro.hispano.5","El Mercadito de Centro","Wisconsin","810 Badger rd.","organic baked goods eggs herbs vegetables honey fruits","","market","http://www.micentro.org/centros-farmers-market--el-mercadito-de-centro.html","-89.395424","43.038611","53713"
"Elk Mound","","Elk Mound Area Farmers Market","Wisconsin","E220 Menomonie Street","flowers vegetables","","market","http://www.elkmound.org","-91.688247","44.872264","54739"
"Ellsworth","https://www.facebook.com/ellsworthchamber","Ellsworth Farmers Market","Wisconsin","Highway 10 and Wall Street","baked goods cheese crafts flowers eggs vegetables honey jams maple plants prepared soap fruits","","market","http://www.ellsworthchamber.com/farmers-market.html","-92.469611","44.733559","54011"
"Evansville","","Evansville Farmers Market","Wisconsin","102 Maple St.","baked goods crafts flowers eggs herbs vegetables honey maple plants poultry soap","","market","http://www.evansvillefarmersmarket.com","-89.2980764","42.7789873","53536"
"Waukesha","","Farmer's Market at Piala's Nursery","Wisconsin","S39W27833 Genesee Rd.","crafts eggs herbs vegetables honey jams meat soap trees fruits","","market","http://pialasnursery.com/farmersmarket.php","-88.301861","42.973475","53189"
"Whitehall ","www.facebook.com/farmersmarketgarden","Farmers Garden Market ","Wisconsin","36561 Main St.","organic baked goods cheese crafts flowers eggs herbs vegetables honey jams maple meat nuts plants poultry prepared soap trees fruits grains juices mushrooms wild","","market","","-91.3161554","44.3724300","54773"
"Sturtevant","","Farmers Market of Sturtevant","Wisconsin","8505 durand ave.","organic crafts flowers eggs herbs vegetables honey jams prepared fruits","","market","","-87.8875994682312","42.6977996528149","53177"
"Wausau","","Farmers Market of Wausau","Wisconsin","400 River Drive","","","market","","-89.63","44.9549","54411"
"Larue","","Farmers' Market in the Bluffs","Wisconsin","Hwy PF & Diamond Hill Road","baked goods crafts flowers seafood herbs vegetables honey jams maple nursery plants prepared soap","","market","http://www.farmersmarketinthebluffs.wordpress.com","-89.8671","43.4603","53951"
"Green Bay","","Farmers' Market On Broadway","Wisconsin","","organic baked goods cheese crafts flowers eggs seafood herbs vegetables honey jams maple meat nuts prepared soap wine coffee beans fruits grains mushrooms","","market","","-88.020684","44.518088","54304"
"Hayward","","Feed Mill's Farmer's Market","Wisconsin","10494 Wisconsin Avenue","organic baked goods flowers herbs vegetables honey jams maple meat nursery plants poultry prepared soap","","market","","-91.485665","46.011970","54843"
"Marshfield","","Festival Foods Farmers Market - Marshfield","Wisconsin","Parking lot","","","market","http://www.wisconline.com/attractions/farmmarkets.html","-91.211","43.8687","54449"
"Eau Claire","","Festival Foods Farmers Market - Sunday","Wisconsin","3007 Mall Drive","organic baked goods crafts flowers eggs herbs vegetables jams maple meat plants poultry soap fruits pet food","","market","http://www.festfoods.com","-91.4603","44.7882","54701"
"Appleton","","Festival Foods Northland Market","Wisconsin","","","","market","","-88.455","44.2819","54914"
"Onalaska","","Festival Foods Onalaska Farmers Market","Wisconsin","Crossing Meadows Drive","","","market","","-91.2144","43.8701","54650"
"Fish Creek","","Fish Creek Settlement Shops Farm Market","Wisconsin","9116 Hwy 42","organic baked goods crafts flowers herbs vegetables honey jams plants soap trees fruits","","market","http://settlementshops.com","-87.245350","45.113436","54212"
"Fitchburg","https://www.facebook.com/#!/pages/Fitchburg-Center-Farmers-Market/75356486094","Fitchburg Center Farmers Market","Wisconsin","5511 East Cheryl Parkway","organic baked goods cheese flowers eggs herbs vegetables honey jams maple meat nuts plants poultry prepared soap fruits juices","","market","http://www.fitchburgcenter.com","-89.424","43.0055","53711"
"Cedarburg","","Five Corners Farmers Market","Wisconsin","1331 Covered Bridge Road","baked goods crafts flowers herbs vegetables meat plants fruits","","market","http://www.town.cedarburg.wi.us","-88.005845","43.323548","53012"
"Milwaukee","","Fondy Farmers Market","Wisconsin","2200 W. Fond du Lac Ave.","baked goods crafts flowers herbs vegetables honey meat plants prepared","","market","http://www.fondymarket.org","-87.9399","43.0615","53206"
"Fort Atkinson","","Fort Atkinson Farmers Market","Wisconsin","City parking lot on East ilwaukee Avenue","","","market","","-88.8296","42.9263","53538"
"Fort Atkinson","","Fort Farmers Market ","Wisconsin","Municipal Parking Lot Milwaukee Ave E","","","market","http://www.fortfarmersmarket.com/","-88.8317","42.9267","53538"
"Fountain City","","Fountain City Farmers Market","Wisconsin","725 S Main St","baked goods crafts eggs herbs vegetables meat nursery plants poultry soap","","market","","-91.706486","44.122253","54629"
"Fox Point","Fox Point Farmers' Market","Fox Point Farmers' Market","Wisconsin","7300 N. Lombardy Rd.","organic baked goods flowers eggs seafood herbs vegetables honey jams maple meat poultry soap coffee fruits juices mushrooms","","market","","-87.9060222","43.1503443","53217"
"Frederic","","Frederic Farmers Market","Wisconsin","Inter County Leader parking lot, Hwy 35","baked goods flowers eggs herbs vegetables honey maple fruits","","market","","-92.466452","45.661912","54837"
"Galesville","","Galesville Square","Wisconsin","On The Square","","","market","","-91.349","44.0816","54630"
"Gays Mills","Gays Mills Farmers Market","Gays Mills Farmers Market","Wisconsin","Main & Orin Streets/ Lions Park","baked goods flowers herbs vegetables honey jams maple plants prepared soap fruits wild","","market","http://www.gaysmillsfarmersmarket.com","-90.850197","43.318839","54631"
"Germantown","","Germantown Farmers Market","Wisconsin","Village Hill","","","market","","-88.1206","43.2205","53090"
"Granton","","Granton Farmers Market","Wisconsin","N4461 Hwy K","baked goods crafts flowers herbs vegetables honey jams maple nursery plants soap trees","","market","","-90.456426","44.580320","54436"
"Greendale","https://www.facebook.com/pages/Greendale-Park-and-Recreation","Greendale Open Market","Wisconsin","Broad Street ","baked goods crafts flowers herbs vegetables honey jams maple prepared soap coffee fruits","https://twitter.com/#!/GreendaleRec","market","http://gpr.greendale.k12.wi.us","-87.995969","42.941962","53129"
"Greenfield","www.facebook.com/greenfieldwifarmersmarket","Greenfield Farmers Market","Wisconsin","5151 W. Layton Avenue","organic baked goods cheese crafts flowers eggs herbs vegetables honey jams maple meat plants poultry prepared soap trees coffee fruits grains juices mushrooms pet food","","market","http://www.greenfieldwi.us/farmersmarket","-87.977083","42.958830","53220"
"Middleton","","Greenway Station Farmers' Market ","Wisconsin","Greenway Boulevard & Deming Way","","","market","http://www.greenwayshopping.com/events/","-89.5271","43.0902","53562"
"Greenwood","https://www.facebook.com/pages/Clark-County-Economic-Development-Corporation-and-Tourism-Bureau/347692531983119","Greenwood, WI Farmers Market","Wisconsin","414 S. Main","organic eggs","","market","http://www.clarkcountytourism-wi.org","-90.597968","44.762635","54437"
"Hartford","","Hartford Farmers Market","Wisconsin","1 Block North of Highway 60 on Rural Street","baked goods crafts flowers eggs herbs vegetables honey jams nursery plants soap","","market","","-88.381233","43.318122","53027"
"Hayward","Hayward Farmers Market, Wisconsin","Hayward Farmers Market, Wisconsin","Wisconsin","15886W US Hwy 63 S","baked goods crafts flowers eggs herbs vegetables honey jams maple meat plants poultry prepared soap trees coffee fruits juices mushrooms wild","","market","","-91.488510","46.011107","54843"
"La Crosse","","HCCC Farmers Market","Wisconsin","HMONG CULTURAL & COMMUNITY CENTER PARKING LOT","","","market","","-91.2287","43.7839","54601"
"Edgerton","","Henry Street Farmers Market","Wisconsin","Henry Street","","","market","","-89.0697","42.8348","53534"
"Beaver Dam","","Heritage Village Farmers Market","Wisconsin","","","","market","","-92.5356","45.1093","53916"
"Madison","https://www.facebook.com/farmtrails","Hilldale Farmers Market","Wisconsin","Hilldale Shopping Center, 702 N. Midvale Boulevard","organic baked goods cheese eggs seafood herbs vegetables honey jams maple meat nuts plants poultry prepared soap trees coffee beans fruits mushrooms wild","","market","http://www.hilldale.com/farmersmarket.html","-89.454803","43.071662","53705"
"Hillsboro","","Hillsboro Farmers Market","Wisconsin","731 Water Avenue","baked goods crafts vegetables jams fruits","","market","","-90.3401755","43.6508701","54634"
"Rhinelander","","Hodag Farmers' Market","Wisconsin","Pioneer Park 600-1000 Oneida Ave","","","market","","-89.4078","45.6295","54501"
"Holmen","","Holmen Farmers Market","Wisconsin","Holmen Square (Skogen's IGA parking lot)","","","market","","-91.2652","43.969",""
"Hubertus","https://www.facebook.com/pages/Holy-Hill-Art-Farm/103713793036027","Holy Hill Art & Farm Market","Wisconsin","4958 Hwy 167","organic baked goods cheese crafts flowers eggs seafood herbs vegetables honey jams maple nuts prepared soap coffee fruits juices mushrooms wild","","market","https://www.holyhillartfarm.com","-88.2781962","43.2513473","53033"
"Horicon","https://www.facebook.com/pages/Horicon-Phoenix-Program/120751853430?ref=hl","Horicon Farmers Market","Wisconsin","South Hubbard Street","baked goods cheese crafts flowers eggs seafood herbs vegetables honey jams maple meat nuts plants poultry soap fruits","","market","http://www.localharvest.org/horicon-community-garden-farm-market-M34474","-88.630314","43.442435","53032"
"Hudson","https://www.facebook.com/pages/Hudson-Farmers-Market-on-CARMICHAEL/140544355962413","Hudson Farmers Market on Carmichael","Wisconsin","504 Frontage Road","baked goods cheese flowers eggs herbs vegetables honey jams maple plants soap fruits","","market","http://www.hudsonfarmersmarketcarmichael.com","-92.703256","44.965783","54016"
"Hurley","www.facebook.com/IronCountyFarmerMarket","Iron County Farmers Market","Wisconsin","13420 N 10th Ave","baked goods crafts flowers herbs vegetables jams maple soap fruits wild","","market","http://www.ironcountyfarmersmarket.com","-90.193419","46.462202","54559"
"Black River Falls ","https://www.facebook.com/brf.wi/","Jackson County Farmers Market","Wisconsin","Diploma Drive","organic baked goods cheese crafts flowers eggs herbs vegetables honey jams maple meat poultry soap fruits","","market","http://www.jcfarmmarket.org/","-90.862319","44.291599","54615"
"Milwaukee ","https://www.facebook.com/JPFarmersMarket","Jackson Park Farmers Market","Wisconsin","3500 W. Forest Home Ave.","baked goods cheese crafts flowers eggs herbs vegetables honey jams meat plants prepared soap coffee fruits","JPFarmersMkt","market","http://jacksonpark.us/farmers-market/","-87.963355","42.996957","53215"
"Janesville ","https://www.facebook.com/pages/Janesville-Farmers-Market-Inc/212710452079344","Janesville Farmers Market, Inc.","Wisconsin","100 Block of North Main Street","organic baked goods cheese crafts flowers eggs herbs vegetables honey jams maple meat plants poultry prepared soap trees coffee fruits juices mushrooms","https://twitter.com/jnsvlfarmmkt","market","http://janesvillefarmersmarket.com/jfm/","-89.023327","42.683703","53545"
"Jefferson","https://www.facebook.com/pages/Jefferson-Farmers-Market/186054341555070","Jefferson Farmers Market - Summer","Wisconsin","East Racine Street and South Center Avenue","cheese crafts flowers herbs vegetables honey jams maple plants soap coffee fruits","","market","http://www.jeffersonwis.com","-88.806147","43.005011","53549"
"Juneau","","Juneau Farmers Market","Wisconsin","Courthouse Square","baked goods crafts flowers vegetables honey jams plants","","market","","-88.7035","43.407","53039"
"Kenosha","","Kenosha Farmers Market - Baker Park","Wisconsin","Baker Park","","","market","","-87.8206","42.5752","53143"
"Kenosha","","Kenosha Farmers Market - Columbus Park","Wisconsin","Columbus Park","","","market","","-87.8342","42.5859","53143"
"Kenosha","","Kenosha Farmers Market - Lincoln Park","Wisconsin","Lincoln Park","","","market","","-87.8311","42.5709","53143"
"Kenosha","","Kenosha Farmers Market - Union Park","Wisconsin","Union Park","","","market","","-87.8215","42.5952","53143"
"Kenosha ","Kenosha HarborMarket ","Kenosha HarborMarket","Wisconsin","2nd Avenue between 54th and 56th Streets","organic baked goods cheese crafts flowers eggs seafood herbs vegetables honey jams maple meat nuts plants poultry prepared soap trees coffee beans fruits grains juices mushrooms pet food tofu","","market","http://kenoshaharbormarket.com","-87.813957","42.586623","53140"
"Kenosha ","Kenosha HarborMarket ","Kenosha Winter HarborMarket ","Wisconsin","514 - 56th Street","organic baked goods cheese eggs seafood herbs vegetables honey jams maple meat poultry prepared soap coffee fruits grains juices mushrooms tofu","","market","http://kenoshaharbormarket.com","-87.818060","42.585197","53140"
"Algoma","Rural Enterprise Network","Kewaunee County Farmers Market","Wisconsin","N6975 Hwy 42","baked goods cheese flowers eggs herbs vegetables honey jams maple meat plants poultry prepared coffee beans fruits juices","","market","http://KewCoFarmersMarket.com","-87.452972","44.576908","54201"
"Kiel","","Kiel Farmers Market","Wisconsin","4th and Paine St.","","","market","","-88.0343","43.9136",""
"Kronenwetter","https://www.facebook.com/KronenwetterWI","Kronenwetter Farmer's Market","Wisconsin","2390 Terrebonne Drive","cheese crafts flowers herbs vegetables honey jams maple poultry prepared soap fruits","","market","http://kronenwetter.org/departments/CD/CEvents/farmersmarket","-89.623096","44.853861","54455"
"Lake Mills","","Lake Mills Farmers' Market","Wisconsin","100 North Main Street - Commons Park","baked goods cheese crafts flowers eggs herbs vegetables honey jams maple meat nursery nuts plants poultry prepared soap trees","","market","http://www.lakemillsfarmersmarket.com","-88.907965","43.074024","53551"
"Land O Lakes","","Land O Lakes Farmers Market","Wisconsin","Downtown","","","market","","-89.2183","46.1618",""
"Elkhorn","","Little Miss Sweet Peas Farmers Market","Wisconsin","431 E. Geneva St.","","","market","","-88.5355","42.6694",""
"Lodi","https://www.facebook.com/LodiValleyFarmersMarket","Lodi Valley Farmers' Market","Wisconsin","902 W Main St. (Hwy 113)","cheese crafts flowers eggs seafood herbs vegetables honey jams maple meat plants poultry prepared soap trees fruits","","market","","-89.53785","43.32548","53555"
"Lomira","www.facebook.com/lomirafarmersmarket","Lomira Farmers Market","Wisconsin","580 East Ave","organic crafts flowers eggs herbs vegetables honey jams plants soap fruits","@LomiraMarket","market","http://www.facebook.com/lomirafarmersmarket","-88.4325561","43.5887590","53048"
"Loyal","","Loyal Farmers Market","Wisconsin","139 N Main St.","baked goods crafts flowers herbs vegetables honey jams maple nursery plants soap trees","","market","","-90.496144","44.734814","54446"
"Madison","www.facebook.com/MADWestFM","MADWest Winter Farmers' Market","Wisconsin","55 South Gammon Road","organic baked goods cheese crafts eggs seafood vegetables honey jams maple meat poultry prepared coffee beans fruits grains mushrooms","","market","","-89.502026","43.066326","53717"
"Marshfield","","Main Street Marshfield Farmers Market","Wisconsin","641 S. Central Avenue","baked goods crafts flowers herbs vegetables jams plants trees fruits","","market","http://www.mainstreetmarshfield.com","-90.1768","44.6612","54449"
"Stoughton","www.facebook.com/mandtmarketplace","Mandt Marketplace","Wisconsin","811 Fourth Streert","organic baked goods cheese crafts flowers eggs seafood herbs vegetables honey jams maple meat plants poultry prepared soap trees fruits","","market","","-89.217966","42.911655","53589"
"Marinette","","Marinette Farmers Market","Wisconsin","Main St & Wells St.","","","market","","-87.6279","45.0985","54143"
"Oshkosh","Oshkosh Farmers Markets","Market in the Park","Wisconsin","W South Park Ave & Georgia St","organic baked goods cheese crafts eggs herbs vegetables honey jams maple meat poultry prepared coffee fruits mushrooms","","market","http://www.OSFMI.com","-88.5575090","44.0053166","54901"
"Ferryville","","Market in the Park - Ferryville","Wisconsin","","","","market","","-91.097","43.363","54628"
"Green Bay ","Military Avenue Business Association","Market on Military Summer","Wisconsin","Military Avenue and West Mason Street","baked goods crafts flowers eggs seafood herbs vegetables honey jams maple meat plants poultry prepared soap wine fruits mushrooms pet food","","market","http://MilitaryAve.org","-88.064640","44.522210","54303"
"Pewaukee","","Market on the Hill","Wisconsin","449 W. Wisconsin","","","market","http://www.market.queenofapostles.net","-88.2701","43.0877","53072"
"Wausau","","Marshfield Clinic and Aspirus Farmers Market","Wisconsin","333 Pine Ridge Blvd","flowers eggs herbs vegetables honey maple poultry fruits","","market","","-89.667728","44.966094","54401"
"Mayville","","Mayville Downtown Green Market","Wisconsin","Downtown Main Street","crafts flowers herbs vegetables honey jams maple plants","","market","http://www.mainstreetmayville.com","-88.5638","43.5289","53050"
"mazomanie","","mazomanie farmers market","Wisconsin","117 brodhead street","","","market","","-89.7946","43.175",""
"McFarland","","McFarland Farmers Market I","Wisconsin","5100 Farwell Street","","","market","","-89.2934","43.0129","53558"
"Medford","","Medford Farmers Market","Wisconsin","","baked goods crafts flowers herbs vegetables honey jams maple plants soap fruits pet food","","market","","-90.346674","45.138027","54451"
"Medford","","Medford Farmers Market","Wisconsin","corner of highway 13  and highway 64","baked goods crafts flowers herbs vegetables honey jams maple meat plants poultry soap trees fruits mushrooms pet food","","market","","-90.332954","45.142173","54451"
"Menasha","","Menasha's Farm Fresh Market","Wisconsin","140 Main St.","baked goods cheese crafts flowers eggs seafood herbs vegetables honey jams maple meat poultry prepared soap coffee fruits","","market","http://www.cityofmenasha-wi.gov/content/departments/city_clerk/Farmers_Market/","-88.450606","44.200067","54952"
"Menomonee Falls","https://www.facebook.com/eastsidefarmersmarket","Menomonee Falls Wednesday Farmers Market","Wisconsin","On Main Street just West of Appleton Avenue","baked goods crafts flowers eggs herbs vegetables plants soap fruits","","market","","-88.117535","43.178726","53051"
"Menomonie ","https://www.facebook.com/Menomonie-Farmers-Market-132792951987/","Menomonie Farmer's Market","Wisconsin","Wilson Park, 8th Street","baked goods cheese flowers eggs herbs vegetables jams maple meat poultry prepared coffee fruits","","market","http://www.westcap.org","-91.921551","44.875275","54751"
"Merrill","","Merrill Area Farmers' Market","Wisconsin","Normal Park  Located at Center Street between 6th & 7th Streets","baked goods flowers herbs vegetables honey jams maple meat plants","","market","","-89.684","45.1854","54452"
"MIDDLETON","","MIDDLETON FARMERS MARKET","Wisconsin","Greenway Blvd. & Deming Way","","","market","","-89.5271","43.0902",""
"Milwaukee","","Milwaukee Asian Farmers Market","Wisconsin"," 76th St. & Mill Rd.","organic eggs herbs vegetables fruits","","market","","-88.004359","43.132573","53218"
"Milwaukee","https://www.facebook.com/mcwfm","Milwaukee County Winter Farmers' Market","Wisconsin","524 South Layton Blvd","organic baked goods cheese flowers eggs seafood herbs vegetables honey jams maple meat poultry prepared soap coffee fruits grains juices mushrooms pet food wild","","market","http://www.mcwfm.org","-87.945932","43.026399","53215"
"Mineral Point","https://www.facebook.com/pages/Mineral-Point-Market/208185289219556","Mineral Point Market","Wisconsin","Business Highway 151 at Madison Street.","organic baked goods cheese crafts flowers eggs herbs vegetables honey jams maple meat plants poultry prepared soap coffee fruits wild","","market","http://www.mineralpointmarket.com","-90.186582","42.863000","53565"
"Minocqua","https://www.facebook.com/pages/Minocqua-Farmers-Market/223967904356536","Minocqua Farmers Market","Wisconsin","10295 Highway 70W","baked goods cheese crafts flowers eggs herbs vegetables honey jams maple meat plants poultry prepared soap trees fruits grains mushrooms pet food wild","","market","http://minocquafarmersmarket.com/","-89.7501887","45.8833293","54548"
"Milwaukee","","Mitchell Street Farmers' Market","Wisconsin","","","","market","","-87.9372","43.0126","53215"
"Monona","","Monona Farmers Market","Wisconsin"," Ahuska Park on Broadway","","","market","","-89.3175","43.0466","53716"
"Monroe","Monroe Farmers Market on the Square","Monroe Farmers Market ","Wisconsin","10th St and 16th Ave","organic baked goods crafts flowers eggs herbs vegetables honey jams maple meat plants poultry prepared soap coffee fruits","","market","http://www.mainstreetmonroe.org","-89.639374","42.601850","53566"
"Rdudolph","https://www.facebook.com/morninsunshine.farm.5","Mornin' Sunshine Farm ","Wisconsin","7207 State Highway 34","baked goods crafts flowers herbs vegetables honey jams prepared coffee fruits","","market","http://www.morninsunshinefarm.com","-89.810196","44.503296","54475"
"City","","Mosinee Farm Market","Wisconsin","1101 Main Street","baked goods cheese crafts flowers herbs vegetables honey jams maple plants soap fruits","","market","http://www.mosineechamber.org","-89.7587000","44.5904000","54455"
"Mt. Horeb","https://www.facebook.com/pages/Mount-Horeb-Farmers-Market/116716985027651","Mt. Horeb Farmers Market","Wisconsin","300 block of E. Main Street","organic baked goods cheese flowers eggs herbs vegetables honey jams maple meat plants poultry prepared soap beans fruits mushrooms wild","","market","http://mthorebfarmersmarket.com","-89.735821","43.008385","53572"
"Mukwonago, WI","https://www.facebook.com/pages/Mukwonago-Area-Farmers-Market","Mukwonago Area Farmers' Market","Wisconsin","933 N. Rochester Street ","organic baked goods cheese crafts flowers eggs herbs vegetables honey jams maple meat plants poultry prepared soap trees coffee fruits juices mushrooms","","market","http://www.mukwonagochamber.org","-88.338621","42.873606","53149"
"Lake Nebagamon","","Nebagamon's Lakeview Farmers Market","Wisconsin","Sharon's Lakeview Caf","","","market","","-91.6993","46.5139","54849"
"Neenah","Future Neenah Farmers Market","Neenah Farmer's Market","Wisconsin","210 E Wisconsin Ave.","baked goods cheese crafts flowers eggs seafood herbs vegetables honey jams maple meat plants poultry prepared soap coffee fruits grains mushrooms","","market","http://www.neenah.org","-88.459157","44.185420","54956"
"Neillsville ","","Neillsville Farmers Market","Wisconsin","Corners of Hewett & 5th Street","baked goods eggs herbs vegetables honey jams maple plants beans fruits","","market","","-90.596173","44.559826","54456"
"New Berlin","https://www.facebook.com/pages/New-Berlin-Farmers-Market/140839852645248","New Berlin Farmers Market","Wisconsin","16300 W. National Avenue","baked goods cheese crafts flowers eggs herbs vegetables honey jams maple meat plants poultry prepared soap trees fruits pet food","","market","","-88.116283","42.971212","53151"
"New Glarus","https://www.facebook.com/newglarusfarmersmarket/","New Glarus Farmers Market","Wisconsin","1101 Hwy 69 ","baked goods crafts flowers eggs herbs vegetables honey jams maple meat poultry soap coffee beans fruits pet food","","market","","-89.632242","42.809612","53574"
"NEW HOLSTEIN","","NEW HOLSTEIN FARMERS MARKET","Wisconsin","2031 Wisconsin Ave.","","","market","","-88.0929","43.9497",""
"New Richmond","","New Richmond Farmers Market","Wisconsin","1100 Heritage Drive","","","market","","-92.5357","45.1104","54017"
"Madison","https://www.facebook.com/madNFM/","Northside Farmers Market","Wisconsin","2900 N. Sherman","baked goods cheese flowers eggs seafood herbs vegetables honey jams maple meat nuts plants poultry prepared soap trees coffee beans fruits juices mushrooms pet food","","market","http://www.northsidefarmersmarket.org","-89.363109","43.128582","53704"
"Portage","https://www.facebook.com/NorthsideFarmersMarketAtEdgewaterGhse","Northside Farmers Market at Edgewater","Wisconsin","2957 County CX","flowers herbs vegetables honey jams poultry soap fruits","","market","http://www.edgewaterhomeandgarden.com","-89.471969","43.572223","53901"
"Burlington","","Northwind Perennial Farm Market","Wisconsin","7047 Hospital Road","baked goods cheese crafts vegetables honey jams maple meat plants prepared soap trees","","market","http://www.northwindperennialfarm.com","-88.408442","42.654478","53105"
"Oconomowoc","","Oconomowoc Farmers Market","Wisconsin","175 E. Wisconsin Avenue","baked goods cheese crafts flowers eggs herbs vegetables honey jams maple meat plants poultry prepared soap fruits","","market","http://www.oconomowoc.org","-88.497125","43.110205","53066"
"Milwaukee","","Old South Side Farmers Market","Wisconsin","700-900 W Lincoln Avenue","","","market","http://www.urban-anthropology.org","-87.9236","43.0227","53215"
"Winnebago","","Omro Friday Night Market","Wisconsin","On One Way Portion of S. Webster Ave","","","market","","-88.7109","44.0127",""
"Omro","https://www.facebook.com/pages/Omro-Thursday-Night-Market/113528408690777","Omro Thursday Night Market","Wisconsin"," 515 E. Main Street","crafts vegetables jams fruits","","market","http://www.futureomro.org/thursday-night-market.html","-88.738070","44.039854","54963"
"Oneida","https://www.facebook.com/#!/pages/Oneida-Farmers-Market-Wisconsin/157816204275054","Oneida Farmers Market","Wisconsin","N7332 Water Circle Place","organic baked goods crafts flowers eggs herbs vegetables honey jams maple meat nuts plants poultry prepared soap fruits","","market","http://www.oneidanation.org/ofm","-88.202341","44.503625","54155"
"OREGON","","OREGON FARMERS MARKET","Wisconsin","787 N Main St.","","","market","","-89.3836","42.9384",""
"Orfordville","http://www.facebook.com/orfordvillefarmersmarket","Orfordville Farmers' Market","Wisconsin","303 E. Beloit Street","baked goods cheese crafts eggs vegetables honey jams plants poultry prepared soap fruits","","market","http://orfordvillefarmersmarket.com/","-89.253301","42.627022","53576"
"osceola","","Osceola Farmer's Market","Wisconsin","The Millpond, Cascade st","organic baked goods crafts flowers eggs herbs vegetables honey jams maple plants prepared soap fruits","","market","","-92.705212","45.319565","54020"
"Oshkosh","Oshkosh Farmers Markets","Oshkosh Farmers Market - Downtown","Wisconsin","400 & 500 Blocks N Main St & 100 Block Church Ave","organic baked goods cheese crafts flowers eggs seafood herbs vegetables honey jams maple meat nuts plants poultry prepared soap coffee fruits mushrooms","","market","http://www.OSFMI.com","-88.537461","44.022875","54901"
"Oshkosh","Oshkosh Farmers Markets","Oshkosh Farmers Market - Downtown","Wisconsin","400-500 Blocks N Main St","organic baked goods cheese crafts flowers eggs seafood herbs vegetables honey jams maple meat nuts plants poultry prepared soap coffee fruits juices mushrooms","","market","http://www.OSFMI.com","-88.537573","44.021478","54901"
"Oshkosh","Oshkosh Farmers Markets","Oshkosh Farmers Market - Winter","Wisconsin","108 W New York Ave","organic baked goods cheese crafts eggs herbs vegetables honey jams maple meat nuts plants poultry prepared soap coffee mushrooms","","market","http://www.OSFMI.com","-88.540004","44.033250","54901"
"Owen","","Owen Farmers Market","Wisconsin","Old School, Highway X","organic baked goods cheese flowers eggs herbs vegetables honey jams maple meat nursery plants prepared","","market","http://www.clark-cty-wi.org","-90.5632","44.9479","54498"
"Wisconsin Rapids","www.facebook.com/PeachSt.FarmersMarket","Peach St. Farmers Market","Wisconsin","2031 Peach St.","baked goods flowers eggs herbs vegetables honey jams maple plants poultry prepared fruits mushrooms","","market","","-89.800174","44.387613","54494"
"Phillips","","Phillip's Farmers Market","Wisconsin","Off Hwy 13 in the lot just north of Copps","crafts flowers herbs vegetables honey jams maple plants soap trees coffee fruits","","market","","-90.395800","45.687550","54555"
"PITTSVILLE","","PITTSVILLE FARMERS MARKET","Wisconsin","","","","market","","-90.131","44.4424",""
"Platteville","www.facebook.com/PlattevilleFarmersMarket/","Platteville Farmers Market - Summer","Wisconsin","100 Park Place","meat prepared soap","","market","https://plattevillefarmersmarketwi.com/","-90.479570","42.735314","53818"
"Platteville","www.facebook.com/PlattevilleFarmersMarket/","Platteville Farmers Market - Winter","Wisconsin","205 Market Street","baked goods crafts eggs herbs honey jams maple meat nuts prepared soap coffee juices pet food","","market","https://plattevillefarmersmarketwi.com/","-90.479874","42.736018","53818"
"Plymouth","","Plymouth Farmers Market","Wisconsin","1500 Douglas Drive","vegetables","","market","http://www.sheboygancountyinterfaith.org","-87.9616889","43.7526033","53075"
"Port Wing","","Port Wing Farmers Market","Wisconsin","","","","market","","-91.383","46.78","54865"
"Portage","","Portage WI Farmers Market","Wisconsin","Corner of Hwy 16 and Hwy 33","organic baked goods crafts flowers herbs vegetables honey jams meat nursery plants poultry prepared soap","","market","","-89.4613760","43.5394299","53901"
"Poynette","https://www.facebook.com/pages/Poynette-Area-Farmers-Market/125612187478803","Poynette Area Farmers Market","Wisconsin","South Main Street","baked goods crafts flowers herbs vegetables honey jams plants soap fruits wild","","market","","-89.403090","43.389924","53955"
"Sun Prairie","https://www.facebook.com/PrairieLakesSunPrairie/","Prairie Lakes Farmers Market","Wisconsin","2824 Prairie Lakes Dr, Ste. 201, Ste. 201","organic baked goods cheese crafts flowers eggs herbs vegetables honey maple plants prepared soap fruits","","market","","-89.2702544","43.1680835","53590"
"Prairie du Chien ","Prairie Street Farmers Market","Prairie Street Farmers Market","Wisconsin","312 W Blackhawk. Ave","baked goods flowers eggs herbs vegetables honey jams maple meat nuts plants poultry soap coffee fruits juices","","market","","-91.149952","43.051660","53821"
"Princeton ","","Princeton's Farm to Fork Farmer's Market","Wisconsin","400 S. Fulton St., Hwy 23/73","baked goods cheese flowers eggs seafood herbs vegetables honey jams maple meat nuts plants poultry soap trees beans fruits grains juices mushrooms","","market","","-89.124066","43.846902","54968"
"Elmwood Plaza Racine","","Racines Farmers Market","Wisconsin","Durand Ave.","","","market","","-87.823","42.6964",""
"Reedsburg","","Reedsburg Area Medical Center Farmer's Markets","Wisconsin","2000 North Dewey Avenue","baked goods cheese crafts flowers eggs seafood herbs vegetables honey jams maple meat nuts plants poultry prepared soap trees coffee beans fruits grains juices mushrooms pet food tofu","","market","http://www.ramchealth.com","-89.993406","43.549612","53959"
"Rice Lake","","Rice Lake Farmers Market","Wisconsin","N. Main Street","","","market","","-91.7334","45.5013","54868"
"Richland Center","https://www.facebook.com/pages/RICHLAND-AREA-FARMERS-MARKET/10150099096045319","Richland Area Farmers Market - Court House","Wisconsin","Richland County Court House 181 W. Seminary Street","organic baked goods crafts flowers eggs herbs vegetables honey jams maple nuts plants soap coffee fruits mushrooms","","market","http://www.richlandareafarmersmarket.org","-90.385608","43.334530","53581"
"Richland Center ","https://www.facebook.com/pages/RICHLAND-AREA-FARMERS-MARKET/10150099096045319","Richland Area Farmers Market - S. Main St.","Wisconsin","391 S. Main St.","organic baked goods flowers honey jams maple plants soap coffee","","market","http://www. richlandareafarmersmarket.org","-90.3866921","43.3329407","53581"
"Wausau","","River District Marketplace","Wisconsin","","","","market","","-92.6256","44.856","54403"
"River Falls","","River Falls Farmers' Market","Wisconsin","1121 S. Main St.","organic baked goods cheese flowers eggs herbs vegetables honey jams maple meat plants prepared soap trees fruits","","market","","-92.630242","44.845941","54022"
"Milwaukee","https://www.facebook.com/RiverwestMarket","Riverwest Gardeners Market","Wisconsin","821 E Locust","baked goods cheese crafts flowers eggs herbs vegetables honey jams meat plants poultry soap fruits","","market","http://www.riverwestmarket.com","-87.9007","43.0709","53212"
"Janesville","https://www.facebook.com/pages/Rock-County-Farmers-Market/184875574898182","Rock County Farmers Market","Wisconsin","","","","market","","-89.0994","42.6776",""
"New Rome","Www.facebook.com/romefarmersmarket","Rome Farmers Market","Wisconsin","Geneva Tr and Snowpass","baked goods cheese crafts flowers eggs seafood herbs honey jams maple plants poultry prepared soap trees pet food","","market","","-89.810538","44.217220","54457"
"Ladysmith","Rusk County Farmers Market","Rusk County Farmers Market","Wisconsin","US Highway 8 & W. 2nd  Street","organic baked goods cheese crafts flowers eggs herbs vegetables honey jams maple meat plants poultry soap coffee fruits mushrooms","","market","","-91.099240","45.464998","54848"
"sauk city","","sauk city farmers market","Wisconsin","612 water st","","","market","","-89.7195","43.2738","53583"
"Reedsburg","","Sauk County Farmers Market at Reedsburg","Wisconsin","City Park","","","market","","-90.0024","43.5329","53959"
"Prairie du Sac","https://www.facebook.com/pages/Sauk-Prairie-Farmers-Market/102164173157230","Sauk Prairie Farmers Market","Wisconsin","","","","market","http://business.saukprairie.com/list/member/sauk-prairie-farmers-market-prairie-du-sac-1635","-89.729784","43.285309",""
"Seymour","","Seymour Farmers Market","Wisconsin","N Main St & Depot St","","","market","","-88.3303","44.5124","54165"
"Shawano","https://www.facebook.com/shawanofarmersmarket","Shawano Farmers Market","Wisconsin","235 S. Washington Street","baked goods cheese crafts flowers seafood herbs vegetables honey jams maple meat plants prepared soap fruits juices mushrooms","https://twitter.com/shawanomarket","market","http://www.shawanofarmersmarket.org","-88.611200","44.779493","54166"
"Sheboygan","","Sheboygan Farmers Market","Wisconsin","Fountain Park","baked goods cheese flowers eggs herbs vegetables honey jams maple meat nursery plants poultry prepared soap","","market","http://www.sheboygancountyinterfaith.org","-87.71326","43.75616","53081"
"Shorewood","https://www.facebook.com/shorewoodfarmersmarket/","Shorewood Farmers Market","Wisconsin","1600 E. Lake Bluff Blvd","organic baked goods cheese flowers eggs seafood herbs vegetables honey jams maple meat plants poultry prepared soap coffee fruits grains juices mushrooms wild","","market","http://www.shorewoodfarmersmarket.com/","-87.890488","43.096929","53211"
"Solon Springs","","SOLON FARMERS MARKET","Wisconsin"," Bus. Hwy. 53 and Main St.","","","market","","-91.836","46.3485",""
"Solon Springs","","Solon Springs Family Fun Days Farmers' Market","Wisconsin","Bus. Hwy. 53","baked goods crafts flowers eggs herbs vegetables honey jams maple nursery plants soap","","market","","-91.8224113","46.3532743","54873"
"Madison","","South Madison Farmers Market","Wisconsin","2520 Rimrock Rd","baked goods cheese crafts flowers seafood herbs vegetables honey meat nursery poultry","","market","http://www.southmadisonfarmersmarket.com","-89.379230","43.035960",""
"Madison","https://www.facebook.com/pages/Route-66-Farmers-Market-St-Clair/114351778639792","South Madison Farmers Market","Wisconsin","1601 Park St","baked goods cheese flowers seafood herbs vegetables honey meat nursery poultry soap","","market","","-89.3940207","43.0499927",""
"South Milwaukee ","https://www.facebook.com/smdowntownmarket","South Milwaukee Downtown Market","Wisconsin","11th and Milwaukee Avenues","organic baked goods cheese crafts flowers eggs herbs vegetables honey jams meat plants poultry prepared soap trees coffee fruits juices pet food wild","","market","http://www.smmarket.org","-87.8626880","42.9107287","53172"
"Bay View","https://www.facebook.com/pages/South-Shore-Farmers-Market/352715301468098","South Shore Farmers Market","Wisconsin","2900 South Shore Drive","organic baked goods cheese flowers eggs seafood herbs vegetables honey jams maple meat poultry prepared trees coffee fruits grains juices mushrooms","","market","http://www.southshorefarmersmarket.com","-87.882514","42.994023","53207"
"South Wayne","","South Wayne Farmer's Market","Wisconsin","Old Hwy 11","","","market","","-89.8701","42.5692",""
"Janesville","","Southcentral Wisconsin Regional Harvest ","Wisconsin","1711 Lodge Dr (pickup site)","","","market","http://www.localharvest.org/southcentral-wisconsin-regional-harvest-M57070","-89.0017","42.7171","53545"
"Catawba","","Southern Price Cty Farmers Market","Wisconsin","","","","market","","-90.5294","45.5371",""
"MADISON","","SOUTHSIDE LABOR TEMPLE","Wisconsin","1602 S. Park St.","","","market","","-89.3946","43.0497",""
"MADISON","","SOUTHWEST FARMERS MARKET","Wisconsin","","","","market","","-89.4724","43.0365",""
"Sparta ","https://www.facebook.com/Spartawisconsinfarmersmarket","Sparta Farmer Market","Wisconsin","Downtown Main St","organic baked goods cheese crafts flowers eggs herbs vegetables honey jams maple plants soap fruits","","market","","-90.811559","43.944671","54656"
"Sparta","https://www.facebook.com/Spartawisconsinfarmersmarket","Sparta Wisconsin Farmers Market","Wisconsin","West Main St","baked goods cheese crafts flowers eggs herbs vegetables honey jams maple soap beans fruits mushrooms","","market","","-90.811580","43.944393","54656"
"Spooner","https://www.facebook.com/pages/Spooner-Farmers-Market/153478781356672","Spooner Farmers Market","Wisconsin","Front at Oak Street","baked goods crafts flowers herbs vegetables honey jams plants fruits","","market","","-91.887245","45.825181","54801"
"Milwaukee","https://www.facebook.com/sacfm/","St. Ann Center Indoor Market ","Wisconsin","2801 E. Morgan Ave.","baked goods crafts vegetables honey jams prepared soap coffee fruits juices mushrooms","","market","http://stanncenter.org/event/indoor-market/","-87.8742860","42.9801511","53207"
"St. Croix Falls","https://www.facebook.com/pages/St-Croix-Falls-Farmers-Market/116196688392148","St. Croix Falls Farmers Market","Wisconsin","230 South Washington Street","baked goods flowers herbs vegetables honey jams maple meat plants soap fruits wild","","market","http://stcroixfallsfarmersmarket.org","-92.644530","45.407667","54024"
"STANLEY","","STANLEY FARMERS MARKET","Wisconsin","","","","market","","-90.9366","44.9598",""
"Stevens Point","","Stevens Point Farmers Market","Wisconsin"," At intersection of Main St, and 2nd Street","organic baked goods crafts flowers eggs herbs vegetables honey jams maple meat nuts plants poultry prepared soap coffee beans fruits wild","","market","http://www.stevenspointfarmersmarket.org","-89.585824","44.523376","54481"
"Stoughton","","Stoughton Farmers Market","Wisconsin","1050 W. Main Street","","","market","","-89.2358","42.9172","53589"
"Stratford","https://www.facebook.com/StratfordFarmersMarket","Stratford Farmers Market","Wisconsin","402 S Weber Ave","organic baked goods cheese flowers eggs herbs vegetables honey jams maple meat plants poultry fruits grains","","market","http://www.StratfordFarmersMarket.com","-90.078915","44.796896","54484"
"Sturgeon Bay","","Sturgeon Bay Farm and Craft Market","Wisconsin","421 Michigan Street","organic baked goods cheese crafts flowers eggs seafood herbs vegetables honey jams maple meat plants prepared soap trees fruits","","market","http://www.sturgeonbaywi.org","-87.375201","44.834250","54235"
"Viroqua","https://www.facebook.com/pages/Sugar-Ridge-Ranch-Registered-Shropshire-Sheep-Country-Store/197163950318570?ref=br_tf","Sugar Ridge Ranch ","Wisconsin","E8977 Pierce Hill Rd","","","market","http://www.shop.sugarridgeranch.com/","-90.8002","43.5637","54665"
"MONTICELLO","","SUGAR RIVER FARMERS MARKET","Wisconsin","","","","market","","-89.5955","42.7453",""
"Sun Prairie","https://www.facebook.com/SunPrairieFarmersMarket","Sun Prairie Indoor Winter Farmers Market","Wisconsin","301 Blankenheim Lane","organic baked goods cheese crafts eggs seafood herbs honey jams maple meat nuts poultry soap coffee beans mushrooms pet food","","market","http://www.sunprairiefarmersmarket.com","-89.2050910","43.1831190","53590"
"Sun Prairie","https://www.facebook.com/SunPrairieFarmersMarket","Sun Prairie Outdoor Summer Farmers Market","Wisconsin","300 East Main Street","baked goods cheese crafts flowers eggs seafood herbs vegetables honey jams maple meat nuts plants poultry soap coffee fruits juices mushrooms pet food","","market","http://www.sunprairiefarmersmarket.com/","-89.210368","43.183411","53590"
"Superior ","Superior Downtown Farmers' Market","Superior Downtown Farmers' Market","Wisconsin","1215 Banks Ave.","baked goods crafts flowers eggs herbs vegetables jams maple meat plants poultry prepared soap trees coffee fruits juices mushrooms","","market","","-92.1054505","46.7236347","54880"
"Superior","https://www.facebook.com/pages/Superior-Downtown-Farmers-Market/168331959891730","Superior Downtown Farmers' Market","Wisconsin","1530 Tower Ave.","baked goods crafts flowers eggs seafood herbs vegetables honey jams maple meat plants poultry prepared soap trees fruits juices","","market","http://www.superiordowntownfarmersmarket.com","-92.1039","46.72023","54880"
"Greenville","https://www.facebook.com/Sustain.Greenville.Market/","Sustain Greenville Farmers Market","Wisconsin","N1915 Julius Dr","organic baked goods cheese crafts flowers honey jams maple plants prepared soap pet food","","market","http://www.sustaingreenville.org/","-88.557375","44.311141","54942"
"Taylor","","Taylor Town Square Farmers Market","Wisconsin","Town Square","","","market","","-91.1223","44.3242",""
"Madison","The Madison farmers market","The Madison Farmer's Market Inc.","Wisconsin","4 E. Mifflin St.","baked goods cheese flowers eggs herbs vegetables honey jams maple meat prepared soap coffee beans fruits grains","","market","http://Www.themadisonfarmersmarket.org","-89.382937","43.075298","53703"
"Green Lake","","The Market at Town Square","Wisconsin","492 Hill St.","organic baked goods crafts flowers herbs vegetables honey jams maple meat plants prepared soap wine beans fruits juices mushrooms","","market","http://greenlakerenewal.org/","-88.960382","43.845375","54941"
"Stevens Point","https://www.facebook.com/pages/The-Market-on-Strongs/246306578736424","The Market on Strongs","Wisconsin","1332 Strongs Avenue","organic baked goods cheese crafts eggs herbs vegetables honey jams maple meat nuts plants poultry soap wine coffee beans fruits grains juices mushrooms","","market","http://www.themarketonstrongs.com","-89.58246","44.52305","54481"
"Thiensville","https://www.facebook.com/pages/Thiensville-Farmers-Market/628241020526072","Thiensville Village Market","Wisconsin","250 Elm St","organic baked goods cheese crafts flowers eggs seafood herbs vegetables honey jams meat plants poultry prepared soap trees wine fruits","","market","http://www.village.thiensville.wi.us/index.aspx?nid=373","-87.978892","43.231840","53092"
"Thorp","","Thorp Farmer's Market","Wisconsin","320 E Stanley St.","baked goods crafts flowers herbs vegetables honey jams maple nursery plants soap trees","","market","","-90.798290","44.958998","54771"
"Tomah","","Tomah Area Farmers Market Association","Wisconsin","Holton","baked goods flowers herbs vegetables honey jams maple plants","","market","http://www.tomahareafarmersmarket.org","-90.504","43.974","54660"
"Tomahawk","","Tomahawk Main Street Farmers' Market","Wisconsin","North 3rd Street","baked goods crafts flowers eggs herbs vegetables honey jams maple plants poultry soap fruits mushrooms","","market","http://www.tomahawkmainstreet.org","-89.730749","45.471147","54487"
"Tomahawk","","Tomahawk, Wisconsin Original Farmers' Market","Wisconsin","Washington Park between 4th and 5th Streets","baked goods flowers herbs vegetables honey jams maple meat plants prepared","","market","","-89.7285","45.4714","54487"
"Wauwatosa","https://www.facebook.com/TosaFarmersMarket","Tosa Farmers Market","Wisconsin","7720 N. Harwood Ave","organic baked goods cheese crafts flowers eggs seafood vegetables honey jams maple meat poultry prepared soap trees coffee fruits grains mushrooms","","market","http://www.tosafarmersmarket.com","-88.008570","43.048852","53213"
"Wauwatosa ","https://www.facebook.com/TosaFarmersMarket/","Tosa Farmers Market","Wisconsin","7720 Harwood Avenue","organic baked goods cheese crafts flowers eggs herbs vegetables honey jams maple meat nuts plants poultry prepared soap trees coffee fruits grains juices mushrooms tofu wild","https://twitter.com/tosafarmmarket?lang=en","market","http://www.tosafarmersmarket.com","-88.008673","43.048781","53213"
"Gays Mills","Turkey Ridge Organic Orchard","Turkey Ridge Organic Orchard- on farm Farm Market","Wisconsin","50350 Turkey Ridge Rd","organic baked goods vegetables jams maple meat fruits juices wild","","market","","-90.873029","43.348895","54631"
"Turtle Lake","","Turtle Lake Farmer's Market","Wisconsin","608 hwy 8","baked goods crafts flowers herbs vegetables honey jams maple meat nursery plants prepared","","market","http://www.villageofturtlelake.com/farmers_market.htm","-92.153707","45.395105","54889"
"Two Rivers","","Two Rivers Farmers/Crafter Market","Wisconsin","","crafts eggs vegetables honey jams maple soap fruits","","market","","-87.569392","44.150114","54241"
"Cable","","UCC Cable Farmers Market","Wisconsin","","","","market","","-91.254","46.2509",""
"Exeland","","Upper Northwoods Farmers Market ","Wisconsin","1237 Wisconsin 40","","","market","http://www.livingfaithchurchwi.org/ministries/farmers-market/","-91.2154","45.6804","54835"
"Verona","https://www.facebook.com/pages/Copiah-County-Farmers-Market/430372066986060","Verona Farmers' Market","Wisconsin","306 S. Main St","baked goods flowers eggs vegetables honey jams maple meat poultry prepared soap fruits","","market","http://www.veronafarmersmarket.com/","-89.5339","42.9875","53593"
"WEST BEND","","VFW - WEST BEND - Saturday","Wisconsin","260 Sand Dr.","","","market","","-88.1573","43.4048",""
"Denmark","","Village of Denmark Farmers Market","Wisconsin","100 Railroad Avenue","","","market","http://www.denmark-wi.org/","-87.829","44.3492","54208"
"New Richmond","","Village of Star Prairie Farmers Market","Wisconsin","2050 Hwy 65","","","market","","-92.5289","45.1587","54017"
"Weston","https://www.facebook.com/pages/Village-of-Weston-WI-Farmers-Market/357838462536","Village of Weston Farmers Market","Wisconsin","5500 Schofield Avenue","baked goods cheese crafts flowers seafood vegetables honey jams maple meat plants poultry prepared soap fruits pet food","","market","http://westonwi.gov/305/Farmers-Market","-89.55329","44.90552","54476"
"Viroqua ","Viroqua Farmers Market","Viroqua Farmers'  MARKET-Saturday","Wisconsin","210 Fairgrounds Road","organic baked goods crafts flowers eggs herbs vegetables honey jams maple meat nuts plants prepared soap trees coffee beans fruits mushrooms wild","","market","http://viroqua-wisconsin.com/farmersmarket","-90.8864999","43.5659569","54665"
"Viroqua ","Viroqua Farmers Market","Viroqua Farmers' Market-Wednesday","Wisconsin","210 South Main St.","organic baked goods crafts flowers eggs herbs vegetables honey jams maple meat nuts plants soap trees beans fruits mushrooms wild","","market","http://viroqua-wisconsin.com/farmersmarket","-90.8893274","43.5548818","54665"
" Milwaukee","https://www.facebook.com/pages/Vliet-Street-Community-Green-Market/105377359498120","Vliet Street Green Market ","Wisconsin","4420 W Vliet Street","","","market","","-87.9695","43.0489","53208"
"Waldo","Waldo Farmer's Market https://www.facebook.com/pages/Waldo-Farmers-Market/120803314706798","Waldo Farmer's Market","Wisconsin","308 First St.","baked goods cheese crafts flowers eggs herbs vegetables honey jams maple meat plants prepared soap trees fruits","","market","","-87.9449","43.675","53093"
"Milwaukee","https://www.facebook.com/pages/Walker-Square-Farmers-Market/173790679298514","Walker Square Farmers' Market","Wisconsin","Btw 9th & 10th and Mineral & Washington Streets","flowers eggs herbs jams plants prepared beans fruits","","market","","-87.923223","43.020671","53204"
"Elkhorn","","Walworth County Farmers Market","Wisconsin","Elkhorn Town Square","","","market","","-88.5412","42.6719","53121"
"Washburn","https://www.facebook.com/WashburnFarmersMarket","Washburn Farmers Market","Wisconsin","509 W Bayfield St","crafts flowers eggs herbs vegetables honey jams meat poultry soap fruits juices mushrooms wild","","market","http://washburnfarmersmar.wix.com/washburnfarmmarket","-90.900932","46.670732","54891"
"Waterloo","www.facebook.com/WaterlooFarmMarket","Waterloo Farmers' Market in the Park","Wisconsin","500 N Park Ave","baked goods crafts flowers herbs vegetables jams fruits","","market","","-88.984601","43.190401","53594"
"WATERTOWN","https://www.facebook.com/watertownfarmersmarket","WATERTOWN FARMERS MARKET","Wisconsin","815 Labaree St.","baked goods cheese crafts flowers herbs vegetables honey jams maple meat nuts plants prepared soap trees coffee fruits wild","","market","http://www.watertownchamber.com","-88.711438","43.200044","53094"
"Watertown","https://www.facebook.com/watertownfarmersmarket","Watertown Farmers Market - Thursday","Wisconsin","Emmet and South Water Street","baked goods vegetables honey jams meat prepared soap trees fruits","","market","http://www.watertownchamber.com","-88.726491","43.193779","53094"
"Ripon","","Watson Street Farmers Market","Wisconsin","Watson Street","","","market","http://www.riponmainst.com/riponmainst/calendar.htm","-88.8388","43.8402","54971"
"Waukesha","","Waukesha Farmers Market","Wisconsin","Riverfront Plaza","organic baked goods cheese crafts flowers eggs herbs vegetables honey jams maple meat nursery plants poultry prepared soap","","market","http://www.downtownwaukesha.com/farmers-market.php","-88.231287","43.012555","53186"
"Waunakee","","Waunakee Farm Market","Wisconsin","Waun_A_Bowl prking lot","","","market","","-89.4528","43.1821","53946"
"Waupaca","https://www.facebook.com/pages/Waupaca-Farm-Market/135064296518305","Waupaca Farm Market","Wisconsin","111 S. Main","baked goods flowers eggs seafood herbs vegetables honey jams maple meat plants poultry prepared soap coffee beans fruits mushrooms wild","","market","","-89.0848662","44.3578458","54981"
"Waupun","","Waupun Area Farmers Market","Wisconsin","503 East Spring Street","baked goods crafts flowers vegetables honey jams maple plants soap fruits","","market","http://www.waupunchamber.com","-88.722663","43.640740","53963"
"Wausau ","https://www.facebook.com/pages/Farmers-Market-of-Wausau/126902000719592","Wausau Farmers Market ","Wisconsin","200 River Drive,","","","market","","-89.631525","44.958044",""
"Wausaukee","","Wausaukee Farmers Market","Wisconsin","641 Main Street","","","market","http://www.Wausaukee.com","-87.9523","45.3756",""
"West Allis","https://www.facebook.com/pages/West-Allis-Farmers-Market/209124019129411?sk=info&tab=overview","West Allis Farmers Market","Wisconsin","6501 W National Ave","baked goods cheese flowers eggs herbs vegetables honey jams maple meat nuts plants poultry soap beans fruits grains juices mushrooms wild","","market","http://www.westalliswi.gov/farmersmarket","-87.9937600","43.0144540","53214"
"Racine","","West Racine Farmers Market","Wisconsin","3100 Washington Ave.","","","market","","-87.8182","42.7173","53406"
"West Salem","","West Salem Farmers Market","Wisconsin","Jefferson & Mill Streets","","","market","","-91.0799","43.8944","54669"
"Wilmot ","WestoshaMarket ","WestoshaMarket ","Wisconsin","30820 111th Street","organic baked goods cheese crafts vegetables honey jams soap fruits","","market","http://WestoshaMarket.com","-88.179523","42.517562","53192"
"Milwaukee ","https://www.facebook.com/WestownFarmersMarket/","Westown Farmers Market","Wisconsin","301 W Michigan St","baked goods cheese flowers vegetables honey jams prepared soap coffee fruits juices pet food","","market","http://www.westown.org/neighborhood-events/westown-farmers-market/","-87.915307","43.037230","53203"
"Madison","https://www.facebook.com/pages/Westside-Community-Market/141701855904054","Westside Community Market","Wisconsin","University Ave. & Segoe Rd.","organic baked goods cheese flowers eggs herbs vegetables honey jams maple meat nuts plants poultry prepared soap trees beans fruits juices mushrooms pet food wild","@WCM_Market","market","http://www.westsidecommunitymarket.org","-89.457484","43.074188","53705"
"Whitewater","www.facebook.com/WhitewaterCityMarket","Whitewater City Market","Wisconsin","341 S. Fremont Street","organic baked goods cheese crafts flowers eggs herbs vegetables honey jams maple meat nuts plants poultry prepared soap trees wine beans fruits grains juices","","market","http://www.downtownwhitewater.com","-88.731892","42.832570","53190"
"Whitewater","","Whitewater Farmers Market","Wisconsin"," 1415West Main St.","baked goods cheese crafts flowers herbs vegetables honey jams plants soap trees fruits","","market","","-88.7596860","42.8344690","53190"
"Janesville","","Winter Farmers Market and Meal for Hope","Wisconsin","313 East Wall St.","","","market","http://www.cclpmidwest.org","-89.0213","42.6849",""
"Madison","","Winter Farmers Market and Meal for Hope","Wisconsin","617 Everglade Dr.","","","market","http://www.cclpmidwest.org","-89.4983","43.075","53717"
"Milwaukee","","Winter Farmers Market and Meal for Hope","Wisconsin"," 1209 North Broadway","","","market","http://www.cclpmidwest.org","-87.9088","43.0459",""
"Milwaukee","","Winter Farmers Market and Meal for Hope","Wisconsin","2647 N. Stowell Ave.","","","market","http://www.cclpmidwest.org","-87.8797","43.0671","53211"
"Fitchburg","","Winter Farmers Market and Meal for Hope","Wisconsin"," 5705 Lacy Rd.","","","market","http://www.cclpmidwest.org","-89.4386","43.0003",""
"Madison","","Winter Farmers Market and Meal for Hope","Wisconsin","3102 Prairie Rd.","","","market","http://www.cclpmidwest.org","-89.4922","43.0199","53719"
"Madison","","Winter Farmers Market and Meal for Hope","Wisconsin"," 900 University Bay Dr.","","","market","http://www.cclpmidwest.org","-89.4352","43.076",""
"Madison","","Winter Farmers Market and Meal for Hope","Wisconsin","203 Wisconsin Ave.","","","market","http://www.cclpmidwest.org","-89.3868","43.0769","53703"
"Verona","","Winter Farmers Market and Meal for Hope","Wisconsin","427 South Main St.","","","market","http://www.cclpmidwest.org","-89.5332","42.9841",""
"Green Bay, WI","facebook.com/downtowngreenbay","Winter Farmers Market presented by Bellin Health","Wisconsin","333 Main Street","organic baked goods cheese crafts eggs seafood vegetables honey jams maple meat poultry prepared soap coffee fruits juices pet food","twitter.com/downtowngb","market","https://downtowngreenbay.com/explore/downtown-events/winter-farmers-market","-88.011250","44.517943","54301"
"Wisconsin Dells ","","Wisconsin Dells Farmers Market","Wisconsin","W15344 Waubeek Rd.","baked goods crafts flowers eggs seafood herbs vegetables honey jams maple plants prepared mushrooms","","market","","-89.7628883","43.6412622","53965"
"Wisconsin Rapids","https://www.facebook.com/WRDowntownFM/","Wisconsin Rapids Downtown Farmers Market","Wisconsin","100-198 1st Avenue South","baked goods cheese crafts flowers seafood herbs vegetables honey jams maple prepared soap fruits mushrooms","","market","","-89.82674","44.392924","54495"
"Wisconsin Rapids","Wood County Farmers Market","Wood County Farmers' Market","Wisconsin","555 West Grand Ave","organic baked goods cheese crafts flowers eggs seafood herbs vegetables honey jams maple meat plants poultry prepared soap trees coffee fruits juices mushrooms pet food wild","","market","http://www.rapidsmall.com","-89.832207","44.393812","54495"
