"city","facebook","name","state","street","tags","twitter","type","website","x","y","zip"
"Kittanning borough","Acorn Hollow Farm","Acorn Hollow Farm","pa","310 Kunkle Rd","cut-flowers fresh-fruits fresh-vegetables","","farm","www.acornhollowfarm.com","-79.379299","40.774383","16201"
"Oakdale","www.facebook/beccaris","Beccari's Farm Market","pa","5095 Thoms Run Road","baked-goods canned preserved cut-flowers dairy products eggs fresh-fruits fresh-vegetables honey juices ciders","","farm","beccaris.com","-80.1330934","40.3739713","15071"
"Thompson","https://www.facebook.com/homesteadinghobnobbery","Bialecki Farms","pa","3299 Wrighter Lake Rd","eggs herbs fresh-fruits fresh-vegetables wild-harvested forest-products","","farm","","-75.428190","41.851223","18465"
"Buckingham","https://www.facebook.com/BlueMoonAcresFarm","Blue Moon Acres: Certified Organic Farm and Market ","pa","2287 Durham Road","eggs herbs fresh-fruits fresh-vegetables mushrooms wild-harvested forest-products","https://twitter.com/bmacres","farm","http://bluemoonacres.com/contact-us/","-75.052641","40.318708","18912"
"East Nantmeal","https://www.facebook.com/blueslatefarm","Blue Slate Farm","pa","3669 Coventryville Road","bedding plants eggs herbs fresh-fruits fresh-vegetables poultry fowl wild-harvested forest-products","@blueslatefarm","farm","","-75.692628","40.160960","19465"
"Zelienople","https://www.facebook.com/BrencklesOrganicFarm","Brenckle's Organic Farm & Greenhouse","pa","768 Glen Eden Rd.","bedding plants canned preserved dairy products eggs herbs fresh-fruits fresh-vegetables honey maple-products","","farm","http://www.brencklesfarm.com/","-80.1535360","40.7249880","16063"
"Westfield","https://www.facebook.com/pages/Brookfield-Maple-Products/322566231113004","Brookfield Maple Products","pa","111 Plank Road","maple-products","","farm","www.brookfieldmapleproducts.com","-77.594692","41.955620","16950"
"Manheim","https://www.facebook.com/CreeksideFarmMarket","Creekside Farm Market LLC","pa","1436 Mount Joy Rd.","cut-flowers fresh-fruits fresh-vegetables","","farm","http://www.thecreeksidemarket.com","-76.427558","40.138632","17545"
"Enon Valley","https://www.facebook.com/enonvallleygarlic","Enon Valley Garlic","pa","214 Little Beaver Rd","eggs fresh-vegetables","","farm","www.EnonValleyGarlic.com","-80.490268","40.844265","16120"
"Nazareth","","Fairman Farm","pa","Snoopy Barn At 515 Knauss Rd.","bedding plants herbs fresh-vegetables","","farm","www.fairmanfarm.com","-75.350858","40.760277","18064"
"Glenville","https://www.facebook.com/pages/Firefly-Farm-PA/117241838301654","Firefly Farm PA","pa","5537 Wool Mill Road","eggs","","farm","","-76.8413680","39.7516830","17329"
"York","https://www.facebook.com/FlinchbaughsOrchard","Flinchbaughs Orchard and Farm Market","pa","110 Ducktown Road","baked-goods bedding plants canned preserved coffee tea crafts woodworking cut-flowers dairy products eggs herbs fresh-fruits fresh-vegetables grains flour honey juices ciders maple-products nuts poultry fowl prepared-foods red-meat non-poultry-meat","https://twitter.com/FlinchsOrchard","farm","http://www.flinchbaughsorchard.com","-76.580711","40.008422","17347"
"Coopersburg","FlintHillFarmEducationalCenter, Inc.","Flint Hill Farm Educational Center, Inc","pa","1922 Flint Hill Road ","canned preserved dairy products eggs herbs honey","","farm","www.flinthillfarm.org","-75.349214","40.530732","18036"
"Pottstown","https://www.facebook.com/FourSistersFarmPA/","Four Sisters Farm","pa","3669 Coventryville Road","bedding plants canned preserved eggs fresh-fruits fresh-vegetables poultry fowl wild-harvested forest-products","https://twitter.com/4SistersFarm","farm","http://www.foursisters.farm","-75.692445","40.161075","19465"
"Bedford","","Foxtail Farmstead LLC","pa","1927 Cumberland Road","poultry fowl red-meat non-poultry-meat","","farm","www.foxtailfarmstead.com","-78.5509454","39.9776974","15522"
"Montrose","","Foxy Farms","pa","3147 Griffis Hill Road","cut-flowers eggs fresh-fruits fresh-vegetables grains flour maple-products","","farm","http://www.localharvest.org/foxy-farms-M38482","-75.995723","41.841607","18801"
"Fleetwood","www.facebook.com/gaukerfarms","Gauker Farms","pa","846 Fleetwood Lyons Rd","red-meat non-poultry-meat","","farm","www.gaukerfarms.com","-75.7970043","40.4716450","19522"
"DuBois","","Gilbert Hill Farm","pa","1395 Clear Run Road","baked-goods canned preserved crafts woodworking dairy products eggs herbs fresh-vegetables pet-food poultry fowl","","farm","","-78.7423890","41.1530840","15801"
"Waterford","troyersstrawberryacres","Glenn Troyer Farms","pa","13021 Flatts Rd.","","","farm","www.glenntroyerfarms.com","-79.9719584","41.9219327","16441"
"Claysburg","https://www.facebook.com/greeneracresfarm","Green""er"" Acres Farm","pa","747 Buttermilk Hollow Rd","eggs herbs fresh-fruits fresh-vegetables poultry fowl red-meat non-poultry-meat wild-harvested forest-products","","farm","","-78.488254","40.303651","16625"
"Honesdale","Hardlerfarms@facebook","Hardler Farms","pa","11 Hardler Farm Rd","baked-goods canned preserved dairy products eggs fresh-vegetables honey prepared-foods red-meat non-poultry-meat soap body-care","","farm","","-75.259646","41.697583","18431"
"Needmore","","Hartman's Oz Farm","pa","962 Martin Road","eggs fresh-vegetables mushrooms red-meat non-poultry-meat","","farm","","-78.127732","39.843541","17238"
"Pottstown","https://www.facebook.com/pages/Hill-Creek-Farm/145650775611864?ref=bookmarks","Hill Creek Farm","pa","75 Creamery Road","cut-flowers herbs fresh-fruits fresh-vegetables mushrooms wild-harvested forest-products","","farm","http://www.hillcreekfarmpa.com","-75.6073240","40.1896470","19465"
"Sugarloaf","","Hilliards Fruit Farm","pa","217 Rock Glen Rd.","fresh-fruits fresh-vegetables juices ciders","","farm","","-76.084909","40.986051","18249"
"Edinboro","Hulings Blueberries","Hulings Blueberries and Farm Market","pa","5095 old state rd","baked-goods bedding plants canned preserved cut-flowers dairy products dry beans eggs herbs fresh-fruits fresh-vegetables honey maple-products soap body-care","","farm","hulingsblueberries.com","-80.130026","41.932811","16412"
"Ligonier","https://www.facebook.com/jamboreefarm","Jamboree Farm","pa","270 Wilpen Rd","canned preserved eggs herbs fresh-fruits fresh-vegetables juices ciders poultry fowl red-meat non-poultry-meat wild-harvested forest-products","https://twitter.com/JamboreeFarm","farm","http://jamboreefarm.blogspot.com/","-79.203738","40.275947","15658"
"Apollo borough","https://www.facebook.com/pages/Kistaco-Farm/151290458223231?fref=ts ","Kistaco Farm Market","pa","3403 N. Balsiger Road","baked-goods bedding plants canned preserved coffee tea dairy products eggs herbs fresh-fruits fresh-vegetables grains flour honey juices ciders maple-products pet-food prepared-foods soap body-care","","farm","http://kistacofarm.com/ ","-79.503008","40.603351","15613"
"Coal Center","","Lowden Farm LLC","pa","136 California Drive","red-meat non-poultry-meat","","farm","","-79.9804745","40.1059950","15423"
"Solebury","https://www.facebook.com/manoffmarketgardens","Manoff Market Gardens","pa","3157 Comfort Road","baked-goods canned preserved cut-flowers eggs herbs fresh-fruits fresh-vegetables honey maple-products","","farm","www.manoffmarketgardens.com","-75.006565","40.395989","18963"
"Portersville","","Many Springs Farm","pa","171 Many Springs Farm Road","baked-goods crafts woodworking eggs honey soap body-care","","farm","","-80.1884470","40.9541520","16051"
"Kane","Maple Glen Farm","Maple Glen Farm","pa","543 Jo Jo Rd","bedding plants canned preserved cut-flowers nursery-stock","","farm","","-78.837090","41.643853","16735"
"Zelienople","Mazur's Greenhouse and Farm","Mazur's Greenhouse and Farm","pa","329 BenVenue Rd","baked-goods bedding plants canned preserved herbs fresh-fruits fresh-vegetables juices ciders nursery-stock","","farm","","-80.157104","40.786906","16123"
"Zelienople ","https://www.facebook.com/Mazurs-Greenhouse-and-Farm-225721554196893/","Mazur’s Greenhouse and Farm ","pa","329 BenVenue Rd","baked-goods bedding plants canned preserved herbs fresh-fruits fresh-vegetables honey","","farm","","-80.156903","40.787197","16123"
"New Castle","https://www.facebook.com/pages/McConnells-Christmas-Tree-Farm/136507896405104?ref=br_tf","McConnell's Christmas Tree Farm","pa","836 Cleland Mill Road","nursery-stock","","farm","www.mcconnellsnursery.com","-80.407753","40.956053","16102"
"Robesonia","https://www.facebook.com/pages/Meadow-Mountain-Farm/158613630836462?v=wall","Meadow Mountain Farm","pa","691 Furnace St.","poultry fowl","","farm","www.meadowmountainfarm.com","-76.157888","40.333923","19551"
"Whitehall","https://www.facebook.com/Mondjackapiaries","Mondjack Apiaries","pa","2236 N. 1st Ave.","honey","","farm","www.Mondjackapiaries.com","-75.4788140","40.6495300","18052"
"Forest City","https://www.facebook.com/MountPleasantHerbary","Mount Pleasant Herbary","pa","31 Riverdale Road","soap body-care","","farm","www.mountpleasantherbary.com","-75.394530","41.694289","18421"
"Tarentum","","Normans Orchard","pa","2318 Butler Logan Road Frazer Township","fresh-fruits","","farm","www.normansorchard.com","-79.803454","40.587205","15084"
"Stoneboro","https://www.facebook.com/Shelly.OldTimeFarm/","Old Time Farm","pa","1919 Harrisville Rd","baked-goods eggs herbs maple-products poultry fowl red-meat non-poultry-meat wild-harvested forest-products","","farm","www.OldTime.Farm","-80.046348","41.289557","16153"
"Sunbury","www.facebook.com/pages/Owens-Farm/168876806466611","Owens Farm","pa","2611 Mile Post Rd.","honey poultry fowl red-meat non-poultry-meat","","farm","www.owensfarm.com","-76.704561","40.909558","17801"
"Harrisonville","https://www.facebook.com/pages/Path-of-Light-Farm/","Path of Light Farm","pa","225 Laidig Road","bedding plants canned preserved cut-flowers dry beans eggs herbs fresh-fruits fresh-vegetables honey","","farm","","-78.094771","40.037076","17228"
"Hulmeville borough","http://facebook.com/thephoenixfarm","Phoenix Farms","pa","150 Trenton Ave","canned preserved eggs fresh-vegetables poultry fowl","","farm","www.phoenixfarms.us","-74.906944","40.143277","19047"
"Tidioute","","Riverview Farms","pa","47 Jefferson St.","","","farm","http://www.riverviewfarmspa.com","-79.3950380","41.6849289","16351"
"Catawissa","https://www.facebook.com/pages/Rohrbachs-Farm-Market-Bakery-and-Gift-Shop/63601237131?ref=hl&ref_type=bookmark","Rohrbach's Farm Market","pa","240 Southern Drive","baked-goods canned preserved dairy products eggs fresh-fruits fresh-vegetables honey juices ciders maple-products prepared-foods","","farm","rohrbachsfarm.net","-76.4593630","40.9299950","17820"
"Troy","https://www.facebook.com/Running-Bear-Farm-245849665535840/","Running Bear Farm Stand","pa","848 Wallace Rd","cut-flowers eggs fresh-vegetables poultry fowl prepared-foods","","farm","","-76.670417","41.769243","16947"
"Bethlehem","www.facebook.com/schollorchardsPA","Scholl Orchards","pa","3057 Center Street","canned preserved cut-flowers fresh-fruits fresh-vegetables honey juices ciders","","farm","http://schollorchards.com/","-75.378204","40.656316","18017"
"Mifflintown","https://www.facebook.com/frmrfrd/","Serenity Hills Farms","pa","429 Happy Hollow Road","red-meat non-poultry-meat","","farm","","-77.350194","40.590023","17059"
"McMurray","https://www.facebook.com/SimmonsFarm","Simmons Farm","pa","170 Simmons Road","","","farm","","-80.083087","40.2682","15317"
"halifax","","small valley milling","pa","917 small valley road","fresh-vegetables grains flour","","farm","small valley milling.com","-76.806737","40.496228","17032"
"Wexford","","Soergel Orchards","pa","2573 Brandt School Road","baked-goods bedding plants canned preserved coffee tea crafts woodworking eggs herbs fresh-fruits fresh-vegetables honey juices ciders maple-products nursery-stock nuts prepared-foods wine spirits beer hard-cider","","farm","www.soergels.com","-80.092730","40.613911","15237"
"New Hope","www.facebook.com/soleburyorchards","Solebury Orchards","pa","3325 Creamery Road","canned preserved cut-flowers eggs fresh-fruits fresh-vegetables honey juices ciders","twitter.com/SoleburyOrch","farm","soleburyorchards.com","-75.0258912","40.3846846","18938"
"Wampum","","Stramba Farm Alpacas & More","pa","2331 Chewton Wurtemburg Rd","","","farm","","-80.290508","40.885714","16157"
"Saylorsburg","https://www.facebook.com/strykerfarm","Stryker Farm","pa","3045 Mountain Road","canned preserved dairy products eggs honey maple-products poultry fowl red-meat non-poultry-meat soap body-care","https://twitter.com/strykerfarm","farm","www.strykerfarm.com","-75.3287854","40.8608203","18353"
"Biglerville","https://www.facebook.com/pages/Swartzs-Pumpkin-Patch-in-Arendtsville-PA/278268028879283","Swartz's Pumpkin Patch","pa","232 North High Street in Arendtsville","fresh-fruits fresh-vegetables","","farm","www.swartzspumpkinpatch.com","-77.302631","39.926690","17307"
"Waynesboro","","TLM Hillside Farm","pa","14066 Wayne Hwy","eggs fresh-vegetables","https://twitter.com/TLMHillsideFarm","farm","http://www.tlmhillsidefarm.com/","-77.595770","39.739070","17268"
"Muncy","","Tom Styer Farm  & Market","pa","215 Shady Lane","bedding plants canned preserved eggs fresh-fruits fresh-vegetables honey maple-products","","farm","","-76.775489","41.212668","17756"
"Monongahela ","https://www.facebook.com/TripleBFarmsFreshLocalFoodandFun/?ref=hl","Triple B Farms","pa","823 Berry Lane","baked-goods canned preserved crafts woodworking dairy products eggs fresh-fruits fresh-vegetables honey juices ciders maple-products prepared-foods soap body-care","https://twitter.com/TripleBFarmsFUN","farm","http://www.triplebfarms.com/","-79.9465890","40.2276750","15063"
"Tyler Hill","https://www.facebook.com/TwinBrookFarms ","Twin Brook Farms","pa","678 Cochecton Tpke","","","farm","http://www.twinbrookfarmsandlivestock.com","-75.168551","41.698768","18469"
"Tamaqua","Valley road farm tamaqua","Valley Road Farm","pa","880 Valley Rd ","cut-flowers fresh-fruits fresh-vegetables honey","","farm","Http://valleyroadfarm.com","-76.013023","40.755474","18252"
"Avella","https://www.facebook.com/WeatherburyFarm/","Weatherbury Farm","pa","1061 Sugar Run Road","grains flour","","farm","http://weatherburyfarm.com/","-80.469051","40.253648","15312"
"Douglassville","http://www.facebook.com/pages/Wholesome-Dairy-Farms/77319243038","Wholesome Dairy Farms","pa","181 Camp Road","dairy products eggs red-meat non-poultry-meat","https://twitter.com/WholesomeDairy","farm","http://www.wholesomedairyfarms.com/","-75.739851","40.332461","19518"
"Brockway","","Windy Hill Farm","pa","10445 Route 28 North","crafts woodworking eggs herbs fresh-fruits fresh-vegetables maple-products nuts soap body-care","","farm","www.windyhillfarmnaturals.com","-78.902435","41.232380","15824"
"Duncannon","https://www.facebook.com/pages/Yeehaw-Farm/179809875371755","Yeehaw Farm Store and Local Foods Co Op","pa","1600 State Road","baked-goods canned preserved crafts woodworking cut-flowers dairy products dry beans eggs fish seafood herbs fresh-fruits fresh-vegetables grains flour honey juices ciders maple-products mushrooms poultry fowl red-meat non-poultry-meat soap body-care","","farm","www.yeehawfarms.com","-76.9892570","40.3557289","17020"
"Biglerville","www.facebook.com/YellowHillFarmBerries","Yellow Hill Farm","pa","670 Yellow Hill Road","cut-flowers","","farm","www.yellowhillfarm.com","-77.264554","39.939328","17307"
"Waynesboro","https://www.facebook.com/yesterdaysfavorites","Yesterdays Favorites Farm","pa","9327 Gap Rd","bedding plants dairy products eggs herbs fresh-fruits","","farm","www.yesterdaysfavoritesfarm.com","-77.537243","39.783349","17268"
"Philadelphia","","18th and Christian Farmers' Market","pa","18th Street and Christian Street","vegetables fruits","","market","http://thefoodtrust.org/farmers-markets/market/18th-Christian","-75.173431","39.940943","19146"
"Philadelphia","","22nd and Tasker Farmers' Market","pa","22nd and Tasker Streets","vegetables fruits","","market","http://thefoodtrust.org/farmers-markets/market/22nd-tasker","-75.181286","39.932257","19146"
"Philadelphia","","26th and Allegheny","pa","26th Street and W Allegheny Avenue","vegetables fruits","","market","http://thefoodtrust.org/farmers-markets/market/26th-Allegheny","-75.1722883","40.0040946","19129"
"Philadelphia","","29th and Wharton Farmers' Market","pa","29th and Wharton Streets","vegetables fruits","","market","http://thefoodtrust.org/farmers-markets/market/29th-wharton","-75.19204","39.9373","19146"
"Philadelphia","","33rd and Diamond Farmers' Market","pa","N 33rd and Diamond Streets","vegetables fruits","","market","http://thefoodtrust.org/farmers-markets/market/33rd-diamond","-75.187167","39.988802","19121"
"Philadelphia","","4th and Lehigh Farmers' Market","pa","N 4th Street and W. Lehigh Avenue","vegetables fruits","","market","http://thefoodtrust.org/farmers-markets/market/fairhill-square","-75.138654","39.991748","19133"
"Philadelphia","","52nd and Haverford Farmers' Market","pa","N 52nd Street and Haverford Avenue","vegetables fruits","","market","http://thefoodtrust.org/farmers-markets/market/52nd-haverford","-75.224492","39.965054","19139"
"Philadelphia","","58th and Chester Farmers' Market","pa","58th Street and Chester Avenue","vegetables fruits","","market","http://thefoodtrust.org/farmers-markets/market/58th-chester","-75.228303","39.935721","19143"
"Clarks Summit","","Abington Farmers Market","pa","12055 Rose Drove","","","market","","-75.7746","41.425",""
"Mount Bethe","https://www.facebook.com/pages/Apple-Blossom-Village/105223639518965","ABV Farm Market","pa","690 Allegheny Road","","","market","http://www.appleblossomvillage.com/","-75.0998","40.8743","18343"
"Gettysburg","www.facebook.com/AdamsCountyFarmersMarket","Adams County Farmers Market","pa","103 Carlisle Street","organic baked goods cheese flowers eggs herbs vegetables honey jams maple meat poultry prepared-foods soap wine coffee fruits pet food","@ACFarmFresh","market","","-77.234147","39.830597","17325"
"Gettysburg","www.facebook.com/AdamsCountyFarmersMarket","Adams County Farmers' Market Association","pa","103 Carlisle Street","baked goods cheese flowers eggs herbs vegetables honey jams maple poultry prepared-foods wine coffee fruits mushrooms","https://twitter.com/ACFarmFresh","market","http://www.acfarmersmarkets.org","-77.234147","39.830597","17325"
"Allentown","","Allentown Farigrounds Farmers Market","pa","1825 Chew Street","","","market","http://www.fairgroundsfarmersmkt.com","-75.4942","40.6008","18104"
"Allentown","","Allentown Turnpike Plaza Farmers Market","pa","Route 9","","","market","","-79.7254","40.6218","18104"
"Altoona","","Altoona Farmers Market","pa","Heritage Plaza","","","market","","-78.2462","40.6787","16601"
"Ambridge","","Ambridge Farmers Market","pa","St. Mary's Church Parking Lot","","","market","","-80.225","40.5819","15003"
"Chester Springs","https://www.facebook.com/anselmamarket","Anselma Farmers' and Artisans' Market","pa","1730 Conestoga Road/Rt 401","organic baked goods cheese eggs herbs jams meat plants poultry prepared-foods soap","","market","","-75.641899","40.079648","19425"
"West Chester","http://www.facebook.com/ArtisanExchangeWCPa","Artisan Exchange West Chester","pa","208 Carter Drive Suite 13B","organic baked goods cheese crafts flowers eggs seafood herbs vegetables honey jams maple meat nuts plants poultry prepared-foods soap wine coffee beans fruits grains juices mushrooms pet food tofu wild","","market","http://www.artisanexchangewcpa.com","-75.587797","39.948293","19382"
"Dallas","","Back Mountain Farmers Market","pa","Grounds of Back Mountain Memorial Library","","","market","","-75.963","41.3327","18612"
"Runville","","BALD EAGLE VALLEY METHODIST CHURCH","pa","111 Runville Road, Runville, PA 16823","","","market","","-77.839","40.963",""
"Beaver","","Beaver County Fruit Company I","pa","Beaver County Courthouse parking lot","","","market","","-80.3239","40.7199","15009"
"Beaver Falls","","Beaver Falls Farmers Market","pa","8th Avenue and 12th Street, Rte 18","","","market","","-80.3207","40.7596","15010"
"Bellefonte","","Bellefonte FM","pa","Allegheny & East High Sts ","","","market","","-77.778","40.9122",""
"Belleville","","Belleville Farmers' Market & Livestock","pa","South Penn Street","","","market","","-77.7229","40.6046","17004"
"Bethlehem","facebook.com/BethlehemFarmersMarketPA","Bethlehem Farmers' Market","pa","Intersection of New and Morton Streets","baked goods flowers eggs herbs vegetables jams meat nuts poultry prepared-foods soap fruits","twitter.com/BethFarmMkt","market","http://www.bethlehemfarmersmarket.com","-75.3784029","40.6098058","18015"
"Bird-in-Hand","https://www.facebook.com/pages/Bird-in-hand-Farmers-Market/181812508520469","Bird-in-Hand Farmers Market","pa","2710 Old Philadelphia Pike","","","market","http://www.BirdInHandFarmersMarket.com","-76.0308","40.1067","17505"
"Pittsburgh","https://www.facebook.com/bloomfieldmarket/","Bloomfield Saturday Market","pa","5050 Liberty Ave","baked goods cheese flowers eggs herbs vegetables jams meat prepared-foods soap coffee fruits juices mushrooms","twitter.com/bloomfieldmrkt","market","http://www.bloomfieldnow.org","-79.944435","40.459005","15224"
"Bloomsburg","","Bloomsburg Farmers Market","pa","Market Street at Main Street","baked goods flowers eggs herbs vegetables jams meat poultry fruits pet food","","market","http://www.bloomsburgpa.org/bloomsburg-farmers-market","-76.457784","41.002460","17815"
"Boalsburg","https://www.facebook.com/pages/Boalsburg-Farmers-Market/108299077230","Boalsburg Farmers Market","pa","Pennsylvania Military Museum, Business Route 322","organic baked goods cheese flowers eggs seafood herbs vegetables honey jams maple meat nuts plants poultry prepared-foods soap trees wine coffee fruits mushrooms pet food wild","","market","http://www.boalsburgfarmersmarket.com","-77.797107","40.780354","16827"
"Endinboro","","Boro Farmers Market","pa","Angling Road and Route 6N","","","market","","-80.1507","41.8923","16412"
"Bridgeville","https://www.facebook.com/pages/Bridgeville-Farmers-Market/","Bridgeville Farmers Market","pa","341 Washington Pike","baked goods flowers eggs vegetables honey jams poultry prepared-foods coffee fruits grains juices mushrooms","","market","https://bridgevillefarmersmarket.wordpress.com/","-80.1108982","40.3614678","15017"
"Philadelphia","","Broad and Mt. Vernon ","pa","Broad and Mt. Vernon Streets","","","market","","-75.1610530","39.9640400",""
"Philadelphia","","Broad and Snyder Farmers' Market","pa","Broad and Snyder Streets","baked goods vegetables fruits","","market","http://thefoodtrust.org/farmers-markets/market/broad-and-snyder-1","-75.169505","39.924274","19148"
"Philadelphia","","Broad and South","pa","Broad and South Streets","baked goods vegetables fruits","","market","http://thefoodtrust.org/farmers-markets/market/broad-and-south","-75.165366","39.943649","19103"
"Brownsville","","Brownsville Farmers Market","pa","32 Market Street","baked goods crafts vegetables jams wine","","market","","-79.888093","40.021370","15417"
"Bryn Mawr ","https://www.facebook.com/Bryn-Mawr-Farmers-Market-104172772952887/","Bryn Mawr Farmers' Market","pa","Lancaster and Bryn Mawr Avenues","organic baked goods cheese flowers eggs herbs vegetables honey jams maple meat plants poultry prepared-foods soap coffee fruits mushrooms","https://twitter.com/FarmtoCity","market","http://www.farmtocity.org/FarmersMarkets.asp","-75.317081","40.021098","19096"
"Carbondale","","Carbondale Farmers Market","pa","1 North Main Street","baked goods crafts flowers vegetables","","market","","-75.502489","41.572266","18407"
"Carlisle","","Carlisle Farmers Market","pa","260 York Road","","","market","","-77.1665","40.1944","17013"
"Pittsburgh ","","Carrick Citparks Farmers Market","pa","1529 Brownsville Road","baked goods vegetables honey prepared-foods fruits","","market","","-79.988803","40.400201","15210"
"Philadelphia","","Cecil B. Moore Farmers' Market","pa","Cecil B. Moore Avenue between Broad and 13th Streets","vegetables fruits","","market","http://thefoodtrust.org/farmers-markets/market/cecil-b-moore","-75.156709","39.978617","19122"
"York ","Central Market York","Central Market York","pa","34 W. Philadelphia Street","organic baked goods cheese crafts flowers eggs seafood herbs vegetables honey jams maple meat nuts plants poultry prepared-foods soap wine coffee beans fruits grains juices mushrooms pet food","","market","http://Centralmarketyork.com","-76.7295447","39.9635144","17401"
"Charleroi","","Charleroi Farmers Market","pa","423 McKean Avenue","","","market","http://www.teamcharleroi.org","-79.9065","40.1504","15022"
"Philadelphia ","https://www.facebook.com/ChestnutHillFarmersMarket/","Chestnut Hill Farmers' Market","pa","Winston Rd. between Germantown Ave and Mermaid Lane","organic baked goods cheese flowers eggs herbs vegetables honey jams maple meat plants poultry prepared-foods coffee fruits mushrooms","https://twitter.com/FarmtoCity","market","http://www.farmtocity.org/FarmersMarkets.asp","-75.196974","40.067560","19118"
"Philadelphia","","Chew and E. Pleasant Farmers' Market","pa","Chew Avenue and E. Pleasant Street","vegetables fruits","","market","http://thefoodtrust.org/farmers-markets/market/chew-and-east-pleasant","-75.183116","40.057000","19119"
"Beaver Falls","","Chippewa Farmers' Market ","pa","2465 Darlington Road","","","market","http://www.localharvest.org/chippewa-farmers-market-M57814","-80.369","40.7704","15010"
"Titusville","","Church Run Farmers Market","pa","44868 Warner Rd.","","","market","","-79.6584","41.6528","16354"
"Clarion","","Clarion County Farmers Market","pa","Clarion County Park","","","market","","-79.3861","41.2146","16214"
"Philadelphia","","Clark Park Farmers' Market","pa","43rd Street and Baltimore Avenue","organic baked goods cheese eggs vegetables fruits","","market","http://thefoodtrust.org/farmers-markets/market/clark-park","-75.209377","39.949309","19104"
"Claysburg","","Claysburg Farmers Market ","pa","Business Route 220 (Carpet Depot Plaza)","","","market","http://www.localharvest.org/claysburg-farmers-market-M56905","-78.5253","40.0943","16625"
"Clearfied","","Clearfield County Farmers Market","pa","West 2d Street","","","market","","-78.4434","41.0221","16830"
"Philadelphia","","Cliveden Park Farmers' Market","pa","Chew Avenue and East Pleasant Street","","","market","","-75.134088","40.0075074",""
"Scranton","Co-Operative Farmers Market","Co-Operative Farmers Market","pa","900 Barring Avenue","organic baked goods cheese flowers eggs herbs vegetables honey jams maple nuts plants poultry prepared-foods soap wine beans fruits","","market","http://www.coopfarmersmarket.com","-75.665908","41.404178","18508"
"Philadelphia","","Common Ground Marketplace","pa","North Broad Street and Mt. Vernon Avenue","baked goods cheese eggs vegetables fruits","","market","http://thefoodtrust.org/farmers-markets/market/broad-and-mtvernon","-75.160824","39.964153","19130"
"Connellsville","","Connellsville Farmers Market","pa","West Crawford Avenue","baked goods vegetables jams wine","","market","","-79.594359","40.017394","15425"
"Conshohocken","","Conshohocken","pa","Fayette & West Hector Sts.","","","market","http://www.headhousemarket.org","-75.308","40.0741",""
"Coraopolis","","Corapopolis Farmers Market","pa","414 Grant Street","","","market","","-80.1612","40.5163","15143"
"Mount Joy","Corn Crib Main Street Market","Corn Crib Main Street Market","pa","35 W. Main Street","baked goods cheese flowers eggs seafood vegetables honey jams meat prepared-foods soap coffee fruits tofu","","market","","-76.505311","40.110513","17552"
"Cranberry","","Cranberry Mall Farmers Market","pa","Crnberry Mall","","","market","","-79.7101","41.3498","16346"
"Carlisle","","Deitch's Frm Market","pa","1613 Trindle Road","","","market","","-77.1262","40.1964","17013"
"Doylestown","","Delaware Valley College Farmers Market","pa","700 E. Butler Ave","","","market","http://www.delawarevalleycollege.com","-75.1518","40.2916","18901"
"Philadelphia","https://www.facebook.com/DSPFarmersMarket/?fref=ts","Dickinson Square Farmers' Market","pa","Moyamensing Ave at Morris Street","organic baked goods eggs herbs vegetables honey meat poultry prepared-foods coffee fruits","https://twitter.com/FarmtoCity","market","http://www.farmtocity.org/FarmersMarkets.asp","-75.151261","39.927058","19147"
"","","Dig It!","pa","","","","market","http://www.thresholdpa.org","","",""
"Dillsburg","https://www.facebook.com/DillsburgFarmersMarket/","Dillsburg Farmers' Market","pa","1 N. 2nd Street ","organic","","market","http://dillsburgfarmersma.wixsite.com/dbgfarmersmarket","-77.037849","40.110975","17019"
"Downingtown","https://www.facebook.com/DowningtownFarmersMarket/","Downingtown Farmers Market","pa","1 Park Lane","baked goods cheese crafts flowers eggs herbs vegetables honey jams maple meat poultry soap wine coffee fruits grains juices mushrooms pet food","","market","http://growingrootspartners.com","-75.705606","40.007243","19335"
"Bedford","https://www.facebook.com/DowntownBedford/?fref=ts","Downtown Bedford Farmers Market","pa","124 South Juliana Street","organic baked goods cheese flowers eggs herbs vegetables honey jams meat nuts plants poultry prepared-foods soap wine coffee beans fruits grains","","market","http://www.downtownbedford.com","-78.5038730","40.0181130","15522"
"Indiana","","Downtown Indiana Farmers Market","pa","8th and Church St.","","","market","","-79.1547","40.6216","15701"
"Johnstown","","Downtown Johnstown Farmer's Market","pa","Main Street","organic baked goods cheese flowers eggs herbs vegetables jams maple meat nursery plants poultry prepared-foods soap trees","","market","http://www.cityofjohnstownpa.net","-78.918271","40.325608","15901"
"Sharon","","Downtown Sharon Farmers Market","pa","41 Chestnut Street","","","market","","-80.5106","41.2324","16146"
"Uniontown","","Downtown Uniontown Farmers Market","pa","Main Street","baked goods crafts vegetables honey jams maple wine","","market","","-79.724865","39.901284","15401"
"Wellsboro","","Downtown Wellsboro Farmers Market","pa","Wellsboro Plaza, next to Post Office","","","market","","-77.2889","41.7472","16901"
"Philadelphia","","Dutch Country Farmers Market","pa","2031 Cottman Avenue","","","market","","-75.0654","40.0509","19149"
"Eagles Mere","","Eagles Mere Farmers Market","pa","Rte 42 from Bloomsburg","","","market","http://www.berryfieldsfarm.net","-76.5819","41.4109",""
"Exton","","Eagleview Farmers Market","pa","Minutes from Downtown interchange op PA Turnpike","","","market","http://www.eagleviewfarmersmarket.com","-75.6275","40.0326","19341"
"Erie","facebook.com/eatsandarts","East Bayfront Eats & Arts","pa","6th & Parade","baked goods herbs vegetables fruits","","market","","-80.0766831","42.1326400","16507"
"Philadelphia ","https://www.facebook.com/FarmToCity","East Falls Farmers' Market","pa","Under the Route 1 Overpass, between Ridge Ave and Kelly Drive","herbs vegetables honey jams fruits","https://twitter.com/FarmtoCity","market","http://www.farmtocity.org/FarmersMarkets.asp","-75.191964","40.007550","19129"
"West Chester","","East Goshen Farmers Market","pa","East Goshen Park - Paoli Pike, east of Route 352","organic baked goods cheese flowers eggs herbs vegetables honey jams maple meat nursery nuts plants poultry prepared-foods soap","","market","http://www.eastgoshenfarmersmarket.blogspot.com","","","19380"
"Easton ","https://www.facebook.com/EastonFarmersMarket","Easton Farmers' Market","pa","Centre Square (Intersection of Northampton & Third Streets)","baked goods cheese crafts flowers eggs herbs vegetables honey jams maple meat plants poultry prepared-foods soap wine coffee fruits grains juices mushrooms","https://twitter.com/buyfresh","market","http://www.EastonFarmersMarket.com","-75.2091145","40.6909524","18042"
"Ebensburg","","Ebensburg Farmers Market","pa","Corner of Hugh and Julian Streets","","","market","http://www.ebensburgpa.com","-78.7251","40.4852","15931"
"Ellwood City","https://www.facebook.com/pages/Ellwood-City-Farmers-Market/175498663007?ref=br_tf","Ellwood City Farmers' Market","pa","Beaver Ave. Municipal Parking Lot","baked goods cheese crafts flowers eggs herbs vegetables honey jams meat plants prepared-foods soap fruits","","market","http://www.ellwoodcityrevitilization.org","-80.288255","40.859065","16117"
"Emmaus","https://www.facebook.com/EmmausFarmersMarket/","Emmaus Farmers' Market","pa","235 Main St","organic baked goods cheese flowers eggs herbs vegetables honey jams maple meat plants poultry prepared-foods wine coffee fruits mushrooms pet food wild","https://www.twitter.com/EmmausFarmMkt/","market","http://www.emmausmarket.com","-75.4903","40.5366","18049"
"Erie","","Erie Farmers Market","pa","W. 13th and Peach St","","","market","","-80.082","42.1221","16501"
"Clarks Summit","","Essential Eating Farmers Market ","pa","515 Northern Boulevard (Rt. 6/11)","","","market","http://www.plymouthfarmersmarket.org/","-75.681","41.4733","18411"
"Philadelphia","","Fair Food Farmstand","pa","51 N 12th Street","baked goods vegetables","","market","http://www.foodtrustmarkets.org/markets.html","-75.1594","39.9535","19107"
"Reading","","Fairgrounds Farmers Market","pa","2935 N. 5th St.","","","market","","-75.9391","40.4329","19602"
"Philadelphia","","Fairmount Farmers' Market","pa","22nd Street and Fairmount Avenue","organic baked goods eggs vegetables fruits","","market","http://thefoodtrust.org/farmers-markets/market/fairmount","-75.174055","39.967378","19130"
"Hummelstown","https://www.facebook.com/farmersmarketinhershey","Farmer's Market in Hershey","pa","1215 Research Blvd.","organic baked goods cheese flowers eggs seafood herbs vegetables honey jams maple meat plants poultry soap wine fruits","","market","http://www.farmersmarketinhershey.com","-76.6869689","40.2627427","17036"
"Pittsburgh","","Farmers Coop Market of East Liberity","pa","Rodman and N. Sheridan Avenue","","","market","","-79.9214","40.4647","15206"
"Malvern","","Farmers Market at Great Valley","pa","30 E. Swedesford Rd.","baked goods cheese crafts herbs vegetables honey jams meat plants prepared-foods soap","","market","http://www.sites.google.com/site/farmersmarketatgreatvalley/","-75.5234","40.0541","19355"
"Carlisle","","Farmers on the Square","pa","2 N. Hanover St.","organic baked goods cheese flowers eggs seafood herbs vegetables honey jams maple meat poultry prepared-foods soap wine beans fruits grains juices mushrooms pet food","","market","http://www.farmersonthesquare.com","-77.189241","40.201700","17013"
"Camp Hill","","Farmers On Walnut ","pa","2145 Walnut Street","","","market","http://www.farmersonwalnut.org/","-76.9211","40.2412","17011"
"Palmyra","https://www.facebook.com/groups/147947675248616/","Farmstead Farmers Market","pa","1976 Laudermilch Rd.","baked goods cheese flowers eggs seafood herbs honey maple meat nuts poultry prepared-foods soap wine coffee beans grains juices mushrooms pet food","","market","http://www.farmsteadmarket.com","-76.6492939","40.3701972","17078"
"Farrell","","Farrell Farmers Market","pa","Federal and Wallace Ave.","","","market","http://www.cityoffarrell.com","-80.5023","41.2127","16121"
"Philadelphia","","Fitler Square Farmers' Market","pa","23rd and Pine Streets","baked goods vegetables coffee fruits mushrooms","","market","http://thefoodtrust.org/farmers-markets/market/fitler-square","-75.179353","39.947519","19146"
"Mckees Rocks","","Focus on Renewal","pa","401 Chartiers Blvd","","","market","","-80.0585","40.4645",""
"Pittsburgh, PA","Forest Hills PA Farmers Market managed by the Late Bloomers Garden Club","Forest Hills Farmers Market","pa","1840 Ardmore Blvd","baked goods cheese flowers eggs herbs vegetables honey jams plants prepared-foods soap fruits","","market","http://foresthillsfarmersmarket.com","-79.8611413","40.4249584","15221"
"Orangeville","","Forks Farm Market ","pa","299 Covered Bridge Road","","","market","http://www.forksfarmmarket.com/","-76.3364","41.1163","17859"
"Philadelphia ","https://www.facebook.com/FarmToCity","Fountain Farmers' Market","pa","East Passyunk Avenue at 11th St. & Tasker St.","baked goods flowers eggs herbs vegetables honey jams maple fruits","https://twitter.com/FarmtoCity","market","http://www.farmtocity.org/FarmersMarkets.asp","-75.163186","39.929903","19147"
"Philadelphia","","Frankford Transportation Center Farmers' Market","pa","Bridge Street and Frankford Avenue","vegetables fruits","","market","http://thefoodtrust.org/farmers-markets/market/frankford-transportation-center","-75.077020","40.023416","19124"
"Franklin","","Franklin Curb Farmers Market","pa","12th and Liberty St.","","","market","","-79.828","41.3974","16323"
"New Wilmington","","Fresh Marketplace @ New Wilmington Center","pa","129 Chestnut Street","organic baked goods cheese crafts flowers eggs herbs vegetables honey jams maple meat plants poultry prepared-foods soap trees coffee fruits juices wild","","market","","-80.3321924","41.1216065","16142"
"Phoenixville, Pottstown, Coatesville, Parkesburg, West Chester, Kennett Square and Oxford","@fresh2youmarket","Fresh2You Mobile Market","pa","","eggs herbs vegetables honey beans fruits grains","@fresh2youmarket","market","http://chestercountyfoodbank.org/programs/fresh2you/","-75.748454","39.9731925",""
"Jersy Shore","","Friendly Farmers Market","pa","335 Davidson Road","","","market","","-77.2394","41.1364","17740"
"McConnellsburg borough","","Fulton County Medical Center Farmers Market","pa","214 peach orchard rd.","organic eggs vegetables poultry fruits","","market","","-77.995682","39.931838","17233"
"Philadelphia","","Germantown Farmers' Market","pa","Germantown Avenue and Walnut Lane","vegetables fruits","","market","http://thefoodtrust.org/farmers-markets/market/germantown","-75.178662","40.040212","19144"
"Glen Rock borough","https://www.facebook.com/TheRuinsPark/","Glen Rock Farmer's Market","pa","30 Enterprise Street","baked goods cheese crafts flowers eggs herbs vegetables jams meat poultry prepared-foods soap coffee fruits","","market","","-76.733814","39.794187","17327"
"Glenside","https://www.facebook.com/pages/Glenside-Farmers-Market/217460205121061","Glenside Farmers Market","pa","Glenside Ave. and Easton Road","organic baked goods cheese crafts flowers eggs herbs vegetables honey jams maple meat plants poultry soap wine coffee fruits mushrooms pet food","","market","http://www.theglensidefarmersmarket.com","-75.1535011","40.1005692","19038"
"Milroy","","Golden Mile Farmers Market","pa","10744 Back Mountain Road","","","market","","-77.5299","40.7492","17063"
"Reedsville","","Goldlen Mile Open-Air Farmers Market","pa","Rural Delivery 1, Box 68","","","market","","-77.6162","40.6662","17084"
"Edinboro","www.facebook.com/goodellgardensandhomestead","Goodell Gardens Farmers Market","pa","221 Waterford Street","baked goods cheese crafts flowers eggs herbs vegetables honey jams maple meat plants poultry prepared-foods soap trees wine coffee fruits grains mushrooms pet food","www.twitter.com/goodellgardens","market","http://www.goodellgardens.org","-80.1230603","41.8769872","16412"
"Philadelphia ","https://www.facebook.com/FarmToCity","Gorgas Park Farmers' Market","pa","Ridge Ave. at Acorn St.","herbs vegetables honey jams maple prepared-foods fruits","https://twitter.com/FarmtoCity","market","http://www.farmtocity.org/FarmersMarkets.asp","-75.2213168","40.0375133","19128"
"Ephrata","","Green Dragon Farmers Market","pa","955 N. State St.","organic baked goods cheese crafts flowers seafood herbs vegetables honey jams maple meat nuts plants prepared-foods soap","","market","http://www.greendragonmarket.com","-76.1524","40.1938","17522"
"Pittsburgh","","Green Tree Farmer's Market in the Park","pa","Greentree Rd. and Mansfield Ave.","baked goods cheese vegetables honey plants prepared-foods fruits","","market","","-80.0458","40.4218","15220"
"Greensboro","","Greensboro Farmers Market","pa","","baked goods eggs herbs vegetables honey jams maple soap","","market","http://www.greensboropa.com","-79.9128338","39.7911884","15338"
"Greensburg","","Greensburg Community Farmers Market","pa","Lynfield Park","","","market","","-79.5449","40.3059",""
"Greensburg","","Greensburg Downtown Farmers Market","pa","Main Street","","","market","","-79.5432","40.2992","15601"
"Philadelphia","","Greensgrow Farm Farmers' Market","pa","2501 Cumberland Street","baked goods cheese eggs vegetables jams poultry prepared-foods coffee fruits","","market","http://www.greensgrow.org/urban-farm/","-75.120970","39.977981","19132"
"","https://www.facebook.com/pages/Greensgrow-Farms/66323974768?ref=mf","Greensgrow Farms mobile food delivery system","pa","","","","market","http://www.greensgrow.org/mobile-markets/","","",""
"Hanover","www.Facebook.com/hanovermarket","Hanover Market House","pa","210 East Chestnut Street","baked goods cheese crafts eggs herbs vegetables honey jams meat poultry prepared-foods soap wine coffee fruits","","market","http://www.hanover-market.com","-76.982610","39.803273","17331"
"Hatboro","Hatboro Farmers Market","Hatboro Farmer's Market","pa","32 N. York Road","baked goods cheese crafts flowers eggs herbs vegetables honey jams prepared-foods soap wine coffee fruits pet food","","market","http://www.hatbororesidents.com","-75.105697","40.178352","19040"
"West Hazleton","","Hazelton Farmers Night Market","pa","260 Washington Ave.","","","market","","-75.318","40.1279","18201"
"Philadelphia","","Headhouse Farmers' Market","pa","2nd and Lombard Streets","organic baked goods cheese flowers herbs vegetables honey jams maple meat poultry soap coffee fruits grains juices mushrooms","","market","http://thefoodtrust.org/farmers-markets/market/headhouse","-75.145481","39.942022","19147"
"Greensburg","","Hempfield Farmers Market","pa","Route 136","","","market","","-79.5456","40.3019","15601"
"Hollidaysburg","","Hollidaysburg Farmers Market","pa","On the Diamond","","","market","","-78.3889","40.4273",""
"Cresco","https://www.facebook.com/HomesteadingHutFarmStand","Homesteading Hut & Farmstand ","pa","1131 Route 390","","","market","http://www.localharvest.org/homesteading-hut-farmstand-M59516","-75.2691","41.18","18326"
"Tamaqua","","Hometown Farmers Market","pa","Rural Delivery 1","","","market","","-75.469","40.6116","18252"
"Williamsburg","","Hunting Grower's Market","pa","Route 22 & Hartslog Valley Road","","","market","","-78.0939","40.4926",""
"Philadelphia","","Hunting Park Farmers' Market","pa","West Hunting Park Avenue and Old York Road","vegetables meat fruits","","market","http://thefoodtrust.org/farmers-markets/market/hunting-park","-75.147040","40.016712","19140"
"Huntingdon","https://www.facebook.com/pages/Huntingdon-Farmers-Market/151301851599329","Huntingdon Farmers' Market","pa","842 Penn Street","organic baked goods cheese crafts flowers eggs herbs vegetables honey jams meat plants prepared-foods soap fruits mushrooms","https://twitter.com/HuntingdonFM","market","http://www.huntingdonfarmersmarket.org/","-78.017230","40.485653","16652"
"Telford","https://www.facebook.com/ivfarm","Indian Valley Farmers' Market","pa","Main Street and Penn Avenue","baked goods crafts vegetables honey plants wine coffee fruits pet food","","market","http://www.ivfm.org","-75.32905","40.32515","18969"
"Indiana","","Indiana County Farmers Market ","pa","8th & Church Streets","","","market","http://www.indianafarmmarket.blogspot.com/","-79.1447","40.6224","15701"
"Philadelphia","https://www.facebook.com/FarmToCity","Jefferson Farmers' Market","pa","Chestnut St. between 9th St. & 10th St.","baked goods herbs vegetables honey plants fruits","https://twitter.com/FarmtoCity","market","http://www.farmtocity.org/FarmersMarkets.asp","-75.156381","39.950040","19107"
"Jenkintown","","Jenkintown Farmers Market","pa","703 Greenwood Ave","organic baked goods cheese herbs vegetables honey jams maple meat plants prepared-foods soap","","market","","-75.1268","40.0953","19046"
"Jim Thorpe","","Jim Thorpe Farmers Market","pa","E. 10th St","baked goods crafts flowers herbs vegetables honey jams maple meat plants","","market","http://www.jimthorpefarmersmarket.org/","-75.726","40.8784","18229"
"Chambersburg","","Jim's Farmers Market","pa","255 Grant Street","baked goods cheese crafts flowers herbs vegetables honey jams maple meat nuts plants prepared-foods soap","","market","http://www.jimsfarmersmarket.com","-77.6577","39.9414","17201"
"Altoona","https://www.facebook.com/pages/Juniata-Farmers-Market/478571605491615","Juniata Farmers Market ","pa","Rider Parking Lot- Penn State Altoona- corner of Rider Farm & Juniata Gap Roads","","","market","","-78.4171","40.5424","16601"
"Kennett Square","http://www.facebook.com/ksqfarmersmarket/","Kennett Square Farmer's Market","pa","113 E State St","organic baked goods crafts flowers eggs herbs vegetables honey jams maple meat plants poultry soap wine fruits juices mushrooms pet food wild","","market","http://historickennettsquare.com/recreation-culture/kennett-square-farmers-market/","-75.7112962","39.8471310","19348"
"Lancaster","https://www.facebook.com/LancasterCentralMarket/","Lancaster Central Market","pa","23 North Market Street","organic baked goods cheese crafts flowers eggs seafood herbs vegetables honey jams maple meat nuts plants poultry prepared-foods soap coffee beans fruits grains juices mushrooms pet food tofu wild","https://twitter.com/lanccentmrkt","market","http://www.centralmarketlancaster.com","-76.3064763","40.0383749","17603"
"Landsdowne","","Lancaster County Farmers Market","pa","2 West Baltimore pike","","","market","","-75.4309","40.0453",""
"Lancaster ","https://www.facebook.com/LancasterEastSideMarket/","Lancaster East Side Market","pa","135 N. Lime Street","baked goods cheese eggs vegetables honey jams soap coffee pet food wild","https://twitter.com/lanceastside","market","http://www.lancastereastsidemarket.com","-76.300673","40.041494","17602"
"Lansdale","https://www.facebook.com/LansdaleFarmersMarket/","Lansdale Farmers' Market","pa","400 Penn Street","organic baked goods cheese flowers eggs seafood herbs vegetables honey jams maple meat poultry prepared-foods soap trees coffee fruits juices mushrooms pet food wild","","market","https://www.lansdalefarmersmarket.org/","-75.277496","40.234201","19446"
"Lansdowne","https://www.facebook.com/LansdowneFarmersMarketPA/","Lansdowne Farmers Market","pa","30 North Lansdowne Avenue","organic baked goods cheese flowers eggs vegetables honey plants prepared-foods soap trees wine coffee fruits mushrooms","","market","http://www.LansdowneFarmersMarket.com","-75.272543","39.939208","19050"
"Latrobe","","Latrobe Farmers Market","pa","Latrobe Memorial Stadium parking lot","","","market","","-79.3795","40.3212",""
"Pittsburgh","www.facebook.com/lvillefarmmarket","Lawrenceville Farmers Market","pa","250 40th Street","baked goods cheese flowers eggs herbs vegetables honey jams maple meat poultry prepared-foods soap wine coffee fruits juices mushrooms wild","","market","http://www.lunited.org/programs/community-planning-development/lawrenceville-farmers-market/","-79.961092","40.467011","15201"
"Lebanon","","Lebanon Farmers Market","pa","35 S. Eighth St.","","","market","","-76.4263","40.3396","17042"
"Leesport","https://www.facebook.com/leesportmarket/","Leesport Farmers Market Inc.","pa","312 Gernants Church Road, P.O. Box 747","organic baked goods cheese crafts flowers eggs seafood herbs vegetables honey jams maple meat nuts plants poultry prepared-foods soap trees wine coffee beans fruits grains juices mushrooms","","market","http://www.leesportmarket.com","-75.9675601","40.4566403","19533"
"Newry","https://www.facebook.com/leightysfarmmarket","Leighty's Farm Market ","pa","16187 Dunnings Highway","","","market","http://www.leightys.com/","-78.4298","40.3663","16665"
"Lemont","","Lemont Farmers' Market","pa","133 Mt. Nittany Rd.","baked goods vegetables fruits","","market","http://www.lemontvillage.org/home/lemont-farmers-market","-77.817042","40.810447","16851"
"Leola","","Leola Produce Market","pa","Brethren Church Road","","","market","","-76.1745","40.1064","17540"
"Lewisburg","","Lewisburg Farmers Market","pa","Fairground Road","","","market","","-76.9073","40.9597","17837"
"Philadelphia","","Liberty Lands Farmers' Market","pa","3rd Street and Poplar Avenue","vegetables fruits","","market","http://thefoodtrust.org/farmers-markets/market/liberty-lands-park","-75.142320","39.965584","19124"
"Ligonier","@LigonierCountryMarket","Ligonier Country Market","pa","110 Andi Lane","organic baked goods cheese crafts flowers eggs herbs vegetables honey jams maple meat nuts plants poultry prepared-foods soap trees wine coffee fruits juices mushrooms pet food wild","@LigonierMarket","market","http://www.ligoniercountrymarket.com","-79.2507333","40.2501886","15658"
"Lititz","https://www.facebook.com/lititzfarmermarket","Lititz Farmers Market","pa","45 North Water Street.","baked goods cheese crafts flowers eggs seafood herbs vegetables jams meat plants prepared-foods soap coffee fruits pet food","","market","http://www.lititzfarmersmarket.com","-76.30116","40.1573","17543"
"Erie","https://www.facebook.com/SSJNN/","Little Italy Farmers Market","pa","331 West 18th Street","baked goods crafts flowers vegetables honey soap fruits","https://twitter.com/SSJNN","market","http://www.ssjnn.org","-80.0850810","42.1155929","16502"
"Lower Makefield","","Lower Makefield Farmers Market","pa","Edgewood Rd. and Heacock Rd.","organic baked goods cheese crafts flowers herbs vegetables honey jams maple meat plants prepared-foods soap","","market","http://www.buckscountyfoodshedalliance.org","-77.8028","40.8749","19067"
"Greensburg","","Lynchfield Farmers Market","pa","Rte 119 N.","","","market","","-79.5481","40.2855","15601"
"Macungie","https://www.facebook.com/macungiefarmersmarket","Macungie Farmers Market","pa","100 N. Walnut Street","baked goods cheese crafts flowers eggs herbs vegetables honey jams maple nuts plants poultry prepared-foods soap wine fruits grains juices","","market","http://www.macungiefarmersmarket.com","-75.549502","40.515137","18062"
"Washington","","Main Street Farmers Market","pa","South Main at Wheeling","baked goods cheese flowers eggs herbs vegetables honey jams maple meat plants poultry prepared-foods wine coffee fruits grains juices","","market","http://www.msfm.org","-80.245","40.169","15301"
"Philipsburg","","MAIN STREET FARMERS MARKET","pa","Main St Moshannon Enterprise Bldg","","","market","","-78.1925","40.8936",""
"Honesdale","https://www.facebook.com/pg/thecooperageproject/events/?ref=page_internal","Main Street Farmers Market","pa","1030 Main Street","organic baked goods eggs herbs vegetables maple meat poultry prepared-foods fruits","","market","https://thecooperageproject.org/markets/farmersmarket/","-75.257714","41.575082","18431"
"Mansfield","https://www.facebook.com/mansfieldgrowersmarket","Mansfield Growers Market","pa","30 E. Wellsboro Street","organic baked goods crafts flowers eggs herbs vegetables honey jams maple meat plants poultry prepared-foods soap fruits","","market","http://www.mansfieldgrowersmarket.wordpress.com","-77.0768661797047","41.8072801083326","16933"
"Marietta","","Marietta Market","pa","Front & Pine Streets","baked goods cheese crafts flowers eggs seafood herbs vegetables jams meat plants poultry prepared-foods fruits","","market","http://www.mariettamarket.org","-76.54646","40.05722","17547"
"York","","Market & Penn Streets Farmers' Market","pa","380 W. Market Street","baked goods cheese crafts flowers vegetables honey meat plants prepared-foods","","market","http://www.pennstreetfarmersmarket.com","-76.7363","39.9593","17401"
"Philadelphia ","https://www.facebook.com/farewaymarket/","Market at the Fareway","pa","8229 Germantown Avenue","baked goods cheese eggs vegetables meat nuts poultry prepared-foods coffee fruits juices mushrooms tofu","https://twitter.com/farewaymarket","market","http://www.marketatthefareway.com","-75.2030576","40.0741932","19118"
"Mars","","Mars Farmers Market","pa","120 Tess Lane","","","market","","-80.0516","40.7022","16046"
"Masontown","","Masontown Farmers Market","pa"," N Water St. and Virginia Ave","baked goods crafts eggs vegetables honey jams prepared-foods","","market","","-79.895904","39.850984","15454"
"Meadville","","Meadville Farmers Market","pa","910 Market Street","","","market","","-80.1534","41.6387","16335"
"Mechanicsburg","","Mechanicsburg Farmers Market","pa","6 W. Strawberry Alley","","","market","","-76.9839","40.1774","17055"
"Media","https://www.facebook.com/mediafarmersmarket","Media Farmers Market","pa"," State & Gayley Streets","baked goods cheese flowers eggs seafood herbs vegetables honey jams meat plants poultry prepared-foods soap wine coffee beans fruits juices mushrooms pet food","","market","http://www.mediafarmersmarket.com","-75.3867127","39.9175314","19063"
"Pittsburgh ","","Mellon Square CitiParks Farmers Market","pa","Smithfield and 6th","baked goods vegetables honey prepared-foods coffee fruits","","market","","-79.997533","40.440998",""
"Mercer ","Mercer Main Street","Mercer MainStreet Farmers' Market","pa","102 South Diamond St","baked goods cheese crafts eggs herbs vegetables honey jams maple meat prepared-foods soap wine coffee fruits","","market","http://www.mercermainstreet.net","-80.2395773","41.2264965","16137"
"Edinburg","","Michelangelo's Flea & Farmers Market","pa","2475 Ben Franklin Hwy.","","","market","","-80.4368","41.0144","16116"
"Middleburg","","Middleburg Market and Auction","pa","Route 522","","","market","","-77.0848","40.7863","17842"
"Milford ","https://www.facebook.com/farmersmarketmilfordpa?fref=ts","Milford Farmers Market","pa","508 W. Harford Street","organic baked goods eggs vegetables honey jams maple meat poultry prepared-foods soap coffee beans fruits juices mushrooms pet food","","market","http://airsoilwater.org","-74.809264","41.325863","18337"
"Millersville","https://www.facebook.com/millersvillefarmersmarket?ref=hl","Millersville Farmers Market","pa","163 West Frederick Street","baked goods cheese crafts flowers eggs herbs vegetables honey jams meat plants prepared-foods soap fruits","","market","","-76.3618026","39.9959563","17551"
"Milesburg","","Millesburg FM","pa","Market St","","","market","","-77.7816","40.9433",""
"Millheim","","Millheim Farmers Market","pa","Route 45 , American Legion Post 444, 1/2 mile W of light on Rte 45, on R","","","market","","-77.4767","40.8909",""
"Monongahela","https://www.facebook.com/MonCityFarmersMarket","Monongahela Farmers Market","pa","Chess Park","","","market","http://www.cityofmonongahela-pa.gov/FarmersMarket.htm","-79.930957","40.204792","15063"
"Stroudsburg","","Monroe County Farmers Market","pa","Main street","","","market","","-75.1941","40.9854","18360"
"Stroudsburg","https://www.facebook.com/monroefarmersmkt","Monroe Farmers Market","pa","Courthouse Square","baked goods cheese flowers eggs herbs vegetables honey jams maple meat plants poultry prepared-foods soap wine coffee fruits juices mushrooms pet food wild","https://twitter.com/monrofarmmarket","market","http://www.monroefarmersmarket.com","-75.194625","40.986307","18360"
"Montoursville","","Montoursville Outdoor Growers Market","pa","457 Route 187 Highway","","","market","","-76.9205","41.2542","17554"
"Moon Township","","Moon Farmers Market","pa","1000 Beaver Grade Road","","","market","http://www.moontwp.com","-80.1842","40.4916","15108"
"Lansdale","","MORGAN LOG HOUSE FARM MARKET","pa","850 Weikel Road","organic baked goods crafts vegetables honey jams soap","","market","http://www.morganloghouse.org/marketl","-75.3123277777778","40.2453638888889","19446"
"Thomasville","","Morningstar Marketplace","pa","5209 Lincoln Highway, West","","","market","","-76.8516","39.9287","17364"
"Mount Joy","","Mount Joy Farmers Market","pa","101 E. Main Street","baked goods cheese crafts flowers eggs herbs vegetables honey jams maple nursery nuts plants poultry prepared-foods soap trees","","market","http://www.msmj.org","-76.4986","40.1094","17552"
"Carlisle","","Mountain Lakes Market","pa","1800 Newville Road","","","market","http://www.mtnlakesmarket.com","-77.2783","40.2017","17015"
"moxham","","moxham farmers market","pa","corner of ohio and grove ave","baked goods cheese eggs vegetables jams maple fruits","","market","","-78.908268","40.297863","15904"
"Pittsburgh","https://www.facebook.com/groups/MtLebanonLions","Mt Lebanon Lions Farmers Market","pa","975 Washington Road","organic baked goods flowers eggs herbs vegetables honey jams meat poultry prepared-foods trees fruits grains juices wild","","market","http://www.MtLebanonLionsFarmersMarket.com","-80.0478","40.3741","15228"
"Philadelphia ","https://www.facebook.com/Mt-Airy-Farmers-Market-115303871848990/?fref=ts","Mt. Airy Farmers' Market","pa","Carpenter Lane at Greene St.","herbs vegetables fruits","https://twitter.com/FarmtoCity","market","http://www.farmtocity.org/FarmersMarkets.asp","-75.196156","40.046219","19119"
"Nazareth","https://www.facebook.com/NazarethFarmersMarketOnTheSquare","Nazareth Farmers Market on the Square","pa","Nazareth Square","baked goods flowers eggs herbs vegetables honey jams meat plants poultry prepared-foods","","market","","-75.31196","40.74239","18064"
"York","","New Eastern Market","pa","201 Memory Lane","","","market","","-76.6814","39.9775","17402"
"New Freedom borough","New Freedom Farmers Market","New Freedom Farmers' Market","pa","150 East Main Street","baked goods crafts flowers eggs herbs vegetables honey jams meat plants poultry prepared-foods soap coffee fruits pet food","","market","","-76.696268","39.736548","17349"
"Avondale borough","","New Garden Growers Market","pa","8943 Newport Gap Pike","organic baked goods cheese crafts flowers eggs herbs vegetables honey jams meat plants poultry prepared-foods soap trees wine fruits mushrooms pet food","","market","http://www.newgardengrowers.com","-75.755475","39.809987","19311"
"Hunker","","New Stanton Turnpike Plaza Farmers Market","pa","New Stanton Turnpike Plaza","","","market","","-76.8825","40.2952","15639"
"New Wilmington","https://www.facebook.com/nwfarmersmarket","New Wilmington Farmers' Market ","pa","Jameson Heath Care parking lot -Market St. & Vine St","","","market","http://www.nwfarmersmarket.org/","-80.3331","41.1213","16142"
"Philadelphia","","Norris Square Park Farmers' Market","pa","Diamond and Hancock Streets","baked goods vegetables","","market","http://www.foodtrustmarkets.org/markets.html","-75.135520","39.982004","19122"
"Norristown","","Norristown","pa","Swede & Main Sts.","","","market","http://www.headhousemarket.org","-75.3446","40.1146",""
"State College","https://www.facebook.com/pages/North-Atherton-Farmers-Market/115271871855499","North Atherton Farmers Market","pa","2615 Greentech Drive","organic baked goods cheese flowers eggs seafood herbs vegetables honey jams meat poultry prepared-foods soap wine coffee fruits","","market","http://www.nathertonmarket.com","-77.924030","40.813582","16803"
"North East","https://www.facebook.com/pages/North-East-Farmers-Market/109010742518386","North East Farmers Market ","pa","rtes 89 and 20 corner","","","market","","-79.8346","42.216","16428"
"Pittsburgh","","North Side Citiparks Farmers Market","pa","East Park","","","market","","-79.5834","40.0172","15212"
"Chambersburg","https://www.facebook.com/pages/North-Square-Farmers-Market/114897878526668","North Square Farmers Market","pa","50 North Main Street","organic baked goods cheese crafts flowers eggs herbs vegetables honey jams maple meat plants prepared-foods soap fruits","https://twitter.com/NSFMkt","market","http://www.northsquarefarmersmarket.com","-77.660955","39.938432","17201"
"Northampton ","Northampton Pa Farmers Market","Northampton Pa Farmers Market","pa","1401 Laubach Avenue Municipal Park","baked goods crafts flowers herbs vegetables honey jams plants poultry prepared-foods wine fruits","","market","","-75.489035","40.684278","18067"
"Philadelphia","","Northern Liberties Farmers Market","pa","2nd & Poplar Streets","","","market","","-75.1407","39.9641","19104"
"Havertown","https://www.facebook.com/OakmontFarmersMarket","Oakmont Farmers Market","pa","1 W Eagle Road","baked goods cheese crafts flowers eggs herbs vegetables honey jams maple meat poultry soap wine coffee beans fruits grains juices mushrooms pet food","","market","http://www.oakmontfarmersmarket.org","-75.310837","39.987936","19083"
"Ohiopyle","","Ohiopyle Country Market","pa","Dinner Bell Road","baked goods crafts flowers eggs vegetables honey jams maple nuts prepared-foods","","market","","-79.499731","39.851116","15470"
"Spring Mills","","OLD GREGG SCHOOL FARMERS MARKET","pa","106 School Street","","","market","","-77.5741","40.8551",""
"Grove City","","Olde Town Grove City Farmers Market ","pa","120 Festival Park (Beside the Gazebo)","","","market","http://www.oldetowngrovecity.com/","-80.0887","41.1578","16127"
"Philadelphia","","Olney Transportation Center Farmers' Market","pa","Broad Street and Olney Avenue","vegetables fruits","","market","http://thefoodtrust.org/farmers-markets/market/olney-transportation-center","-75.1446116","40.0390656","19141"
"Ottsville","","Ottsville Farmers Market","pa","8230 Easton Road (Route 611)","eggs trees","","market","http://www.ottsvillefarmersmarket.com","-75.17261","40.48894","18942"
"Philadelphia","","Overbrook Farms Farmers' Market","pa","Lancaster and City Avenues","baked goods cheese vegetables fruits","","market","http://thefoodtrust.org/farmers-markets/market/overbrook","-75.254","39.9883","19131"
"Philadelphia","","Oxford Circle Farmers' Market","pa","900 East Howell Street","vegetables fruits","","market","http://thefoodtrust.org/farmers-markets/market/oxford-circle","-75.090260","40.037739","19149"
"Oxford","www.facebook.com/OxfordVillageMarket/","Oxford Village Market","pa","13 South Third Street","baked goods crafts flowers herbs vegetables honey jams soap fruits mushrooms","","market","http://www.downtownoxfordpa.org/oxford-village-market-2/","-75.979518","39.784440","19363"
"Philadelphia","","Palmer Park Farmers' Market","pa","Frankford Avenue and East Palmer Street","baked goods vegetables","","market","http://www.foodtrustmarkets.org/markets.html","-75.1326","39.9753","19125"
"Palmyra","https://www.facebook.com/palmyrafarmersmarket","Palmyra Producer Only Farmers Market","pa","220 Campbelltown Road","organic baked goods cheese flowers eggs herbs vegetables honey jams maple meat nuts poultry prepared-foods fruits tofu wild","","market","http://palmyrafarmersmarket.blogspot.com","-76.5884690","40.3004520","17078"
"Palmyra","https://www.facebook.com/palmyrarealfoodemporium","Palmyra Real Food Emporium","pa","707 East Broad Street","organic baked goods cheese eggs seafood herbs vegetables honey jams maple meat nuts poultry prepared-foods soap wine coffee beans fruits grains juices mushrooms wild","","market","http://www.palmyrarealfoodemporium.com","-76.589127","40.314287","17078"
"Reading","https://www.facebook.com/pages/Penn-Street-Market/138443376166319?fref=ts","Penn Street Market","pa","800 Block of Penn Street","organic baked goods crafts eggs herbs vegetables honey plants poultry prepared-foods soap coffee fruits juices","","market","http://www.pennstreetmarket.org","-75.921063","40.334997","19601"
"Harrisburg","","Pennsylvania Open Air Market","pa","Farm Show parking lot","","","market","","-76.8847","40.2902","17110"
"Perkasie borough","https://www.facebook.com/PerkasieFarmersMarket/","Perkasie Farmers' Market","pa","620 W. Chestnut St","organic baked goods cheese crafts flowers eggs herbs vegetables honey jams maple meat plants poultry soap trees wine coffee fruits","","market","http://perkasieborough.org/our-events/farmers-market/","-75.292772","40.371737","18944"
"Philipsburg","","Philipsburg Farmers Market","pa","Main Street between Goodwill and Finberg Bldg.","","","market","","-78.2206","40.8964",""
"Phoenixville","https://www.facebook.com/pages/Phoenixville-Farmers-Market/212007240376","Phoenixville Farmers' Market","pa","270 Mill Street","organic baked goods cheese crafts flowers eggs seafood herbs vegetables honey jams maple meat plants poultry prepared-foods soap trees wine coffee beans fruits grains juices mushrooms","https://twitter.com/PXFMarket","market","http://www.phoenixvillefarmersmarket.org","-75.518758","40.134671","19460"
"Philadelphia","www.facebook.com/piazzafarmersmarket","Piazza Farmers Market","pa","969 North 2nd Street","","","market","","-75.1391","39.9686","19123"
"Pittsburgh","https://www.facebook.com/PittsburghPublicMarket","Pittsburgh Public Market","pa","2401 Penn Ave.","organic baked goods cheese crafts flowers eggs vegetables honey jams maple meat plants prepared-foods soap wine coffee fruits grains juices mushrooms","https://twitter.com/PghPubMarket","market","http://www.pittsburghpublicmarket.org","-79.9805948","40.4535609","15222"
"Pittston","","Pittston City Farmers Market","pa","35 Broad Street","","","market","","-75.7905","41.3217","18640"
"Feasterville","","Playwicki Farmers Market","pa","2301 Bridgetown Pike","organic baked goods cheese crafts flowers herbs vegetables honey jams maple prepared-foods soap wine fruits mushrooms pet food","","market","","-74.9587416","40.1741659","19053"
"Pittsburgh","","Plaza Farmers Market","pa","Heights Plaza Shopping Center","","","market","","-79.7092","40.5829","15065"
"Pipersville","Plumsteadville Grange Farmers Market","Plumsteadville Grange Farmer's Market","pa","5901 Easton Road","organic baked goods crafts flowers eggs vegetables honey jams maple coffee fruits","","market","","-75.145095","40.394682","18947"
"Coudersport borough","","Potter County Farmers' Market","pa","Cole Memorial Hospital, 1001 E. 2nd St.","baked goods crafts vegetables honey jams maple fruits","","market","","-77.978959","41.772515","16915"
"Pottstown","","POTTSTOWN FARM MARKET","pa","300 High Street Pottstown, PA 19464","","","market","","-75.6473","40.2449",""
"Pottsville","","Pottsville Farmers Market","pa","Arch St.","","","market","","-76.1947","40.6867","17901"
"Philadelphia ","https://www.facebook.com/FarmToCity/","Powers Park Farmers Market","pa","Almond and Ann Streets","baked goods cheese eggs herbs vegetables honey poultry prepared-foods soap fruits","","market","http://www.farmtocity.org","-75.1094630","39.9825400","19134"
"Newtown Square","www.facebook.com/newtownsquarefarmersmarket","PRC Newtown Square Farmers' Market","pa","4033 West Chester Pike","baked goods cheese crafts flowers eggs herbs vegetables honey jams plants poultry prepared-foods soap trees wine coffee fruits juices wild","","market","http://www.newtownsquarefarmersmarket.com","-75.421282","39.983650","19073"
"quakertown","quakertown farmers market","quakertown farmers market","pa","201 station road","baked goods cheese crafts flowers eggs seafood herbs vegetables honey jams maple meat nuts plants poultry prepared-foods soap trees coffee beans fruits grains juices mushrooms pet food wild","quakertown farmers market","market","http://itsfresherhere.com","-75.3307565","40.4316102","18951"
"Philadelphia","https://www.facebook.com/readingterminalmarket","Reading Terminal Market","pa","51 North 12th street","baked goods cheese crafts flowers eggs seafood herbs vegetables honey jams maple meat poultry prepared-foods soap wine fruits","https://twitter.com/RdgTerminalMkt","market","http://www.readingterminalmarket.org","-75.159307","39.953605","19107"
"Kutztown","","Renningers Farmers Market","pa","740 Noble St.","","","market","","-75.7685","40.5041","19530"
"Schuylkill Haven","","Renningers Farmers Market and Auction","pa","443 Route 61 S","","","market","","-76.1423","40.6449","17972"
"Reynoldsville","","Reynoldsville Farmers Market","pa","460 E. Main Street #4","","","market","","-78.8882","41.096","15851"
"Ridgeway","","Ridgeway Farmers Market","pa","","","","market","http://www.farmersmarketridgway.com/","-77.194525","41.203322","15853"
"Philadelphia","https://www.facebook.com/RittenhouseFarmersMarket/?fref=ts","Rittenhouse Farmers' Market -Saturday","pa","18th St. & Walnut St.","organic baked goods cheese flowers eggs seafood herbs vegetables honey jams maple meat plants poultry prepared-foods soap wine coffee fruits juices","https://twitter.com/FarmtoCity","market","http://www.farmtocity.org/FarmersMarkets.asp","-75.170879","39.950066","19103"
"Allentown","https://www.facebook.com/rodaleinstituteorganicmarketon7th/","Rodale Institute Organic Farmers Market at Sacred Heart","pa","450 W. Chew St.","organic baked goods cheese flowers eggs plants soap fruits","","market","http://www.rodaleinstitute.org","-75.469507","40.607196","18102"
"Allentown","https://www.facebook.com/rodaleinstituteallentownmarket/","Rodale Institute Organic Farmers Market at the Y","pa","425 S. 15th St.","organic baked goods cheese flowers eggs vegetables plants soap fruits","","market","http://www.rodaleinstitute.org","-75.485142","40.592550","18102"
"Manheim","","Roots Country Market and Auction","pa","705 Graystone Rd.","","","market","http://www.rootsmarket.com","-76.3794","40.1184","17545"
"Pittsburgh ","https://www.facebook.com/Ross-Twp-Farmers-Market-414344225264700/","Ross Township Farmers Market","pa","920 Perry Hwy","baked goods cheese crafts eggs herbs vegetables honey jams maple meat plants poultry prepared-foods soap coffee fruits juices pet food","","market","","-80.036108","40.533713","15229"
"Lewisburg","","Rte 15 Flea and Farmers Market","pa","150 Silver Moon Lane","","","market","","-76.8844","40.9645","17837"
"Runnsville","","RUNNSVILLE FARMERS MARKET","pa","Route 144,  Behind Sheetz","","","market","","-77.1945247","41.2033216",""
"Greensburg","","Sarvers Hill Farmers Market","pa","438 Old State Route 66","","","market","","-79.571","40.3964","15601"
"Middletown","","Saturday's Market","pa","3751 East Harriburg Pike","","","market","http://www.SaturdaysMarket.com","-76.673","40.1828","17057"
"Hellertown","https://www.facebook.com/pages/Saucon-Valley-Farmers-Market/129380180472067","Saucon Valley Farmers' Market","pa","90 West Water Street","baked goods cheese crafts flowers eggs herbs vegetables honey jams maple meat nuts plants poultry prepared-foods soap trees wine coffee fruits juices mushrooms pet food wild","","market","http://www.svfarmersmarket.org","-75.3416470","40.5791692","18055"
"Philadelphia","","Schuylkill River Park","pa","25th and Spruce Streets","vegetables fruits","","market","http://thefoodtrust.org/farmers-markets/market/schuylkill-river-park","-75.18114","39.94903","19103"
"Scottdale","","Scottdale Farmers Market","pa","1 Centennial Way","baked goods herbs vegetables honey plants soap","","market","","-79.586785","40.101480","15683"
"Philadelphia","","SHARE Food Program","pa","Hunting Park Ave and Henry Ave","cheese flowers eggs vegetables honey plants fruits mushrooms","","market","http://sharefoodprogram.org/","-75.1785927","40.0050546","19129"
"Shenandoah","","Shenandoah Farmers Market","pa","15 West Washington Street","","","market","","-76.2027","40.8232","17976"
"Shillington","https://www.facebook.com/?ref=home#!/pages/Shillington-Farmers-Market/169990412682?v=info","Shillington Farmers market","pa","10 South Summit Avenue","","","market","","-75.9538","40.3082","19607"
"Hustontown","","Sideling Hill Turnpike Plaza Farmers Market","pa","Sideling Hill Turnpike Sevice Plaza","","","market","","-78.0158","40.0713","17110"
"Skippack","","Skippack Farmers Market","pa","4056 Skippack Pike","","","market","http://www.skippackfarmersmarket.net","-75.4045","40.2274","19474"
"Mt. Bethel","","Slate Belt Farmers Market","pa","1566 Riner Road","","","market","","-75.0731","40.8551","18343"
"Slippery Rock","https://www.facebook.com/SRCFM/","Slippery Rock Community Farmers Market ","pa","111 Stoughton Beach","baked goods crafts flowers eggs herbs vegetables jams meat plants soap trees coffee fruits mushrooms pet food","","market","","-80.0304479","41.0377656","16057"
"Somerset","https://www.facebook.com/Somerset-County-Farmers-Market-139142146101195/","Somerset County Farmers' Market Inc.","pa","800 Georgian Place ","baked goods flowers eggs herbs vegetables jams maple meat plants poultry soap wine coffee fruits pet food","","market","http://somersetcountyfarmersmarket.com","-79.072141","40.022787","15501"
"Erie","https://www.facebook.com/SEErieFarmersMarket","South East Erie Farmers Market","pa","East 38th Street and Pine Avenue","","","market","","-80.0498","42.1085","16504"
"Pittsburgh","","South Side Citiparks Farmers Market","pa","18th and Carson Street","","","market","","-79.9805","40.4288","15203"
"Scranton","www.facebook.com/southsidefarmersmarket","South Side Farmers' Market","pa","Alder Street and Cedar Avenue","organic baked goods cheese flowers eggs vegetables honey jams maple meat plants poultry prepared-foods soap coffee fruits","","market","http://www.facebook.com/southsidefarmersmarket","-75.6668643","41.4003507","18505"
"Philadelphia","","South Street West Farmers Market","pa","15th & South Streets","","","market","http://www.thefoodtruSt.org","-75.1672","39.9439","19107"
"Springtown","","Springtown Farmers' Market","pa","Rts. 212/412","","","market","http://www.springtownfarmersmarket.org","-75.291","40.5562","18081"
"Bethlehem","","St. Luke's SteelStacks Farmers Market","pa","101 Founders Way","","","market","http://www.artsquest.org/markets","-75.367273","40.614311","18015"
"Allison Park","","St. Ursula Parish","pa","Duncan Ave @ Kirk Ave","","","market","","-79.9624","40.5595","15101"
"State College","","STATE COLLEGE FM","pa","Locust Lane","","","market","","-77.8564","40.7951",""
"Shippensburg","https://www.facebook.com/STCCOpenAirMarket/","STCC Open Air Market","pa","180 Airport Road","organic baked goods cheese crafts flowers eggs seafood herbs vegetables honey jams maple meat plants poultry prepared-foods soap wine coffee fruits juices mushrooms wild","https://twitter.com/StccOAM","market","","-77.477569","40.050647","17257"
"Strasburg","","Strasburg Farmers Market","pa","145 Precision Ave.","baked goods cheese flowers eggs herbs vegetables honey jams meat nursery plants soap trees","","market","http://www.strasburgfarmmarket.com","-76.1915745","39.9852888","17579"
"Harrisburg","https://www.facebook.com/stritesorchard","Strite's Orchard Farm Market and Bakery ","pa","1000 Strites Road","","","market","http://www.stritesorchard.com/","-76.773","40.2522","17111"
"Stroudsburg","","Stroudsburg Farmers Market ","pa","6332 Cherry Valled Rd","","","market","http://www.localharvest.org/stroudsburg-farmers-market-M39507","-75.2406","40.9521","18360"
"Sunbury","","Sunbury Curb Farmers Market","pa","225 Market Street","","","market","","-76.7911","40.8612","17801"
"Sunbury","","Sunbury Market House Farmers Market","pa","434 Market Street","","","market","","-76.7905","40.861","17801"
"Swarthmore","https://www.facebook.com/swarthmorefarmersmarket/","Swarthmore Farmers Market","pa","121 Park Avenue","baked goods cheese crafts flowers eggs seafood herbs vegetables honey jams maple meat plants poultry prepared-foods soap wine coffee fruits juices mushrooms pet food","https://twitter.com/SwatFarmersMkt","market","http://www.swarthmorefarmersmarket.org/","-75.349110","39.901799","19081"
"Tarentum ","https://www.facebook.com/Tarentum-Farmers-Market-680824195331593/","Tarentum Farm Market","pa","Corbet Street","baked goods flowers eggs herbs vegetables honey jams maple meat plants poultry prepared-foods soap trees fruits juices wild","","market","http://www.tarentumboro.com","-79.7524571","40.6030221","15084"
"Feasterville","https://www.facebook.com/PlaywickiFarm","The Farmer's Market at Playwicki Farm","pa","2350 BRIDGETOWN PIKE","","","market","http://lower-southampton-township.org/playwicki-farm/","-74.9896","40.1601","19053"
"New Wilmington","","The Green Market on Market St.","pa","Jameson Lot: Market St.","","","market","http://www.nw-green.org","-80.3324","41.1184","16142"
"Glen Rock","The Markets at Shrewsbury","The Markets at Shrewsbury","pa","12025 Susquehanna Trail S","baked goods cheese crafts flowers eggs seafood herbs vegetables honey jams maple meat nuts plants poultry prepared-foods soap wine coffee beans fruits grains juices mushrooms pet food","The Markets at Shrewsbury","market","http://www.marketsatshrewsbury.com","-76.730703","39.793503","17327"
"Grampian  ","www.facebook.com/TheMintedMarket","The Minted Market, Grampians Community Farmers Market","pa","258 Main Street","baked goods crafts flowers eggs herbs vegetables honey jams maple meat prepared-foods soap fruits","","market","","-78.6125090","40.9657290","16838"
"North East","","The North East Farmers Market","pa","Gibson Park","","","market","http://www.lastwordsmith.com","-79.9853","40.3257","16128"
"Paradise","The Saturday Market at Paradise","The Saturday Market at Paradise","pa","3293 Lincoln Highway East","baked goods cheese crafts flowers eggs herbs vegetables honey jams nuts plants poultry prepared-foods soap trees fruits juices pet food","","market","http://www.ParadiseMarketPa.com","-76.108184","40.005534","17562"
"Scranton","","The University of Scranton Farmer's Market ","pa","159 Cedar Ave.","","","market","http://www.scranton.edu/studentlife/studentaffairs/employee-wellness/index.shtml","-75.6638","41.4044","18505"
"Warrington","","The Warrington Farmers' Market at Valley Square","pa","Route 611 & Street Road","","","market","http://www.shopvalleysquare.com","-75.1386","40.2295","18976"
"Cheyney","https://www.facebook.com/pages/Thornton-Village-Farmers-Market/266640776684092","Thornton Village Farmers Market ","pa"," 6 Township Road off of Cheyney Road,","","","market","","-75.5129","39.9055",""
"Coudersport","","Thorny Bush Farm","pa","Courthouse Square","","","market","","-77.9303","41.7524","16915"
"Tionesta","","Tionesta Farmers Market","pa","Forest County Courthouse","","","market","","-79.4564","41.4962","16353"
"Titusville","https://www.facebook.com/titusvilleopenairmarket/?ref=aymt_homepage_panel","Titusville Open-Air Market","pa","Corner of S. Martin & Diamond St.","baked goods crafts flowers herbs vegetables honey jams maple plants prepared-foods coffee fruits","","market","","-79.671438","41.626744","16354"
"DuBois","","Treasure Lake Farmers Market and Artisan Faire","pa","95 Coral Reef","baked goods cheese crafts flowers eggs herbs vegetables honey jams maple meat nuts plants poultry prepared-foods soap wine coffee fruits pet food","","market","","-78.704999","41.201813","15801"
"Tyrone","","Tyrone Farmers Market","pa","Logan ave.","","","market","","-78.2383","40.6744","16686"
"Philadelphia ","https://www.facebook.com/FarmToCity","University Square Farmers' Market","pa","36th St. and Walnut St.","baked goods eggs vegetables honey jams maple prepared-foods fruits","https://twitter.com/FarmtoCity","market","http://www.farmtocity.org/FarmersMarkets.asp","-75.194895","39.953275","19104"
"King of Prussia","https://www.facebook.com/umfarmersmarket","Upper Merion Farmers Market","pa","175 W. Valley Forge Road","organic baked goods cheese crafts flowers eggs herbs vegetables jams maple meat plants poultry prepared-foods soap wine coffee fruits juices mushrooms","https://twitter.com/umfarmersmarket","market","http://www.uppermerionfarmersmarket.org/","-75.371996","40.101460","19406"
"Vandergrift","","Vandergrift Farmers' Market","pa","Columbia Avenue Parking Lot","","","market","http://www.vandergriftfarmersmarket.weebly.com","-79.5621","40.6035","15690"
"Warren","","Warren County Farmers Market","pa","Parking lot on 2nd Ave.","","","market","","-79.1454","41.8452","16365"
"Honesdale ","","Wayne County Farmers Market","pa","200 Willow Avenue","organic baked goods crafts flowers eggs herbs vegetables honey jams maple plants poultry soap fruits mushrooms","","market","","-75.251749","41.567023","18431"
"Waynesburg","https://www.facebook.com/Waynesburg-Farmers-Market-236396956398280/","Waynesburg Farmers' Market","pa","High Street ","baked goods flowers vegetables honey jams maple plants prepared-foods soap wine fruits","","market","http://waynesbugpa.org","-80.186112","39.896462","15370"
"West Chester","https://www.facebook.com/WestChesterGrowersMarket","West Chester Growers Market","pa","Church & Chestnut Streets","baked goods cheese flowers eggs herbs vegetables honey jams maple meat plants poultry soap trees wine coffee fruits mushrooms","https://twitter.com/wcgrowersmarket","market","http://www.westchestergrowersmarket.com","-75.6071924","39.9609217","19380"
"Pittsburgh","","West End Citiparks Farmers Market","pa","Noblestown Road at Obey Street","","","market","","-80.0553","40.4272","15205"
"Johnstown","","West End Farmer's Market","pa","401 Broad Street","baked goods herbs vegetables jams nursery plants trees","","market","http://www.cityofjohnstownpa.net","-78.929000","40.339773","15906"
"West Homestead Borough","https://www.facebook.com/West-Homestead-Farmers-Market-527602854071544/","West Homestead Farmers Market","pa","455 West 8th Ave","baked goods cheese flowers vegetables jams prepared-foods wine coffee fruits","","market","","-79.918172","40.401493","15120"
"Philadelphia","","West Oak Lane Farmers' Market","pa","71st Avenue and Ogontz Avenue","vegetables fruits","","market","http://thefoodtrust.org/farmers-markets/market/west-oak-lane","-75.151649","40.062409","19138"
"West Reading","","West Reading Farmers Market","pa","500 block of Penn Avenue","","","market","http://www.westreadingmainstreet.org/farmersmarket.htm","-75.1372","39.9615","19610"
"Lemoyne","","West Shore Farmers Market","pa","900 Market St.","","","market","http://www.westshorefarmersmarket.com","-76.9036","40.2433","17043"
"West Chester","https://www.facebook.com/WesttownAmishMarket/","Westtown Amish Market","pa","1165 Wilmington Pike","baked goods cheese crafts flowers eggs seafood herbs vegetables honey jams maple meat plants poultry prepared-foods soap wine coffee fruits grains juices pet food","","market","http://www.westchesteramishmarket.com","-75.576689","39.921384","19382"
"Pittsburgh","","WIC downtown Pittsburgh","pa","239 4th Ave.","","","market","","-80.0088","40.4451",""
"Wilkes-Barre","","Wilkes-Barre Farmers Market","pa","Public Square","","","market","http://www.wilkes-barre.pa.us","-75.8818","41.2454","18711"
"Wilkinsburg","","Wilkinsburg Thursday Open Market","pa","225 Penn Avenue","baked goods flowers eggs vegetables honey jams prepared-foods soap wine fruits","","market","http://wilkinsburgchamber.com","-79.890864","40.445948","15221"
"Williamsport","","Williamsport Growers Farmers Market I","pa","4th and Diamond Streets, West End Christian Center","","","market","http://www.lycoming.extension.psu.edu","-77.0491","41.2441","17701"
"Williamsport","","Williamsport Growers Farmers Market II","pa","5th and Pine Streets","","","market","http://www.lycoming.extension.psu.edu","-76.8829","41.245","17701"
"Wrightstown","https://www.facebook.com/WrightstownFarmersMarket","Wrightstown Farmers Market","pa","2203 Second Street Pike","organic baked goods cheese crafts flowers eggs herbs vegetables honey jams maple meat nuts plants poultry prepared-foods soap wine coffee fruits grains juices mushrooms pet food wild","https://twitter.com/WRmarket","market","http://www.wrightstownfarmersmarket.org","-75.0001680","40.2603264","18940"
"Tunkhannock","","Wyoming County Cooperative Farmers Market","pa","Route 29, South","","","market","","-76.0246","41.4412",""
"Yardley borough","https://www.facebook.com/YardleyFarmersMarket/","Yardlet Farmers Market - Indoor Winter Market","pa","65 N. Main St.","organic baked goods cheese crafts flowers eggs vegetables honey jams meat poultry prepared-foods soap coffee fruits juices mushrooms wild","https://twitter.com/yardleyfarmmart","market","http://www.yardleyfarmersmarket.com","-74.841627","40.243417","19067"
"Yardley borough","https://www.facebook.com/YardleyFarmersMarket/","Yardley Farmers Market","pa","Buttonwood Park","organic baked goods cheese crafts flowers eggs herbs vegetables honey jams meat plants poultry prepared-foods soap wine coffee fruits juices mushrooms pet food","https://twitter.com/yardleyfarmmart","market","http://yardleyfarmersmarket.com/","-74.839868","40.240633","19067"
"Zelienople","https://www.facebook.com/ZelieHarmonyFarmersMarket/","Zelienople-Harmony Farmer's Market","pa","Beaver Street and South Division Street","baked goods crafts flowers eggs vegetables honey jams meat plants poultry prepared-foods soap wine fruits juices pet food","","market","","-80.130181","40.792698","16063"
"Gilbertsville","","Zerns Farmers Market and Auction","pa","1100 E. Philadelphia Ave","","","market","","-75.6184","40.3216","19525"
