"city","facebook","name","state","street","tags","twitter","type","website","x","y","zip"
"Acushnet","https://www.facebook.com/pages/Acushnet Farmers Market","Acushnet Farmers Market","ma","186 leonard street","baked-goods bedding plants canned preserved coffee tea cut-flowers dairy products eggs herbs fresh-fruits fresh-vegetables honey poultry fowl prepared foods red-meat non-poultry-meat soap body-care wine spirits beer hard-cider","Acushnetfarmmarket@eventsonthefarm","farm","www.acushnetfarmersmarket.com","-70.9008270","41.7201499","02743"
"Hancock","","Appletree Hill Organic Farm","ma","3210 Hancock Rd / Rte 43","baked-goods bedding plants canned preserved crafts woodworking dairy products eggs herbs fresh-fruits fresh-vegetables honey maple-products soap body-care","","farm","","-73.302872","42.570095","01237"
"South Amherst ","Atkins Farms Country Market","Atkins Farms Country Market","ma","1150 West Street","baked-goods bedding plants canned preserved coffee tea cut-flowers dairy products dry beans eggs fish seafood herbs fresh-fruits fresh-vegetables grains flour honey juices ciders maple-products mushrooms nuts poultry fowl prepared foods red-meat non-poultry-meat tofu non-animal protein wine spirits beer hard-cider","","farm","www.atkinsfarms.com","-72.529185","42.319161","01002"
"Groton","https://www.facebook.com/pages/Autumn-Hills-Orchard/67274499610","Autumn Hills Orchard","ma","495 Chicopee Row","fresh-fruits maple-products","https://twitter.com/autumnhills","farm","www.autumnhillsorchard.com","-71.544073","42.638662","1450"
"Nantucket","https://www.facebook.com/Bartlett'sFarm","Bartlett's Ocean View Farm","ma","33 Bartlett Farm Road","baked-goods bedding plants canned preserved coffee tea cut-flowers dairy products dry beans eggs fish seafood herbs fresh-fruits fresh-vegetables honey juices ciders maple-products mushrooms nursery-stock nuts poultry fowl prepared foods red-meat non-poultry-meat soap body-care wine spirits beer hard-cider","https://www.twitter.com/BartlettsFarm","farm","www.bartlettsfarm.com","-70.133123","41.256643","02554"
"Ipswich","https://www.facebook.com/ChickenLittleFarm","Chicken Little Farm","ma","15 Ward Street","eggs fresh-vegetables poultry fowl","","farm","http://chickenlittlefarm.webs.com/","-70.833784","42.673694","01938"
"Truro","http://www.facebook.com/davesgreens","Dave's Greens","ma","","bedding plants canned preserved cut-flowers eggs herbs fresh-vegetables honey nursery-stock wild-harvested forest-products","","farm","","-70.057508","41.984403",""
"South Lancaster","https://www.facebook.com/GeorgeHillOrchards","George Hill Orchards","ma","582 George Hill Road","baked-goods canned preserved coffee tea fresh-fruits juices ciders prepared foods","","farm","www.yourfavoritefarm.com","-71.700870","42.449942","01561"
"Chester","","Jamesons High Meadow Farm","ma","410 Skyline Trail","","","farm","","-72.934729","42.29833","1011"
"New Ashford","maureen jennings","Jennings Brook Farm","ma","69 Beach Hill Road","bedding plants crafts woodworking eggs herbs fresh-fruits fresh-vegetables honey juices ciders maple-products","","farm","","-73.2488101","42.6140437","01237"
"North Easton","https://www.facebook.com/langwaterfarm/","Langwater Farm","ma","209 Washington Street","canned preserved cut-flowers herbs fresh-fruits fresh-vegetables honey maple-products mushrooms","","farm","www.langwaterfarm.com","-71.0884306","42.0737109","02356"
"Lexington","meadow mist farm lexington mass","Meadow Mist Farm ","ma","142 Marrett Rd, 12 Bacon Street","canned preserved cut-flowers dry beans eggs herbs fresh-fruits fresh-vegetables honey poultry fowl red-meat non-poultry-meat","142 Marrett Rd","farm","meadow-mist.com","-71.230909","42.445743","02421"
"North Attleboro","millers family farm","Miller's Family Farm","ma","500 Allen Avenue","honey","","farm","www.millersfamilyfarm.net","-71.3584082","41.9509075","02760"
"Woods Hole","https://www.facebook.com/pages/Nobska-Farms-Inc/365738883456610","Nobska Farms, Inc.","ma","9 Nobska Rd","bedding plants canned preserved fresh-vegetables","https://twitter.com/NobskaFarms/","farm","http://nobskafarms.com/","-70.6599650","41.5234110","02543"
"Whately","","Nourse Farms","ma","41 River Road","fresh-fruits","","farm","www.noursefarms.com","-72.590481","42.427147","01093"
"Ashburnham","","Odd Pine Farm","ma","122 Ferin Road","","","farm","www.oddpinefarm.com","-71.9341540","42.7010360","01430"
"Canton","https://www.facebook.com/PakeenFarm","Pakeen Farm","ma","109 Elm Street","baked-goods fresh-fruits fresh-vegetables honey maple-products prepared foods","","farm","http://www.pakeenfarm.com","-71.137662","42.200748","02021"
"Westport","Paradise Hill Farm","Paradise Hill Farm","ma","103 Cadmans /neck","baked-goods bedding plants canned preserved cut-flowers dairy products eggs herbs fresh-fruits fresh-vegetables honey juices ciders maple-products nursery-stock soap body-care","Paradise Hill Farm","farm","","-71.065072","41.561165","02790"
"Concord","https://www.facebook.com/peteandjen.backyardbirds","Pete and Jen's Backyard Birds","ma","Wheeler Road, in Verrill Farm Horse Stable","canned preserved eggs herbs fresh-vegetables grains flour maple-products poultry fowl red-meat non-poultry-meat soap body-care","https://twitter.com/Backyardbirds;   @backyardbirds","farm","www.peteandjensbackyardbirds.com","-71.378431","42.422589","01742"
"Marlborough","","Spring Hill Farm","ma","1050 Broadmeadow Street","fish seafood fresh-vegetables","","farm","http://www.cgg-usa.com/springhillfarm.html","-71.4932568","42.3362604","01752"
"Upton","","Town Line Dairy Farm","ma","64 Williams Street","crafts woodworking dairy products eggs fresh-fruits fresh-vegetables maple-products red-meat non-poultry-meat","","farm","www.facebook.com/pages/Town-Line-Dairy-Farm/558566020827767","-71.6341376","42.1713805","01568"
"Abington","","Abington","ma","362 Plymouth Street","baked goods eggs herbs vegetables honey maple plants soap fruits","","market","http://www.abingtonsage.com","-70.9369","42.119","02351"
"Acton","","Acton-Boxborough Farmers Market","ma","1 Pearl St","baked goods cheese crafts flowers eggs seafood herbs vegetables honey jams meat nursery nuts plants poultry soap wine","","market","http://www.ABFarmersMarket.org","-71.47415","42.47518","01720"
"Acushnet","www.facebook.com/pages/Acushnet-Farmers-Market","Acushnet Farmers Market","ma","186 Leonard Street","baked goods cheese crafts flowers eggs herbs vegetables honey jams meat plants poultry prepared soap coffee fruits juices pet food","","market","http://www.acushnetfarmersmarket.com","-70.9008560","41.7200523","02743"
"Adams","https://www.facebook.com/Adams.Farmers.Market","Adams Farmers' & Artisans' Market","ma","Adams Visitors Center  3 Hoosac St","organic crafts flowers eggs honey jams maple soap fruits pet food","","market","","-73.1180030","42.6244919","01220"
"Allston","","Allston Farmers' Market","ma","175 North Harvard Street","organic","","market","http://www.dining.harvard.edu/flp/ag_market.html","-71.1299","42.3629","02134"
"Boston","https://www.facebook.com/AllstonVillageFarmersMarket","Allston Village Farmers Market","ma","500 Cambridge St.","eggs vegetables honey soap fruits","https://twitter.com/AVFarmersMarket","market","http://www.allstonbrightoncdc.org/","-71.1378418","42.3533840","02134"
"Amherst Center","https://www.facebook.com/pages/Amherst-Farmers-Market/112695142075630","Amherst Farmers' Market","ma","Spring Street Parking Lot","organic baked goods cheese flowers eggs seafood herbs vegetables honey jams maple meat plants poultry prepared soap trees wine coffee beans fruits mushrooms wild","","market","http://www.AmherstFarmersMarket.com","-72.519422","42.374858","01002"
"Amherst","https://www.facebook.com/pages/Wednesday-Market-at-Kendrick-Park/210000299034343","Amherst Wednesday Market at Kendrick Park","ma","Kendrick Park Intersection of North and East Pleasant st.","organic baked goods crafts flowers eggs herbs vegetables honey jams maple meat plants poultry prepared soap beans fruits mushrooms wild","","market","http://www.kendrickparkmarket.com","-72.519778","42.379974","01004"
"Amherst","https://www.facebook.com/pages/Amherst-Winter-Farmers-Market/107328206002708","Amherst Winter Farmers' Market","ma","170 Chestnut Street","organic baked goods cheese crafts eggs seafood herbs vegetables honey jams maple meat plants poultry prepared soap coffee beans fruits grains mushrooms pet food tofu","","market","http://www.amherstwintermarket.com","-72.5111050","42.3848660","01002"
"Andover","","Andover Farmers Market","ma","41 Central Street","organic baked goods cheese crafts flowers eggs seafood herbs vegetables honey jams maple meat poultry prepared soap wine coffee beans fruits juices mushrooms","","market","","-71.142757","42.653635","01810"
"Arlington, Ma. ","","Arlington Farmers Market","ma","Russell Commons Parking Lot, Winslow St. at Mystic St","organic baked goods cheese flowers eggs seafood herbs vegetables honey jams maple meat plants poultry prepared wine fruits juices","","market","http://farmersmarketarlington.org","-71.164738","42.427739","02474"
"Ashburnham","Ashburnham Farmers' Market","Ashburnham Farmers' Market","ma","1 Gardner Road","baked goods crafts eggs vegetables honey jams maple meat soap fruits","","market","http://Www.AshburnhamFarmersMarket.com","-71.9408560","42.6082700","01430"
"Ashby","","Ashby Farmers Market","ma","Town Common, Main Street, Rte 119","","","market","","-71.8208","42.6778","01431"
"Ashfield","","Ashfield Farmers Market","ma","Ashfield Town Common","organic","","market","http://www.ashfieldfarmersmarket.com","-72.790325","42.525744","01330"
"Ashland","https://www.facebook.com/AshlandMAFarmersMarket","Ashland Farmers Market","ma","125 Front St","organic baked goods cheese crafts flowers eggs seafood herbs vegetables honey jams maple meat poultry prepared soap wine coffee fruits juices pet food","","market","http://www.ashlandfarmersmarket.org/","-71.461538","42.260027","01721"
"Dorchester","facebook.com/AshmontFarmMkt","Ashmont Farmers Market","ma","Peabody Square, 1900 Dorchester Ave.","baked goods cheese eggs seafood herbs vegetables honey jams wine coffee fruits mushrooms","twitter.com/AshmontFarmMkt","market","","-71.064170","42.285469","02124"
"Athol","","Athol Farmers Market","ma","Athol Uptown Common","baked goods cheese crafts flowers eggs herbs vegetables honey jams maple meat nursery plants prepared soap","","market","http://www.townofathol.org","-72.2158367","42.5892837","01331"
"Attleboro ","AttleboroFarmersMarket@AttFrmMkt","Attleboro Farmers Market, inc","ma","201 County Street","organic baked goods cheese crafts flowers eggs seafood herbs vegetables honey jams maple meat nuts plants poultry prepared soap wine coffee fruits juices mushrooms pet food wild","","market","http://www.attleborofarmersmarket.com","-71.299235","41.937562","02703"
"Auburn","","Auburn Farmers Market","ma","369 Southbridge St, Auburn Library Parking Lot, Rte 12","","","market","","-71.8358","42.2047","01501"
"Ayer","","Ayer Farmers Market","ma","70 Main Street, MBTA Parking lot","","","market","","-71.5894","42.56","01432"
"Barre","https://www.facebook.com/BarreFarmersMarket","Barre Farmer's Market","ma","","organic baked goods cheese crafts flowers eggs herbs vegetables honey jams maple meat plants soap trees mushrooms","","market","http://barrefarmersmarket.org","-72.105138","42.421809","01005"
"South Yarmouth","https://www.facebook.com/bassriverfarmersmarket","Bass River Farmers Market","ma","311 Old Main Street","baked goods cheese crafts eggs herbs vegetables honey jams plants prepared soap fruits","","market","http://www.BassRiverFarmersMarket.org","-70.1853637695313","41.6658325195313","02664"
"Belchertown","https://www.facebook.com/Belchertown-Farmers-Market-112245358807378/","Belchertown Farmers Market","ma","On The Common","baked goods cheese crafts flowers eggs vegetables honey jams maple meat plants prepared soap wine fruits wild","https://twitter.com/marketbtown","market","http://belchertownfarmersmarket.weebly.com/","-72.401380","42.277868","01007"
"Belmont","https://www.facebook.com/BelmontFarmersMarket","Belmont Farmers' Market","ma","Cross Street & Channing Road","organic baked goods cheese flowers eggs seafood herbs vegetables honey jams maple meat plants poultry prepared wine coffee fruits","https://twitter.com/BelmontFarmersMkt","market","http://www.belmontfarmersmarket.org","-71.1738075","42.3965770","02478"
"Lanesboro","","Berkshire Area Farmers Market","ma","Mall Road","organic baked goods cheese flowers eggs herbs vegetables honey jams maple meat nursery plants poultry prepared soap","","market","","-73.207","42.49",""
"Great Barrington","https://www.facebook.com/BerkshireGrown","Berkshire Grown Winter Farmers' Market Great Barrington","ma","313 Monument Valley Road","organic baked goods cheese crafts eggs herbs vegetables honey jams maple meat poultry prepared soap coffee beans fruits mushrooms tofu","","market","http://berkshiregrown.org/programs/winter-farmers-markets/","-73.3288593","42.2441394","01230"
"Williamstown","https://www.facebook.com/BerkshireGrown","Berkshire Grown Winter Farmers' Market- Williamstown","ma","Williams College Field House- Latham Street","organic baked goods cheese crafts flowers eggs herbs vegetables honey jams maple meat poultry prepared soap wine coffee beans fruits grains mushrooms tofu","","market","http://berkshiregrown.org/programs/winter-farmers-markets/","-73.2035441","42.7088388","01267"
"Pittsfield","","Berkshire Harmony Downtown Pittsfield Farmers Markets, Music, and Creative Arts Fair","ma","Foote Farm, 51 Holmes Road","baked goods cheese crafts flowers eggs herbs vegetables honey jams maple nursery nuts plants poultry prepared soap","","market","http://www.berkshireharmony.com","-73.253489","42.448217","01201"
"Bernardston","https://www.facebook.com/pages/Bernardston-Farmers-Market-Sat-10-1/250630118284345","Bernardston Farmers' Market","ma","58 Church St.","organic baked goods cheese crafts flowers eggs herbs vegetables honey jams maple meat plants poultry prepared soap fruits mushrooms","","market","","-72.5489526","42.6710011","01337"
"Beverly","https://www.facebook.com/beverlyfarmersmarket","Beverly Farmers Market","ma","Veterans Memorial Park, Rantoul St. and Railroad Ave.","baked goods cheese flowers eggs herbs vegetables honey jams maple meat nuts plants prepared soap wine coffee fruits pet food tofu","https://twitter.com/BevFarmersMkt","market","https://www.beverlyfarmersmarket.org/","-70.8848378","42.5469549","01915"
"Billerica","Billerica Farmers Market","Billerica Farmers Market","ma","25 Concord Road","baked goods cheese crafts flowers eggs seafood herbs vegetables honey meat plants prepared soap wine coffee fruits","","market","http://billericafarmersmarket.org","-71.269999","42.557646","01821"
"Worcester","www.facebook.com/blackseedfarmersmarket","Black Seed Farmers Market","ma","248 East Mountain St.","organic baked goods crafts eggs herbs vegetables honey jams maple poultry prepared soap fruits mushrooms","","market","http://www.blackseedfarmersmarket.com","-71.7738903","42.3154222","01606"
"Boston","","Boston Medical Center","ma","840 Harrison Ave.","","","market","","-71.0747","42.3352","02118"
"Boston","https://www.facebook.com/BostonPublicMarket/","Boston Public Market","ma","100 Hanover Street","organic baked goods cheese crafts flowers eggs seafood herbs vegetables honey jams maple meat nuts plants poultry prepared soap trees wine coffee beans fruits grains juices mushrooms tofu","https://twitter.com/BosPublicMarket","market","http://bostonpublicmarket.org","-71.057376","42.362262","02108"
"Boston","","Boston University Farmers Market","ma","775 Commonwealth Ave","baked goods crafts herbs vegetables jams nuts soap fruits juices mushrooms","","market","http://www.bu.edu/dining/about-us/sustainability/farmers-market/","-71.108470","42.350598","02215"
"Boston","","Boston/Prudential Center","ma","Boylston Street","","","market","","-71.0823","42.348","01450"
"Dorchester","","Bowdoin Geneva Farmers' Market","ma","230 Bowdoin Street","organic crafts flowers eggs seafood herbs vegetables plants soap fruits","","market","http://www.foodinthehood.wordpress.com","-71.067939","42.305816","02122"
"Boylston","https://www.facebook.com/BoylstonFarmersMarket","Boylston Farmers Market","ma","10 Church Street","baked goods cheese crafts eggs herbs vegetables meat poultry fruits juices","","market","","-71.7342857","42.3529735","01505"
"Boston","https://www.facebook.com/BostonPublicMarket","BPMA at The Greenway","ma","136 Blackstone Street","baked goods cheese flowers eggs seafood herbs honey jams maple nuts plants poultry prepared coffee fruits juices mushrooms wild","https://twitter.com/bospublicmarket","market","http://www.bostonpublicmarket.org","-71.057284","42.362389","02108"
"Braintree  ","https://www.facebook.com/braintreefarmersmarket/","Braintree Farmers Market","ma","1 JFK Memorial Dr","organic baked goods cheese flowers eggs seafood herbs vegetables honey jams maple meat nuts plants poultry prepared soap coffee fruits grains juices pet food","https://twitter.com/bfarmmarket","market","http://www.braintreefarmersmarket.org","-71.004927","42.206437","02184"
"Brimfield","","Brimfield at Hitchcock Free Academy","ma","Hitchcock Free Academy, a community center parking lot, at  2 Brookfield Rd.","organic baked goods cheese crafts flowers eggs herbs vegetables honey jams maple meat plants poultry soap fruits mushrooms","","market","http://www.hitchcockacademy.org","-72.199901","42.122751","01010"
"Dighton ","Bristol Aggie Grows Farm Stand","Bristol County Agricultural High School","ma","135 center street ","baked goods cheese crafts flowers eggs herbs vegetables honey jams maple nuts plants soap coffee fruits juices","","market","http://www.bcahs.com ","-71.112588","41.835966","02715"
"Brockton","","Brockton Fairgrounds Farmers Market","ma","600 Belmont Street","","","market","","-71.0433","42.0725","02301"
"Brockton","www.facebook.com/brocktonfarmersmarket/","Brockton Farmers Market at City Hall Plaza","ma","45 School St","baked goods eggs vegetables honey jams prepared fruits","twitter.com/brocktonmarket","market","http://brocktonfarmersmarket.com","-71.018816","42.082794","02301"
"Brookfield","https://www.facebook.com/brookfieldfarmersmarket","Brookfield Farmers Market","ma","55 South Maple St (Rte 9)","organic baked goods cheese crafts eggs herbs vegetables honey jams maple meat plants prepared soap trees fruits","","market","","-72.083026","42.211439","01506"
"Brookline ","https://www.facebook.com/BrooklineFarmersMarket/","Brookline Farmers' Market","ma","Centre Street West Parking Lot","organic baked goods cheese crafts flowers eggs seafood herbs vegetables honey jams maple meat plants poultry soap coffee fruits juices mushrooms","","market","http://brooklinefarmersmarket.com","-71.123897","42.342195","02446"
"Burlington ","","Burlington Farmers' Market","ma","61 Center Street","baked goods cheese crafts eggs seafood herbs vegetables honey jams maple meat poultry soap coffee fruits grains juices mushrooms pet food tofu wild","","market","http://www.farmersmarketburlington.org","-71.1909468","42.5037262","01803"
"Buzzards Bay","","Buzzards Bay Farmers Market","ma","Buzzards Bay Park, near 70 Main St","","","market","","-70.6206","41.7462","02532"
"cambridge","","Cambridge Center Market","ma","Main Street","","","market","","-71.0873","42.3628","01450"
"Cambridge ","www.facebook.com/CentralSquareFarmersMarket","Cambridge Central Square Farmers Market","ma","Bishop Allen Dr. & Norfolk St.","organic baked goods cheese eggs seafood herbs vegetables jams meat poultry prepared soap fruits grains","@MAFarmMarkets","market","http://www.massfarmersmarkets.org","-71.1012855","42.3652280","02139"
"Cambridge","","Cambridge/Kendall Square Main Street","ma","Cambridge Center Plaza","","","market","","-71.0889","42.3623",""
"Cambride","","Cambridgeport","ma","Morse Elemantary School 40 Granite St,","","","market","","-71.111","42.3552","02139"
"Worcester","https://www.facebook.com/canaldistrictfarmersmarket","Canal District Farmers Market ","ma","200 Harding Street","organic baked goods cheese crafts flowers eggs herbs vegetables honey jams maple meat plants poultry prepared soap trees wine coffee fruits juices pet food wild","https://twitter.com/Canaldistrict","market","http://Canaldistrictfarmersmarket.com","-71.797436","42.256235","01604"
"Canton","","Canton Farmers Market","ma","Massachusetts Hospital School, 3 Randoph St","","","market","","-71.1246","42.1766","02021"
"Gloucester","","Cape Ann Farmers Market","ma","Church Street","baked goods cheese crafts flowers eggs seafood herbs vegetables honey jams maple meat nursery prepared soap","","market","http://www.capeannfarmersmarket.org","-70.665790","42.612646","01930"
"Gloucester","","Cape Ann Farmers Market","ma","Stage Fort Park","organic baked goods cheese crafts flowers eggs seafood herbs vegetables honey jams maple meat nursery plants poultry prepared soap wine","","market","http://www.capeannfarmersmarket.org","-70.67753","42.60567","01930"
"Carlisle","","Carlisle Farmers Market","ma","343 Bedford Street","baked goods cheese crafts flowers eggs herbs vegetables honey meat poultry prepared soap coffee fruits pet food","","market","http://Carlislefarmersmarket.org","-71.337766","42.524760","01741"
"Carver","","Carver Farmers Market","ma","108 Main St.","baked goods crafts flowers eggs seafood herbs vegetables honey plants prepared soap trees wine fruits","","market","","-70.769182","41.888852","02330"
"charlemont","","Charlemont","ma","10 School St./Route 2","","","market","","-72.874","42.6273",""
"Cambridge","","Charles Square","ma"," 1 Bennett Street,","","","market","","-71.1227","42.3723","02138"
"Boston","","Charlestown Farmers Market","ma","1 Austin Street, Thompson Square at Austin & Main Streets","","","market","","-71.0648","42.3752","02129"
"Chatham","https://www.Facebook.com/ChathamFarmer'sMarket","Chatham Farmer's Market","ma","1652 Main Street Rte 28","organic baked goods cheese flowers eggs seafood herbs vegetables honey jams maple meat poultry soap trees wine fruits juices mushrooms","","market","","-70.0205404","41.6785086","02659"
"Chelmsford","https://www.facebook.com/chelmsfordagwayfarmersmarket","Chelmsford Agway Winter Farmers' Market","ma","24 Maple Road","baked goods cheese crafts eggs seafood herbs vegetables honey jams maple meat poultry prepared soap trees wine coffee fruits pet food","https://twitter.com/chelmsfordagway","market","http://chelmsfordagwayfarmersmarket.blogspot.com/","-71.3805861111111","42.5713166666667","01824"
"Chelmsford","https://www.facebook.com/chelmsfordfarmersmarket","Chelmsford Farmers' Market","ma","Chelmsford Common  ","organic baked goods crafts eggs herbs vegetables honey jams maple meat plants poultry prepared soap wine coffee fruits juices mushrooms wild","","market","","-71.352922","42.598007","01824"
"Chelsea","","Chelsea Community Farmers Market","ma","Chelsea Square in front of the Police Station","","","market","","-71.0381","42.3898",""
"CHICOPEE","","CHICOPEE FARMERS MARKET","ma"," CHICOPEE STREET","baked goods flowers eggs vegetables honey jams maple soap fruits","","market","","-72.6001281738281","42.1935806274414","01013"
"Everett","","City of Everett Farmers Market ","ma","Glendale Park Elm street","baked goods eggs vegetables jams plants fruits","","market","http://Www.cityofeverett.com","-71.0448300","42.4127390","02149"
"Holyoke","https://www.facebook.com/HolyokeFarmersMarket","City of Holyoke Farmers' Market","ma","High St and Dwight St","baked goods eggs herbs vegetables prepared fruits","https://twitter.com/holyokemarket","market","","-72.608042","42.206620","01040"
"North Adams ","https://www.facebook.com/NorthAdamsFarmersMarket/","City of North Adams Farmers' Market","ma","St. Anthony Municipal Parking Lot, at the intersection of Rte. 8 (Marshall St.) and St. Anthony Drive","baked goods cheese crafts flowers eggs herbs vegetables honey jams maple meat poultry prepared soap coffee fruits mushrooms pet food wild","","market","http://explorenorthadams.com/item/north-adams-farmers-market/","-73.112792","42.700694","01247"
"Springfield","","City Soul Market ","ma","700 State St.","baked goods vegetables honey soap fruits","","market","","-72.569068","42.110615","01109"
"Dorchester","https://www.facebook.com/CodmanSquareFarmersMarket","Codman Square Farmers Market","ma","Corner of Washington Street & Talbot Avenue","organic baked goods cheese crafts eggs seafood vegetables honey jams plants soap fruits","@codmansqmarket","market","https://codmancouncil.wordpress.com/codman-square-farmers-market/","-71.07163","42.290184","02124"
"Cohasset town common","","Cohasset farmer's market","ma","North main street","","","market","http://www.cohassetfarmersmarket.com","-70.8234","42.2326","02025"
"Conway","","Conway Farmers' Market","ma","Town Common, Main St.","","","market","","-72.6981","42.5091","01341"
"Boston","www.facebook.com/CopleySquareFarmersMarket","Copley Square Farmers Market","ma","","organic baked goods cheese flowers eggs seafood herbs vegetables honey jams maple meat nuts plants poultry prepared soap coffee fruits grains mushrooms wild","@MAFarmMarkets","market","http://www.massfarmersmarkets.org","-71.076390","42.349966","02116"
"Sharon","","Crescent Ridge Farmers Market","ma","407 Bay Road","baked goods cheese crafts eggs seafood vegetables honey jams maple meat nuts poultry prepared soap wine coffee fruits juices pet food","","market","http://www.crescentridgefarmersmarket.com","-71.186029","42.117516","02067"
"Blackstone","https://www.facebook.com/pages/Daniels-Farmstead-Farmers-Market/342201325857571","Daniels Farmstead","ma","286 Mendon St","organic baked goods flowers eggs herbs vegetables honey jams maple plants prepared","","market","http://www.danielsfarmstead.org","-71.5542","42.061","01504"
"Danvers ","https://www.facebook.com/danversfarmersmarket","Danvers Farmers Market","ma","87 Elm Street","baked goods cheese crafts flowers eggs seafood herbs vegetables honey jams maple poultry prepared soap wine coffee beans fruits juices pet food","","market","http://www.danversfarmersmarket.org/","-70.938435","42.563242","01923"
"Dartmouth","https://www.facebook.com/pages/Dartmouth-Farmers-Market-in-Padanaram-Village/436513176369216","Dartmouth Farmers Market","ma","Rex Field, adjacent to St. Peters Church, 351 Elm Street, Padanaram Village","organic","","market","","-70.94434","41.58768","02747"
"Dedham","https://www.facebook.com/DedhamFarmersMarket","Dedham Farmers Market","ma","670 High Street","organic baked goods cheese flowers eggs seafood herbs vegetables honey jams maple meat plants poultry soap trees wine coffee fruits juices pet food","https://twitter.com/dedhamfarmers","market","http://www.dedhamfarmersmarket.org","-71.1771800","42.2489950","02026"
"Boston","https://www.facebook.com/BostonPublicMarket","Dewey Square Farmers Market","ma","600 Atlantic Ave","baked goods cheese flowers eggs seafood herbs vegetables honey maple meat plants poultry prepared fruits mushrooms","BosPublicMarket","market","https://bostonpublicmarket.org/","-71.055537","42.352929","02210"
"Dorchester","","Dorchester Fields Corner Farmers Market","ma","Park Street, Shopping Center Parking Lot","baked goods vegetables","","market","","-71.0615","42.2987","02124"
"Dorchester","https://www.facebook.com/DorchesterWinterFarmersMarket","Dorchester Winter Farmers' Market","ma","6 Norfolk St ","baked goods cheese eggs seafood vegetables honey jams maple meat poultry prepared soap coffee fruits","https://twitter.com/dotcommcoop","market","http://www.dotcomcoop.wordpress.com","-71.071918","42.290066","02124"
"Dorchester","DotHouse Health ","Dorchester/Dorchester House Farmers Market","ma","1353 Dorchester Avenue","organic herbs vegetables fruits","","market","http://dothousehealth.org/","-71.060126","42.304202","02122"
"Dorchester","","Dorchester/Grove Hall","ma","461 Blue Hill Ave.","","","market","","-71.083","42.3091","02121"
"Douglas","https://www.facebook.com/douglasfarmers/?fref=ts","Douglas Farmers Market","ma","283 Main Street","organic baked goods cheese crafts eggs vegetables honey meat plants prepared soap coffee fruits","","market","http://www.douglasfarmersmarket.org","-71.7136899","42.0721862","MA"
"Pittsfield ","https://www.facebook.com/DowntownPittsfieldFarmersMarket","Downtown Pittsfield Farmers Market","ma","First and Eagle Street","organic baked goods cheese crafts flowers eggs seafood herbs vegetables honey jams maple meat nuts plants poultry prepared soap trees wine coffee fruits juices wild","","market","http://www.farmersmarketpittsfield.org","-73.2503563","42.4511915","01201"
"Dudley","https://www.facebook.com/pages/Dudley-MA-Farmers-Market/584949758185306","Dudley","ma","119 West Main Street","baked goods flowers eggs herbs vegetables honey plants fruits","","market","http://www.dudleyfarmersmarket.org","-71.9011877","42.0441124","01571"
"East Boston","https://www.facebook.com/EastBostonFarmersMarket?fref=ts","East Boston Farmers Market","ma","Across from 201 Border St.","baked goods crafts flowers eggs seafood herbs vegetables honey jams poultry prepared soap coffee beans fruits juices","","market","http://www.ebnhc.org/en/food-access/farmers-market.html","-71.039500","42.374850","02128"
"Easthampton","https://www.facebook.com/EasthamptonFarmersMarket","Easthampton Farmers & Makers Market","ma","50 Payson Ave","baked goods cheese crafts flowers eggs seafood herbs vegetables honey jams maple meat nuts plants poultry prepared soap wine coffee fruits grains juices mushrooms pet food wild","","market","https://easthamptonmarket.com/","-72.669638","42.265189","01027"
"Plymouth","","edible South Shore Harvest Market ","ma","Waterfront Park, Water Street","","","market","http://www.localharvest.org/ephrata-whistle-stop-open-air-market-M59236","-70.6725","41.9668","02360"
"Jamaica Plain","www.facebook.com/EglestonFarmersMarket","Egleston Farmers Market","ma","31 Germania Street","organic cheese crafts eggs seafood herbs vegetables honey maple meat nuts plants poultry prepared soap wine coffee fruits juices mushrooms tofu","@EglestonFarmMkt","market","http://Eglestonfarmersmarket.org","-71.103239","42.314332","02130"
"West Newton","https://www.facebook.com/NewtonFarmersMarket","Elm Street Market","ma","Elm Street ","organic baked goods cheese eggs herbs vegetables honey jams meat plants poultry prepared soap coffee fruits juices pet food","https://twitter.com/newton_market (@newton_market)","market","http://www.newtonma.gov/farmersmarket","-71.229493","42.349361","02465"
"Essex ","https://www.facebook.com/EssexFarmersMarket","Essex Farmers Market","ma","24 Martin Street","organic baked goods cheese crafts flowers eggs seafood herbs vegetables honey jams maple meat nuts poultry prepared soap wine coffee fruits juices mushrooms","","market","http://www.essexfarmersmarket.com","-70.781781","42.631883","01929"
"Everett","facebook.com/everettfarmersmarket","Everett Farmers Market","ma","538 Broadway ","crafts eggs seafood herbs vegetables honey jams maple prepared trees coffee fruits","@everettmarket","market","http://everettfarmersmarket.wordpress.com","-71.052841","42.410211","02149"
"Fairhaven","","Fairhaven Farmers Market","ma","Main and Huttleston Ave","organic baked goods cheese crafts flowers eggs herbs vegetables honey jams maple meat poultry prepared soap wine coffee fruits juices pet food","","market","http://www.greenfairhaven.com","-70.906663","41.643173","02719"
"Fairhaven","","Fairhaven Winter Farmers' Market","ma","Bridge and Green Street","baked goods cheese crafts flowers eggs seafood herbs vegetables honey jams maple meat plants poultry prepared soap","","market","http://www.greenfairhaven.com","-70.9030055555556","41.6421222222222","02719"
"Fall River","Fall River Farmers' Markets","Fall River Downtown Farmers' Market","ma","Corner of Columbia and Canal Street","flowers vegetables honey plants fruits","","market","","-71.1626637","41.6990801","02720"
"Fall River","","Fall River/Lou Sevin Square","ma","Old 2nd Street","","","market","","-71.1563","41.699","02722"
"Falmouth ","","Falmouth Farmers' Market","ma","180 Scranton Avenue","organic baked goods cheese flowers eggs seafood herbs vegetables honey jams meat plants poultry prepared soap wine fruits juices mushrooms pet food","","market","http://falmouthfarmersmarket.org","-70.603804","41.548425","02540"
"Woburn","","Farmer's Market @ Woburn's Spence Farm","ma","41 Wyman Street","baked goods cheese crafts flowers eggs seafood herbs vegetables honey jams maple meat nursery plants poultry prepared soap wine","","market","http://www.woburnfarmersmarket.com","-71.1593484","42.4918779","01801"
"Wilbraham","","Farmers Market - Wilbraham/The Rice Market","ma","756 Main Street,","","","market","","-72.4359","42.1037",""
"Springfield","","Farmers' Market at Forest Park aka The Farmers' Market at the X","ma","Forest Park at  Cyr Arena","organic baked goods cheese crafts flowers eggs seafood herbs vegetables honey jams maple meat nursery plants poultry prepared soap","","market","http://www.farmersmarketatforestpark.com","-72.55887","42.0797","01108"
"Cambridge","https://www.facebook.com/harvardfarmersmarkets/","Farmers' Market at Harvard University","ma","1 Oxford St","organic baked goods cheese flowers seafood herbs honey jams maple meat poultry prepared coffee fruits juices","twitter.com/hudsinfo","market","http://www.dining.harvard.edu/food-literacy-project/farmers-market-harvard","-71.1167153","42.3764326","02138"
"Fitchburg","","Farmers' Market at Riverfront Park","ma","Boulder Drive","baked goods cheese crafts flowers herbs vegetables honey jams maple plants prepared soap","","market","http://www.fitchburgfarmersmarket.com","-71.7993","42.5823","01420"
"Fitchburg","","Fitchburg/Burbank Campus Farmers Market","ma","Health Alliance Hospital, Burbank Campus","","","market","","-71.8059","42.598","01420"
"Florence","","Florence Farmers Market","ma","Florence Civic Center","","","market","","-72.6732","42.3359","01027"
"Framingham ","https://www.facebook.com/shop.local.framingham/","Framingham Farmers Market","ma","Edgell Road","baked goods flowers eggs seafood vegetables honey jams plants poultry prepared soap fruits juices","","market","","-71.433853","42.303524","01701"
"Framingham","","Framingham St. Tarcisius Farmers Market","ma","562 Waverly Street, St Tarcisius Church parking lot","","","market","","-71.4222","42.2752","01702"
"Franklin","https://www.facebook.com/FranklinFarmersMarketMA/","Franklin Farmers Market","ma","Main Street at High Street","organic baked goods cheese flowers eggs herbs vegetables honey jams maple plants prepared soap wine fruits","","market","http://www.franklinfarmersmarketma.com","-71.401453","42.087770","02038"
"Fitchburg","","Gardner","ma","Park Street","","","market","","-71.8064","42.5874","01420"
"Georgetown","","Georgetown Farmers' Market","ma","Crosby's Marketplace","","","market","","-70.9666","42.7248","01833"
"","https://www.facebook.com/pages/Go-Fresh-Springfield-Mobile-Farmers-Market/126945884179257","Go Fresh mobile farmer's market","ma","","","","market","http://www.masslive.com/news/index.ssf/2013/07/mobile_farmers_market_expands.html","","",""
"Grafton","https://www.facebook.com/Grafton-Farmers-Market-68586886072/","Grafton Farmers Market","ma","Grafton Common","baked goods cheese crafts flowers eggs seafood herbs vegetables honey jams maple meat poultry prepared soap wine coffee beans fruits grains juices pet food","","market","http://graftonfarmersmarket.com","-71.6851343","42.2063991","01519"
"Granville","granvillefarmersmarket@facebook","Granville Farmers Market","ma","223 Granby Road","baked goods cheese crafts flowers eggs herbs vegetables honey jams maple meat plants prepared soap coffee fruits mushrooms pet food wild","","market","","-72.8587589","42.0525267","01034"
"Great Barrington ","","Great Barrington Farmers Market I","ma","Great Barrington Fairgrounds, 659 Main Street","organic baked goods cheese flowers eggs seafood herbs vegetables honey jams maple meat plants poultry prepared wine coffee beans fruits wild","","market","http://www.greatbarringtonfarmersmarket.org","-73.364776","42.190138","01230"
"Great Barrington","","Great Barrington/Thursdays","ma","422 Stockbridge Road","","","market","","-73.3444","42.2135","01230"
"Turners Falls","https://www.facebook.com/GreatFallsFarmersMarket","Great Falls Farmers Market, Turners Falls","ma","38 Avenue A","baked goods crafts flowers eggs herbs vegetables honey jams maple plants soap fruits","","market","http://greatfallsfarmersmarketturners.blogspot.com/","-72.556098","42.609053","01376"
"East Falmouth","","Green Harvest Organic Farmers Market","ma","1220 Nathan Ellis Highway (Rte.151)","organic baked goods cheese flowers eggs seafood herbs vegetables honey jams meat nursery plants poultry prepared soap","","market","","-70.5332692","41.6176931","02536"
"Greenfield","https://www.facebook.com/pages/Greenfield-Farmers-Market/140890665958583","Greenfield Farmers Market, LLC","ma","Court Square","organic baked goods cheese crafts flowers eggs herbs vegetables honey jams maple meat plants poultry prepared soap wine fruits juices mushrooms wild","","market","http://www.greenfieldfarmersmarket.com","-72.6008978","42.5875055","01301"
"Groton Ma","https://www.facebook.com/pages/Groton-Farmers-Market/79101905869","Groton Farmers Market","ma","160 chicopee row","organic baked goods cheese flowers eggs seafood herbs vegetables honey jams meat prepared soap wine coffee fruits","","market","http://www.grotonfarmersmarket.org ","-71.550179","42.626633","01450"
"Hampden","Hampden Wilbraham Farmers Market","Hampden Farmers Market","ma","123 Allen Street","baked goods cheese crafts flowers eggs seafood herbs vegetables honey jams maple nuts plants poultry prepared soap trees fruits pet food","","market","","-72.4480607","42.0648118","01036"
"Hancock","","Hancock Farmers Market","ma","3210 Hancock Road / Route 43","baked goods cheese crafts eggs herbs vegetables honey jams maple plants soap fruits wild","","market","","-73.302742","42.570163","01237"
"Hanson","","Hanson Farmers Market","ma","Thomas Mill","","","market","","-70.866","42.0653","02341"
"Hardwick","","Hardwick Farmers' Market","ma","Town Green","organic baked goods cheese crafts flowers herbs vegetables honey jams maple meat plants prepared soap","","market","http://www.hardwickfarmersmarket.net","-72.2066","42.3834","01037"
"Harvard","","Harvard Farmers Market","ma","27 Massacusetts Avenue","baked goods cheese flowers eggs seafood honey jams meat poultry prepared wine coffee fruits pet food","","market","http://harvardfarmersmarket.org","-71.582139","42.496923","01451"
"Harwich","https://www.facebook.com/pages/Harwich-Farmers-Market/200545186641843?fref=ts","Harwich Farmers' Market","ma","80 Parallel Street","organic baked goods cheese flowers eggs herbs vegetables jams meat poultry soap fruits juices mushrooms","","market","http://www.harwichhistoricalsociety.org","-70.0767","41.6857","02645"
"Haverhill","https://www.facebook.com/haverhillfarmersmarket","Haverhill Farmers Market","ma","40 Bailey Blvd.","baked goods cheese crafts eggs vegetables honey jams meat prepared soap wine coffee fruits grains mushrooms pet food wild","","market","http://www.haverhillfarmersmarket.org","-71.078779","42.775910","01832"
"Hingham","https://www.facebook.com/pages/Hingham-Farmers-Market/129956870371803","Hingham Farmers Market, Inc.","ma","96 Otis Street","baked goods cheese crafts flowers eggs seafood herbs vegetables honey jams maple meat plants poultry prepared soap trees wine coffee fruits juices mushrooms","","market","http://www.hinghamfarmersmarket.org","-70.888967","42.247351","02043"
"Holbrook ","Holbrook Farmers Market","Holbrook Farmers Market","ma","231 Union St","baked goods crafts flowers eggs vegetables honey jams soap fruits juices","","market","","-71.0182392","42.1548164","02343"
"Holden","","Holden","ma","Damon House Lot, Corner of Rt. 31 and 122 A","baked goods vegetables","","market","","-71.8560140","42.3546790","01531"
"New Braintree","","Holden","ma","Shrewsbury and Wachusett Streets","","","market","","-71.8333","42.3361","01531"
"Holyoke","","Holyoke/Donahue Elementary School","ma","210 Whiting Farms Road","","","market","","-72.6404","42.1781","01040"
"Holyoke","","Holyoke/Friday","ma","330 Whitney Ave.","","","market","","-72.6451","42.1696","01040"
"Hopkinton","https://www.facebook.com/HopkintonFarmersMarket","Hopkinton Farmers Market","ma","Main Street and Ash Street","organic baked goods cheese eggs herbs vegetables honey maple meat poultry prepared fruits","","market","http://www.hopkintonfarmersmarket.com","-71.517770","42.229299","01748"
"Hull","","Hull Farmers Market","ma"," Nantasket Ave. (Bay side) between Bay and Edgewater","","","market","","-70.8659","42.2777","02045"
"Hyannis","","Hyannis Mid-Cape Farmers Market","ma","468 Main Street","baked goods cheese flowers eggs seafood herbs vegetables honey jams meat nursery plants poultry prepared soap","","market","http://www.midcapefarmersmarket.com","-70.287051","41.651431","02601"
"Hyde Park","","Hyde Park Farmers Market","ma","Hyde Park Ave and River Street","organic baked goods cheese crafts flowers eggs seafood honey jams maple meat poultry fruits","","market","http://www.hydeparkmainstreets.com","-71.124244","42.255728","02136"
"Indian Orchard","","Indian Orchard Farmers Market","ma","Hampden Bank, 187 Main Street","","","market","","-72.5014","42.1592",""
"Ipswich","https://www.facebook.com/pages/Ipswich-Farmers-Market/609491055810790","Ipswich Farmers Market","ma","36 S. Main St.","baked goods cheese crafts flowers eggs herbs vegetables honey jams plants prepared soap wine coffee fruits grains mushrooms","","market","http://www.ipswichfarmersmarket.com","-70.8368810","42.6779110","01938"
"New Braintree","","Jamaica Plain/Loring-Greenough","ma","12 South Street","","","market","http://www.jamaicaplainfarmersmarket.com","-72.045","42.3237","01531"
"Fall River","","Kennedy Park Farmers Market","ma"," Bradford Ave in Fall River, MA","flowers herbs vegetables nursery plants trees","","market","http://www.shelbyzoey@comcast.net","-71.171236","41.695283","02721"
"Spencer","https://www.facebook.com/KlemsFarmersMarket","Klem's Farmer's Market in Spencer","ma","117 West Main Street, Route 9","baked goods crafts eggs herbs vegetables honey jams plants prepared soap fruits","","market","http://www.klemsonline.com","-72.2005","42.2694","01562"
"Lancaster","","Lancaster Farmers Market","ma","Fairgrounds, Seven Bridge Road","organic baked goods cheese crafts flowers seafood herbs vegetables honey jams maple meat nuts plants prepared soap","","market","","-71.6583","42.4645","01523"
"Lawrence","https://www.facebook.com/farmersmarketlawrence","Lawrence Farmers Markets","ma","Campagnone North Common","crafts herbs vegetables fruits","","market","http://www.groundworklawrence.org/farmersmarket","-71.1600763","42.7098045","01841"
"Lawrence ","https://www.facebook.com/farmersmarketlawrence","Lawrence Farmers Markets","ma","216 Lawrence St","herbs vegetables plants fruits juices","","market","http://www.groundworklawrence.org/farmersmarket","-71.1660442","42.7168489","01841"
"Methuen  ","https://www.facebook.com/farmersmarketlawrence","Lawrence Farmers Markets","ma","70 East St","herbs vegetables plants fruits juices","","market","http://www.groundworklawrence.org/farmersmarket","-71.1683010","42.7284610","01845"
"Lee","","Lee Farmers Market","ma","35 Frank P Consolati Way","","","market","","-73.2497","42.3058","01238"
"Leicester","","Leicester Farmers Market","ma","Route 9 West, 1230 Main Street in Castle Restaurant Parking Lot","flowers eggs herbs vegetables honey maple plants soap","","market","","-71.9091700","42.2458300","01524"
"Lenox ","https://www.facebook.com/lenoxfarmersmarket/","Lenox Farmers Market","ma","134 Main St Lenox","baked goods cheese flowers eggs vegetables honey maple meat plants prepared trees fruits mushrooms","","market","https://www.lenoxfarmersmarket.com","-73.283228","42.360947","01240"
"Leominster ","https://www.facebook.com/LeominsterMarketplace","Leominster Marketplace","ma","25 West Street","baked goods crafts flowers eggs herbs vegetables honey jams maple meat nuts poultry soap fruits","","market","http://www.leominstermarketplace.com","-71.760614","42.526424","01453"
"Lexington","https://www.facebook.com/LexingtonFarmersMkt/","Lexington Farmers' Market","ma","Massachusetts Ave & Fletcher Ave","organic baked goods cheese crafts flowers eggs seafood herbs vegetables honey jams maple meat plants poultry prepared soap wine coffee beans fruits juices mushrooms","","market","http://www.lexingtonfarmersmarket.org/","-71.222455","42.446439","02420"
"LEXINGTON","https://www.facebook.com/LexingtonFarmersMkt/","Lexington Small Yet Mighty Winter Farmers Market","ma","739 Massachusetts Avenue","baked goods crafts eggs seafood herbs vegetables honey jams maple meat poultry prepared soap fruits","","market","http://www.lexingtonfarmersmarket.org/","-71.206748","42.429242","02420"
"Longmeadow","https://www.facebook.com/TazewellFarmersMarket","Local Harvest Farmers Mkt at the Longmeadow Shops","ma","666 Bliss St","baked goods cheese eggs herbs vegetables honey maple nursery plants soap","","market","","-72.556930","42.056558",""
"Lowell ","https://www.facebook.com/LowellFarmersMarket","Lowell Farmers' Market","ma","50 Arcand Drive","baked goods cheese crafts eggs herbs vegetables honey jams maple prepared soap coffee fruits pet food","https://twitter.com/LowellMrkt","market","http://www.commteam.org/how-we-help/food-nutrition/farmers-market/","-71.313587","42.646490","01852"
"Lunenburg","","Lunenburg","ma","960 Massachusetts Avenue","","","market","","-71.7246","42.5948","01462"
"Lynn","","Lynn, Central Square","ma","Corner of Union & Exchange Streets","baked goods flowers herbs vegetables honey fruits","","market","http://www.thefoodproject.org/farmers-markets","-70.943780","42.463643","01901"
"Chelmsford","","Mahoney's Garden Center","ma","165 Princeton Street","organic baked goods cheese crafts flowers seafood herbs vegetables honey jams meat plants prepared soap","","market","","-71.3752","42.6322","01863"
"East Falmouth","","Mahoney's Garden Center","ma","958 East Falmouth Hwy","organic baked goods cheese crafts flowers seafood herbs vegetables honey jams meat prepared soap","","market","","-70.5404","41.5794","02536"
"Randolph","https://www.facebook.com/randolphartisanandfarmersmarket?ref=hl","Main Street Market","ma","592 North Main Street","organic baked goods cheese crafts eggs herbs vegetables honey jams meat poultry prepared coffee fruits mushrooms","","market","http://www.mainstreetrandolph.weebly.com","-71.0496975","42.1769389","02368"
"Malden","","Malden Farmers Market","ma","200 Pleasant St","baked goods cheese crafts vegetables","","market","http://www.maldenchamber.org","-71.072949","42.427044","02148"
"Mansfield","","Mansfield Farmers Market","ma","Public Parking, 80 North Main Street","organic baked goods flowers vegetables honey maple","","market","","-71.218","42.0264","02048"
"Marblehead ","","Marblehead Farmers' Market","ma","217 Pleasant St","organic baked goods cheese crafts flowers eggs seafood herbs vegetables honey jams maple meat plants poultry prepared soap coffee fruits mushrooms","","market","http://www.MarbleheadFM.com","-70.861983","42.498938","01945"
"Marshfield","https://www.facebook.com/MarshfieldFM/","Marshfield Farmer's Market","ma","140 Main St  (Route 3A)","organic baked goods cheese crafts flowers eggs herbs vegetables honey jams maple meat plants poultry prepared soap coffee beans fruits juices pet food wild","https://twitter.com/MarshfieldFM","market","http://www.marshfieldfair.org/fm.htm","-70.717317","42.098148","02050"
"Mashpee","","Mashpee Farmers' Market","ma","Village Green at Mashpee Commons","","","market","","-70.4814","41.648",""
"Various Cities and Towns","","MassDOT Farmers Markets","ma","Service Areas along MA highways","","","market","http://www.mass.gov/massdot","-71.059773","42.358431",""
"Mattapan","https://www.facebook.com/pages/Mattapan-Square-Farmers-Market/132570930215702","Mattapan Square  Farmers Market","ma","882 Cummins Hwy","organic baked goods flowers eggs seafood vegetables honey jams meat poultry prepared soap fruits mushrooms wild","","market","http://www.mattapanfoodandfitness.org","-71.076514","42.3313532","02126"
"Maynard ","www.facebook.com/MaynardFarmersMarket/","Maynard Community Farmers Market","ma","Main St., Mill Pond parking lot","baked goods cheese crafts flowers eggs herbs vegetables honey jams maple meat plants poultry prepared soap wine coffee fruits","twitter.com/maynardmarket","market","http://MaynardFarmersMarket.com","-71.458801","42.430635","01754"
"Lee ","https://www.facebook.com/MeadowFarmMarket","Meadow Farm Market","ma","905 Pleasant Street","baked goods cheese crafts eggs vegetables honey jams maple plants prepared trees coffee fruits juices mushrooms","","market","","-73.2541579","42.2794247","01238"
"Medfield","","Medfield Farmers' Market","ma","26 North Street","baked goods herbs vegetables honey jams","","market","http://www.medfieldfarmersmarket.org","-71.3061852","42.1872690","02052"
"Medford","https://www.facebook.com/MedfordFarmerMkt/","Medford Farmers Market","ma","2501 Mystic Valley Parkway","baked goods crafts flowers eggs herbs vegetables honey jams maple meat nuts plants poultry prepared wine coffee fruits","https://twitter.com/medfordfarmmkt?lang=en","market","https://medfordfarmersmarket.org/","-71.115435","42.418530","02155"
"Medway","","Medway Farmers Market","ma","2R Oak Street","","","market","http://www.focpmedway.wordpress.com/","-71.4292","42.1474","02053"
"Melrose","https://www.facebook.com/pages/Sally-Franks-Farmers-Market/161587123894418","Melrose & Wakefield Winter Farmers' Market","ma","590 Main Street","baked goods cheese crafts eggs seafood herbs vegetables honey jams maple meat poultry prepared soap wine coffee beans fruits grains pet food","https://twitter.com/MelroseSFFM","market","http://melrosefarmersmarket.org/events/wintermarket/; www.wakefieldfarmersmarket.org/","-71.064284","42.457203","02176"
"Melrose ","https://www.facebook.com/sallyfranksfarmersmarket/","Melrose/Sally Frank's Farmers' Market","ma","West Emerson and Vinton Streets","baked goods cheese crafts flowers eggs seafood herbs vegetables honey jams maple meat plants poultry prepared soap coffee fruits juices pet food","https://twitter.com/MelroseSFFM","market","http://melrosefarmersmarket.org/","-71.070378","42.458997","02176"
"Merrimac","","Merrimac","ma","27 Church Street","","","market","http://www.merrimacfarmersmarket.org/","-71.0034","42.8348","01860"
"Middleboro","","Middleboro Farmers Market","ma","South Main St.","crafts flowers eggs herbs vegetables plants soap trees fruits","","market","","-70.9090896695852","41.8924201279879","02346"
"Middleborough ","https://www.facebook.com/groups/301747146656481/","Middleborough Farmers Market","ma","Route 44  & Nemasket Street","baked goods cheese crafts flowers eggs herbs vegetables jams maple nuts plants prepared soap trees coffee fruits grains pet food","","market","http://www.middleboroughfarmersmarket.com","-70.912916","41.907445","02346"
"Middleton","","Middleton","ma","49 South Main Street,","","","market","http://www.middletonfarmersmarket.org","-71.0148","42.5923","01949"
"Milford","","Milford Hospital Farmers Market","ma","14 Prospect Street, Milford Regional Hospital","","","market","","-71.5282","42.1324","01757"
"Milford","https://www.facebook.com/MilfordFarmersMarket01757","Milford MA Farmers Market ","ma","Milford Water Company-Dilla St","baked goods crafts eggs herbs honey jams maple prepared soap coffee fruits","https://twitter.com/01757FarmersMkt","market","http://milfordmafarmersmarket.wordpress.com/","-71.513376","42.161351","01757"
"Lowell ","www.facebook.com/MCGMobileMarket","Mill City Grows Mobile Market","ma","","baked goods cheese crafts eggs herbs vegetables honey jams maple meat prepared soap wine coffee fruits juices mushrooms","twitter.com/MCG_MMKT","market","http://www.millcitygrows.org","-71.3161718","42.6334247","01851"
"Milton MA","","Milton Farmers Market","ma","Wharf Street Park","baked goods cheese flowers eggs seafood herbs vegetables honey plants poultry coffee fruits","","market","","-71.067032","42.269638","02186"
"Roxbury","","Mission Hill Farmers Market: Brigham Circle","ma","","flowers herbs vegetables honey maple plants fruits","","market","http://www.cityofboston.gov/food/farmers/","-71.105022","42.334362","02120"
"Monson","https://www.facebook.com\pages\MonsonFarmersMarket","Monson Farmers' Market","ma","5 High Street","baked goods crafts flowers eggs vegetables honey jams maple meat plants poultry prepared soap fruits","","market","http://www.monsonfarmersmarket.org","-72.320326","42.103532","01057"
"Monterey ","","Monterey Farmers Market","ma","Monterey Rd (Route 23) and New Marlboro Rd","baked goods cheese eggs herbs vegetables maple meat poultry prepared coffee fruits wild","","market","","-73.202859","42.132731","01245"
"Natick","natickfarmersmarket","Natick Farmers Market","ma","Common Street","organic baked goods cheese crafts flowers eggs seafood herbs vegetables honey jams poultry prepared soap wine coffee fruits juices","","market","http://www.natickfarmersmarekt.com","-71.3460359","42.2829114","01760"
"Natick","https://www.facebook.com/pages/Natick-Farmers-Market/145649782172301","Natick Winter Market","ma","Common Street","baked goods cheese crafts eggs seafood herbs vegetables honey jams meat nuts poultry prepared soap wine","","market","http://www.natickfarmersmarket.com","-71.3460359","42.2829114","01760"
"Needham","https://www.facebook.com/NeedhamFarmersMarket/","Needham Farmers Market","ma","Garrity Way","baked goods crafts flowers eggs seafood herbs vegetables honey jams maple nuts plants coffee fruits mushrooms","","market","http://www.needhamfarmersmarket.org","-71.236446","42.280988","02492"
"New Bedford ","https://www.facebook.com/massinmotionnewbedford/","New Bedford Farmers Market- Brooklawn Park","ma","1997 Acushnet Ave.","baked goods flowers eggs seafood herbs vegetables honey jams meat poultry prepared soap fruits","","market","https://coastalfoodshed.org/","-70.923644","41.675431","02745"
"New Bedford ","https://www.facebook.com/massinmotionnewbedford/","New Bedford Farmers Market- Clasky Common Park","ma","1119 Pleasant St.","herbs vegetables soap fruits","","market","https://coastalfoodshed.org/","-70.928587","41.644314","02740"
"New Bedford","https://www.facebook.com/newbedfordfarmersmarket/","New Bedford Farmers Market- Downtown/Custom House Square","ma","466 Brock Ave","baked goods cheese flowers eggs seafood herbs vegetables honey jams maple meat plants poultry prepared soap fruits","","market","https://coastalfoodshed.org/","-70.937913","41.661303","02740"
"New Bedford","https://www.facebook.com/massinmotionnewbedford/","New Bedford Farmers Market- Indoor ","ma","101 West Rodney French Blvd","baked goods cheese flowers eggs seafood vegetables honey jams maple meat poultry prepared soap fruits mushrooms","","market","https://coastalfoodshed.org/","-70.937913","41.661303","02744"
"New Bedford","","New Bedford/Clasky Common","ma","Pleasant Street between Pearl and Pope Streets","herbs vegetables fruits","","market","","-70.928561","41.644115","02740"
"New Bedford","","New Beford/Brooklawn Park Farmers Market","ma","Brooklawn Park, Ashley Blvd. Entrance","flowers eggs vegetables fruits","","market","","-70.93256","41.67533","02745"
"New Braintree","","New Braintree","ma","1890 Barre Rd. (Rte. 67)","","","market","","-72.1141","42.3535","01564"
"Newtonville","","Newton Farmers' Market Depot","ma","250 Albemarle Road","baked goods cheese eggs seafood vegetables meat","","market","","-71.216376","42.357832","02460"
"Newton","https://www.facebook.com/pages/Newton-Farmers-Market/","Newton Farmers' Markets","ma","1200 Beacon St.","organic baked goods cheese flowers eggs seafood herbs vegetables honey maple nuts plants poultry prepared soap wine coffee fruits grains mushrooms","","market","http://www.newtonma.gov/gov/parks/programs/farmers/default.asp","-71.2132","42.3312","02461"
"Leverett","","North Amherst Winter Farmers' Market","ma","11 Meadow St.","","","market","http://www.northamherstmarket.com","-72.5344","42.4115","01054"
"Quincy","","North Quincy Farmers Market","ma","1 Heritage Drive,  ING Parking Lot","","","market","","-71.0348","42.2776","02171"
"Northampton","","Northampton Gothic Street Farmers Market","ma","Gothic Street, downtown","","","market","","-72.6322","42.3204","01060"
"Northampton","","Northampton Thornes Marketplace Farmers Market","ma","150 Main Street","","","market","","-72.6306","42.3181","01060"
"Northampton","https://www.facebook.com/northamptontuesdaymarket/","Northampton Tuesday Farmers' Market","ma","99 Armory St., Northampton, MA 01060","organic baked goods cheese crafts flowers eggs herbs vegetables honey jams maple meat nuts plants poultry prepared soap wine coffee fruits juices mushrooms wild","https://twitter.com/TuesdayMarket","market","http://www.northamptontuesdaymarket.com","-72.630195","42.318193","01060"
"Northampton","https://www.facebook.com/nohomarket","Northampton Winter Farmers' Market","ma","80 Locust Street","organic baked goods cheese crafts flowers eggs herbs vegetables honey jams maple meat plants poultry prepared soap coffee beans fruits grains juices mushrooms tofu wild","","market","http://www.nohowintermarket.com","-72.655746","42.331782","01060"
"Northfield","","Northfield Farmers' Market","ma","Main Street","baked goods flowers eggs herbs vegetables jams maple meat nursery plants prepared","","market","","-72.450929","42.703380","01360"
"Norwood","","Norwood Farmers Market","ma","Nahatan St & Washington St","organic cheese flowers eggs seafood herbs vegetables honey meat poultry prepared wine","","market","http://www.norwoodmafarmersmarket.com","-71.2004066","42.1948182","02062"
"Brighton","www.facebook.com/oaksquarefarmersmarket","Oak Square Farmers Market","ma","640 Washington Street","baked goods cheese crafts eggs seafood herbs vegetables honey jams maple meat plants poultry prepared soap wine coffee fruits","","market","","-71.1691939","42.3506821","02135"
"Mattapoisett","https://www.facebook.com/OldRochesterFarmersMarket","Old Rochester Farmers' Market","ma","135 Marion Rd.,","baked goods cheese crafts flowers eggs seafood herbs vegetables honey jams meat plants poultry prepared soap coffee fruits juices pet food","","market","http://www.rochesterfarmersmarket.org","-70.7796580","41.6724380","02739"
"Easton","https://www.facebook.com/EastonOriginalFarmersMarket","Original Easton Farmers Market","ma","524 Depot Street","organic baked goods cheese crafts flowers eggs seafood herbs vegetables honey jams meat plants prepared soap wine fruits pet food","","market","http://www.tinyurl.com/eastonfarmersmarket","-71.117550","42.027854","02375"
"Orleans","https://www.facebook.com/OrleansFarmersMarket","Orleans Farmers' Market, Inc.","ma","21 Old Colony Way","organic baked goods cheese flowers eggs seafood herbs vegetables honey jams maple meat plants poultry prepared soap trees wine coffee fruits grains juices mushrooms","","market","http://www.orleansfarmersmarket.com","-69.99411","41.78727","02653"
"Orleans","https://www.facebook.com/orleanswintermarket","Orleans Winter Farmers' Market","ma","70 Route 28","baked goods crafts flowers eggs herbs vegetables honey jams meat plants poultry prepared soap coffee juices","","market","http://www.capecdp.org/content/orleans_winter_farmers_market/","-69.988846","41.784060","02653"
"Osterville","www.facebook.com/OstervilleFarmersMarket","Osterville Farmers' Market","ma","155 West Bay Rd.","organic baked goods cheese flowers eggs seafood herbs vegetables honey jams maple meat nuts plants poultry prepared soap wine coffee fruits juices mushrooms tofu wild","","market","http://www.OstervilleFarmersMarket.org","-70.3873","41.6247","02655"
"Otis","otisfarmersmarket@facebook","Otis Farmers Market","ma","2000 East Otis Road","baked goods cheese crafts flowers eggs herbs vegetables honey jams maple meat plants prepared soap fruits mushrooms pet food","","market","","-73.031942","42.171588","01253"
"Worcester","www.facebook.com/OutToLunchConcertSeries","Out to Lunch Farmers Market-Worcester Common","ma","455 Main St.-Worcester Common behind City Hall","baked goods cheese crafts flowers herbs vegetables honey jams maple plants prepared soap fruits","","market","http://www.outtolunchworcester.com","-71.800911","42.262272","01608"
"Oxford","","OXFORD FARMERS MARKET","ma","Town Common","baked goods herbs vegetables maple meat prepared","","market","http://www.Oxfordcommunitycenter.fmweb.org","-71.8639","42.1202","01540"
"Palmer/ Three Rivers","","Palmer/Three Rivers Farmers' Market","ma","Hryiewicz Park, 2150 Springfield Street.","baked goods crafts flowers vegetables honey jams maple plants fruits","","market","","-72.631590","42.1350740","01080"
"Paxton","","Paxton Farmers Market","ma","Town Common, Route 122","","","market","","-71.9248","42.3079","01612"
"Peabody ","https://www.facebook.com/peabodys.markets?fref=ts","Peabody Farmer's Market","ma","24 Lowell Street","baked goods cheese crafts flowers eggs herbs vegetables honey jams maple soap fruits","","market","","-70.928350","42.526209","01960"
"Pepperell","https://www.facebook.com/pages/Pepperell-Farmers-Market/110477315657497?ref=hl","Pepperell Farmers Market","ma","Hollis St at the Town Field","baked goods cheese crafts flowers eggs vegetables honey jams maple meat poultry prepared soap coffee fruits","","market","http://www.pepperellfarmersmarket.com","-71.588180","42.666928","01463"
"Petersham","","Petersham Friday Market","ma","","baked goods crafts flowers eggs herbs vegetables honey jams maple plants poultry soap","","market","http://www.petershamcommon.com/fridaymarket.htm","-72.186669","42.488744","01366"
"Phillipston","","Phillipston Farmers Market","ma","Town Center","","","market","","-72.1421","42.5728","01331"
"West Boylston ","https://m.facebook.com/pinecroftfarmersmarket/","Pinecroft Farmers Market","ma","539-555 Prospect Street","baked goods cheese crafts flowers eggs herbs vegetables honey jams maple meat nuts plants poultry prepared soap coffee fruits juices","","market","http://www.pinecroftfarmersmarket.com","-71.8005373","42.3367495","01583"
"Plainville","http://www.facebook.com/plainvillefarmersmarket","Plainville Farmers Market","ma","200 South St","baked goods cheese eggs seafood herbs vegetables honey jams maple meat plants poultry prepared soap coffee fruits pet food","","market","http://www.plainvillefarmersmarket.com","-71.338617","42.009191","02762"
"Plymouth ","https://www.facebook.com/PlymouthFarmersMarket","Plymouth Farmers' Market","ma","137 Warren Avenue","organic baked goods cheese crafts flowers eggs seafood herbs vegetables honey jams maple plants poultry prepared soap wine coffee beans fruits grains juices mushrooms pet food wild","","market","http://www.plymouthfarmersmarket.org","-70.626472","41.936488","02360"
"Plymouth","","Plymouth Harbor Market Days - Stephens Field ","ma","132 Sandwich Street","","","market","http://www.plymouthharbormarketdays.org/Content/129.htm","-70.6556","41.9514","02360"
"Plymouth","","Plymouth Harbor Market Days-1820 Courthouse Green ","ma","24 Court St","","","market","http://www.plymouthharbormarketdays.org/Content/129.htm","-70.6664","41.9577","02360"
"Provincetown","Provincetown Farmers Market","Provincetown Farmers Market","ma","260 Commericial Street ","organic baked goods cheese flowers eggs herbs vegetables honey jams maple meat plants poultry soap wine fruits mushrooms pet food","","market","","-70.1876201","42.0512780","02657"
"Quincy","","Quincy Farmers Market","ma","0 Denis Ryan Parkway","baked goods cheese crafts flowers eggs seafood herbs vegetables honey jams maple meat nuts poultry prepared wine","","market","http://www.quincyfarmersmarket.com","-71.00002","42.24825","02169"
"Worcester ","https://www.facebook.com/recfarmersmarkets/?fref=ts","REC Beaver Brook Park Market","ma","306 Chandler St","baked goods cheese flowers eggs herbs vegetables honey jams maple meat poultry fruits","https://twitter.com/RECFarmMarket","market","http://www.recworcester.org/#!markets/c1m3b","-71.825397","42.262154",""
"Worcester","https://www.facebook.com/recfarmersmarkets/?fref=ts","REC Mobile Farmers Market - Coe's Pond Village","ma","39 1st Street","baked goods eggs vegetables honey jams maple meat poultry fruits","https://twitter.com/RECFarmMarket","market","http://www.recworcester.org/#!markets/c1m3b","-71.8498507","42.2526097","01602"
"Worcester","https://www.facebook.com/recfarmersmarkets/?fref=ts","REC Mobile Farmers Market - Edward M. Kennedy Community Health","ma","19 Tacoma Street","baked goods eggs vegetables honey jams maple meat poultry fruits","https://twitter.com/RECFarmMarket","market","http://www.recworcester.org/#!markets/c1m3b","-71.7663802","42.3029456","01610"
"Worcester","https://www.facebook.com/recfarmersmarkets/?fref=ts","REC Mobile Farmers Market - Elm Park Towers","ma","425 Pleasant Street","baked goods eggs vegetables honey jams maple meat poultry fruits","https://twitter.com/RECFarmMarket","market","http://www.recworcester.org/#!markets/c1m3b","-71.8163590","42.2637690","01610"
"Worcester","https://www.facebook.com/recfarmersmarkets/?fref=ts","REC Mobile Farmers Market - Family Health Center of Worcester","ma","26 Queen Street ","baked goods eggs vegetables honey jams maple meat poultry fruits","https://twitter.com/RECFarmMarket","market","http://www.recworcester.org/#!markets/c1m3b","-71.8136760","42.2588970","01610"
"Worcester","https://www.facebook.com/recfarmersmarkets/?fref=ts","REC Mobile Farmers Market - Green Hill Towers","ma","27 Mt. Vernon Street","baked goods eggs vegetables honey jams maple meat poultry fruits","https://twitter.com/RECFarmMarket","market","http://www.recworcester.org/#!markets/c1m3b","-71.7882780","42.2770070","01605"
"Worcester","https://www.facebook.com/recfarmersmarkets/?fref=ts","REC Mobile Farmers Market - Lincoln Park Towers ","ma","11 Lake Ave.","baked goods eggs vegetables honey jams maple meat poultry fruits","https://twitter.com/RECFarmMarket","market","http://www.recworcester.org/#!markets/c1m3b","-71.7583190","42.2729960","01610"
"Worcester","https://www.facebook.com/recfarmersmarkets/?fref=ts","REC Mobile Farmers Market - Lincoln Village","ma","40 Pleasant Valley Drive","baked goods eggs vegetables honey jams maple meat poultry fruits","https://twitter.com/RECFarmMarket","market","http://www.recworcester.org/#!markets/c1m3b","-71.775521","42.297673","01605"
"Worcester","https://www.facebook.com/recfarmersmarkets/?fref=ts","REC Mobile Farmers Market - Out to Lunch Concert Series, City Hall Common","ma","455 Main Street","baked goods eggs vegetables honey maple meat poultry soap fruits","https://twitter.com/RECFarmMarket","market","http://www.recworcester.org/#!markets/c1m3b","-71.801112","42.262366","01608"
"Worcester","https://www.facebook.com/recfarmersmarkets/?fref=ts","REC Mobile Farmers Market - Plumley Village","ma","16 Laurel Street","baked goods eggs vegetables jams maple meat poultry fruits","https://twitter.com/RECWorcester","market","http:// www.recworcester.org/#!markets/c1m3b","-71.7955360","42.2700860","01608"
"Worcester","https://www.facebook.com/recfarmersmarkets/?fref=ts","REC Mobile Farmers Market - Seabury Heights Apartments","ma","240 Belmont Street","baked goods eggs vegetables honey jams maple meat poultry fruits","https://twitter.com/RECFarmMarket","market","http://www.recworcester.org/#!markets/c1m3b","-71.7818616","42.2719811","01604"
"Worcester","https://www.facebook.com/recfarmersmarkets/?fref=ts","REC Mobile Farmers Market - Seven Hills Foundation","ma","81 Hope Ave. ","baked goods eggs vegetables honey jams maple meat poultry fruits","https://twitter.com/RECFarmMarket","market","http://www.recworcester.org/#!markets/c1m3b","-71.8255759","42.2312848","01603"
"Worcester ","https://www.facebook.com/recfarmersmarkets/?fref=ts","REC Mobile Farmers Market - The Senior Center","ma","128 Providence Street","baked goods eggs vegetables honey jams maple meat poultry fruits","https://twitter.com/RECFarmMarket","market","http://www.recworcester.org/#!markets/c1m3b","-71.7930315","42.2481110","01604"
"Worcester","https://www.facebook.com/recfarmersmarkets/?fref=ts","REC Mobile Farmers Market - Webster Square Towers","ma","1050 Main Street","baked goods eggs vegetables honey jams maple meat poultry fruits","https://twitter.com/RECFarmMarket","market","http://www.recworcester.org/#!markets/c1m3b","-71.831354","42.245700","01603"
"Worcester","https://www.facebook.com/recfarmersmarkets/?fref=ts","REC Mobile Farmers Market - WRTA Transit Hub","ma","60 Foster St","baked goods vegetables honey jams maple meat poultry fruits","https://twitter.com/RECFarmMarket","market","http://www.recworcester.org/#!markets/c1m3b","-71.7963682","42.2608786","01608"
"Worcester","https://www.facebook.com/recfarmersmarkets/?fref=ts","REC Mobile Farmers Market - YWCA of Central MA","ma","1 Salem Square","baked goods eggs vegetables honey jams maple meat poultry fruits","https://twitter.com/RECFarmMarket","market","http://www.recworcester.org/#!markets/c1m3b","-71.8002647","42.2609190","01608"
"Worcester","https://www.facebook.com/recfarmersmarkets/?fref=ts","REC Mobile Market - Colony Retirement Homes","ma","485 Grove Street","baked goods eggs vegetables honey jams maple meat poultry fruits","https://twitter.com/RECFarmMarket","market","http://www.recworcester.org/#!markets/c1m3b","-71.8109548","42.2889588","01605"
"Worcester ","https://www.facebook.com/recfarmersmarkets/?fref=ts","REC University Park Farm Stand","ma","965 Main Street","baked goods crafts flowers eggs herbs vegetables honey jams maple meat poultry fruits","https://twitter.com/RECFarmMarket","market","http://www.recworcester.org/#!markets/c1m3b","-71.8215530","42.2475320","01610"
"Rehoboth","","Rehoboth","ma","53 Bay State Rd.","","","market","","-71.2423","41.8476","02769"
"Revere","https://www.facebook.com/reverefarmersmarket/","Revere Farmers' Market","ma","249 Broadway","organic baked goods eggs vegetables honey meat nuts plants poultry soap coffee fruits","","market","","-71.0136310","42.4072740","02151"
"Rochester","","Rochester Farmers Market","ma","Rochester Center, Route 105, Plumb Corner Market Parking Lot","","","market","http://www.rochesterfarmersmarket.org","-70.8226","41.7326","02770"
"Roslindale","https://www.facebook.com/roslindalevillagemainstreet/","Roslindale Village Main Street Winter Farmers Market","ma","30 Birch St","organic baked goods crafts flowers eggs seafood herbs vegetables honey jams maple meat poultry prepared soap coffee fruits juices mushrooms","","market","","-71.1304386","42.2862298","02131"
"Rowley ","https://www.facebook.com/rowleyfarmersmarket","Rowley Farmers Market","ma","rowley common  main street","baked goods flowers eggs herbs vegetables honey jams plants prepared wine fruits","","market","","-70.881960","42.713629","01969"
"Fall River","https://www.facebook.com/woodstockmarketpdx","Ruggles Park Farmers Market","ma","Pine Street","flowers herbs vegetables nursery plants trees","","market","","-71.145873","41.703005","02721"
"Salem","https://www.facebook.com/SalemMAFarmersMarket","Salem Farmers' Market","ma","Front Street at Derby Square","organic baked goods cheese crafts flowers eggs seafood herbs vegetables honey jams maple meat plants poultry prepared soap wine fruits juices","https://twitter.com/salemfarmmarket","market","http://www.salemfarmersmarket.org","-70.894653","42.520665","01970"
"Sandwich","","Sandwich Farmers Market","ma","Route 6A Village Green","","","market","http://www.sandwichfarmersmarket.com","-70.493","41.7535","02563"
"Saugus","","Saugus/Cliftondale","ma","Anna Parker Playground Essex Street","baked goods cheese eggs seafood vegetables honey jams maple meat plants fruits","","market","","-71.016355","42.451645","01906"
"Scituate","","Scituate","ma","Henry Turner Bailey Rd. and Country Way, North Scituate","","","market","","-70.7863","42.2188","02066"
"Sheffield","https://www.facebook.com/SheffieldFarmersMarket/","Sheffield Farmers' Market","ma","125 Main St.","baked goods cheese crafts flowers eggs herbs vegetables honey jams maple meat plants poultry prepared soap fruits wild","","market","https://www.sheffieldfarmersmarket.org/farmers-vendors/","-73.353839","42.110499","01257"
"Shelburne Falls","","Shelburne Falls Farmers Market","ma","Baptist Corner lot, 53 Main St.","baked goods cheese crafts flowers herbs vegetables jams maple meat plants prepared soap","","market","http://www.shelburnefallsfarmersmarket.com","-72.7372","42.608","01370"
"Shrewsbury","","Shrewsbury Farmers Market","ma","100 Maple Ave","organic baked goods crafts eggs herbs vegetables honey jams maple meat poultry prepared soap coffee fruits pet food","","market","http://www.shrewsburyfarmersmarket.com","-71.7223045","42.2914825","01545"
"Somerville","facebook.com/shapeupsomerville","Somerville Mobile Farmers' Market - Council on Aging","ma","167 Holland Street","vegetables fruits","twitter.com/shapeupsville","market","","-71.1254072","42.4011098","02145"
"Somerville","facebook.com/shapeupsomerville","Somerville Mobile Farmers' Market - East Somerville Community School","ma","50 Cross Street","vegetables fruits","twitter.com/shapeupsville","market","","-71.087092","42.386062","02145"
"Somerville","facebook.com/shapeupsomerville","Somerville Mobile Farmers' Market - Mystic","ma","530 Mystic Avenue","organic herbs vegetables fruits","twitter.com/shapeupsville","market","","-71.092140","42.396445","02145"
"Somerville","facebook.com/shapeupsomerville","Somerville Mobile Farmers' Market - North Street","ma","26 North Street","herbs vegetables fruits","twitter.com/shapeupsville","market","","-71.131331","42.407228","02144"
"Somerville ","www.facebook.com/Davis-Square-Farmers-Market-404743659554925/","Somerville/Davis Square","ma","50 Day St.","organic baked goods cheese flowers eggs seafood herbs vegetables jams meat poultry soap wine fruits grains mushrooms wild","@MAFarmMarkets","market","http://www.massfarmersmarkets.org","-71.1231062","42.3958267","02144"
"South Boston","https://www.facebook.com/South-Boston-Farmers-Market-293116144114043/","SOUTH BOSTON FARMER'S MARKET","ma","446 West Broadway","baked goods eggs herbs vegetables honey jams maple plants soap fruits","@SBFarmersMkt_","market","http://sbndc.org/south-boston-farmers-market/","-71.046817","42.335985","02127"
"South Hadley, MA","https://www.facebook.com/SouthHadleyFarmersMarket","South Hadley Farmers' Market","ma","College Street and Rt. 116","baked goods crafts flowers eggs vegetables honey jams maple poultry prepared soap coffee fruits","","market","http://www.shfarmersmarket.com","-72.575386","42.259051","01075"
"Boston","www.facebook.com/sowaboston","SoWa Outdoor Food Market","ma","500 Harrison Ave","organic baked goods cheese crafts flowers eggs seafood herbs vegetables honey jams maple meat nuts plants poultry prepared soap trees wine coffee fruits grains juices mushrooms pet food tofu wild","twitter.com/sowa_Boston","market","http://www.facebook.com/SoWaBoston/","-71.0658051","42.3421138","02118"
"Springfield","","Springfield Cooperative Farmers Market","ma","158 Avocado Street","crafts plants trees","","market","http://www.springfieldfarmers.com","-72.606701","42.107564","01101"
"Springfield","","Springfield Winter Farmers' Market","ma","302 Sumner Ave.","","","market","","-72.5652","42.0846",""
"Springfield","https://www.facebook.com/pages/Springfield-Technical-Community-College/109746082384737?fref=ts","STCC Farmers' Market","ma","One Armory Square","baked goods crafts flowers herbs vegetables honey jams maple meat plants prepared soap coffee fruits","","market","","-72.581067","42.108668","01102"
"Sterling","","Sterling Farmers Market","ma","Park st. at Town Hall","","","market","","-71.762","42.4362","01564"
"Stoneham","Stoneham Farmers Market","Stoneham Farmers Market","ma","Main St.","organic baked goods cheese crafts eggs seafood vegetables honey jams maple meat nuts poultry prepared soap wine coffee fruits pet food","","market","http://Stonehamfarmersmarket.com","-71.100163","42.480311","02180"
"Stoughton","https://www.Facebook.com/stoughtonfarmersmarket","Stoughton Farmers Market","ma","790 Washington Street","baked goods crafts eggs seafood herbs vegetables honey jams prepared fruits","https://twitter.com/stoughtonfarmer","market","http://Www.stoughtonfarmersmarket.org","-71.1019731","42.1249340","02072"
"Nantucket ","https://www.facebook.com/search/top/?q=sustainable%20nantucket%20farmers%20%26%20artisans%20market","Sustainable Nantucket Farmers & Artisans Market","ma","Cambridge and North Union Streets","organic baked goods crafts flowers eggs herbs vegetables honey jams maple plants prepared soap coffee fruits juices","","market","https://www.sustainablenantucket.org/","-70.0983564","41.2840228","02554"
"Nantucket","https://www.facebook.com/search/str/sustainable+nantucket+community+farm+institute/keywords_top","Sustainable Nantucket Farmers Market","ma","168 Hummock Pond Road","vegetables","","market","https://www.sustainablenantucket.org/","-70.135363","41.263346","02554"
"Westford","https://www.facebook.com/WestfordFarmersMarket/","Sustainable Westford - Westford Farmers Market","ma","Westford Town Common, at the intersections of Main Street, Lincoln Street, and Boston Road.","baked goods cheese crafts flowers eggs seafood herbs vegetables honey jams maple meat plants poultry prepared soap wine coffee fruits juices wild","","market","http://www.WestfordFarmersMarket.com","-71.43869","42.58109","01886"
"Swampscott","https://www.facebook.com/SwampscottFarmersMarket","Swampscott Farmers Market","ma","200 Essex Street","organic baked goods crafts flowers eggs seafood herbs vegetables honey jams maple meat poultry prepared soap wine coffee fruits juices pet food","https://twitter.com/SwampscottFM","market","http://swampscottfarmersmarket.org","-70.9204450","42.4791020","01907"
"Swansea","https://www.facebook.com/swanseafarmersmarket16","SWANSEA FARMERS MARKET","ma","1210 Wilbur Ave","baked goods cheese crafts flowers eggs herbs vegetables honey jams meat poultry prepared soap coffee fruits juices pet food","","market","","-71.2342916","41.7321705","02777"
"Taunton","https://www.facebook.com/tauntonfarmersmarket","Taunton's Farmers Market","ma","","","","market","http://www.tauntonfarmersmarket.org/","-71.093555","41.901698","02784"
"Tewksbury ","Tewksbury Farmer's Market","Tewksbury Farmer's Market on the Common","ma","1009 Main Street","baked goods crafts flowers eggs herbs vegetables honey jams maple prepared soap trees coffee fruits juices","Tewksbury Farmer's Market","market","","-71.2342732","42.6119020","01876"
"Brewster","http://fb.me/BrewsterHistoricalSocietyFarmersMarket","The Brewster Historical Society Farmers Market","ma","Windmill Village, 51 Drummer Boy Road","organic baked goods cheese flowers eggs seafood vegetables honey jams maple meat plants poultry prepared coffee fruits juices","","market","http://www.brewsterhistoricalsociety.org","-70.119613","41.752565","02631"
"Cambridge ","https://www.facebook.com/KendallSQ/","The Farmers Market @ Kendall Square","ma","350 Kendall St. ","organic baked goods flowers vegetables honey nuts plants prepared soap fruits","N/A","market","http://www.farmersmarketkendallsquare.org","-71.082434","42.363433","02142"
"North Attleboro","https://www.facebook.com/pages/The-Farmers-Market-at-Attleboro-Farms/159886747368798","The Farmers Market at Attleboro Farms","ma","491 Hickory Rd., Rt. 120","organic baked goods cheese crafts eggs herbs vegetables honey jams maple meat plants poultry soap trees fruits pet food","","market","http://www.attleborofarms.com","-71.3704555555556","41.96785","02760"
"Sandwich","","The Farmers Market at Oakcrest Cove - Wednesdays and Sundays","ma","34 Quaker Meeting House Rd","baked goods crafts eggs seafood herbs vegetables jams maple prepared soap trees fruits pet food","","market","http://www.thesandwichbazaar.com","-70.487202","41.699059","02563"
"Greenfield","https://www.facebook.com/greenfieldtuesdaymarket/","The Greenfield Tuesday Farmers' Market","ma","Sears Ave","baked goods crafts flowers eggs vegetables honey jams maple plants soap coffee fruits","","market","","-72.6039289","42.5883382","01301"
"Somerset","","The MarketPlace Somerset, MA","ma","202 Slades Ferry Ave","organic baked goods cheese crafts flowers eggs seafood herbs vegetables honey jams maple meat plants poultry prepared soap trees wine fruits","","market","","-71.160158","41.727737","02726"
"Newburyport","https://www.facebook.com/pages/The-Newburyport-Farmers-Market/169544154305","The Newburyport Farmers' Market","ma","50 Water st","organic baked goods cheese crafts flowers eggs seafood herbs vegetables honey jams maple meat plants poultry prepared soap wine coffee beans fruits juices mushrooms pet food","https://twitter.com/Farmista","market","http://www.thenewburyportfarmersmarket.org","-70.865683","42.810473","01950"
"Orange","https://www.facebook.com/OrangeFarmersMarket","The Orange Farmers Market","ma"," 135 East Main st","baked goods cheese crafts flowers eggs herbs vegetables jams maple meat plants prepared fruits juices","","market","","-72.3033449","42.5907340","01364"
"Taunton","The Silver City Farmers Market","The Silver City Farmers' Market","ma","Hamilton Street and Hopewell St","organic baked goods crafts eggs seafood herbs vegetables honey jams maple prepared soap fruits","","market","http://www.massinmotiontaunton.org/the-silver-city-farmers-market","-71.094872","41.913428","02780"
"Sandwich","","The Winter SandwichBazaar","ma","#33 Water Street","","","market","http://www.thesandwichbazaar.com/home/contact-information","-70.4947","41.752",""
"Vineyard Haven","https://www.facebook.com/pages/Tisbury-Farm-Market-Vineyard-Grocer/196956840335261","Tisbury Farm Market ","ma","342 State Rd.","","","market","","-70.6142","41.4478","02568"
"Topsfield","","Topsfield Farmers Market","ma","207 Boston Street","","","market","","-70.9453","42.6296","01983"
"Mattapoisett","","Tri-Town Farmers Market","ma","Route 6, Old Rochester Regional High School, Mattapoisett","","","market","http://www.rochesterfarmersmarket.org","-70.7764","41.6728","02739"
"Truro","https://www.facebook.com/sustainablecape/","Truro Educational Farmers' Market","ma","","organic baked goods cheese flowers eggs seafood herbs vegetables honey meat plants prepared coffee fruits juices","","market","http://www.sustainablecape.org","-70.0490107","41.9947700","02666"
"Tyngsboro","","Tyngsboro Farmers Market ","ma","252 Middlesex Rd. ","","","market","http://www.tyngsfarmersmarket.org/","-71.4004","42.6514","01879"
"Tyngsborough ","www.facebook.com/tyngsborofarmersmarket","Tyngsboro Farmers Market","ma","214 middlesex rd","baked goods crafts flowers eggs vegetables honey meat prepared soap coffee fruits juices","","market","","-71.4232491","42.6756352","01879"
"Weymouth ","https://www.facebook.com/UnionPointMA/","Union Point Farmers' Market ","ma","26 Memorial Grove Ave. ","organic baked goods crafts flowers eggs vegetables honey jams plants poultry soap coffee fruits pet food","https://twitter.com/UnionPointMA","market","http://unionpointma.com","-70.945227","42.164030","02190"
"Somerville","https://www.facebook.com/unionsquaremarkets/","Union Square Farmers Market","ma","66-70 Union Square","organic baked goods cheese flowers eggs seafood herbs vegetables honey jams maple meat nuts plants poultry prepared soap wine coffee beans fruits grains juices mushrooms pet food tofu wild","https://twitter.com/unionsquarefm","market","http://www.unionsquaremain.org","-71.094533","42.379761","02143"
"Wakefield","https://www.facebook.com/wakefieldfarmersmarket","Wakefield Farmer's Market","ma","Hall Park","baked goods cheese crafts flowers eggs seafood herbs vegetables honey jams maple meat poultry prepared soap wine coffee beans fruits juices pet food","https://twitter.com/wakefieldfarmmk","market","http://www.wakefieldfarmersmarket.org","-71.079174","42.507127","01880"
"Walpole ","https://www.facebook.com/Walpole-Farmers-Market-111991025477749/","Walpole Farmers' Market","ma","653 Main Street","baked goods crafts herbs vegetables honey jams maple plants prepared soap coffee fruits pet food","@WalpoleFarmers","market","http://www.walpolemafarmersmarket.com","-71.244383","42.154787","02081"
"Waltham","https://www.facebook.com/walthamfarmersmarket/","Waltham Farmers' Market","ma","119 School Street","organic baked goods cheese crafts flowers eggs seafood herbs vegetables honey jams maple meat nuts plants poultry prepared soap wine coffee fruits juices pet food","https://twitter.com/WalFarmMkt","market","http://www.walthamfarmersmarket.org/","-71.2363048","42.3784677","02452"
"Ware","","Ware Farmers' Market","ma","West Street next to CVS","baked goods crafts eggs vegetables honey jams maple meat nursery plants","","market","http://www.warefarmersmarket.org","-72.25011","42.25655","01082"
"Watertown","https://www.facebook.com/watertownmarket/","Watertown Farmers Market at Arsenal on the Charles","ma","311 Arsenal Street","organic baked goods cheese flowers eggs seafood herbs vegetables honey jams maple meat nuts poultry prepared soap wine fruits grains juices pet food","","market","http://www.watertownmarket.com","-71.164724","42.363341","02472"
"Wayland","https://www.facebook.com/pages/Wayland-Summer-Farmers-Market/216269755070032","Wayland Farmers' Markets","ma","397 Boston Post Road","baked goods cheese flowers eggs seafood herbs vegetables honey jams maple meat nuts poultry prepared wine coffee beans fruits grains juices mushrooms pet food tofu","","market","http://www.russellsgardendcenter.com","-71.369613","42.363095","01778"
"Great Barrington","","Wednesday Farmers' Market","ma","94 West Avenue","","","market","http://www.thenutritioncenter.org/programs/farmers-market/vendors/","-73.3694","42.1898","01230"
"WELLESLEY","","Wellesley Farmers' Market","ma","442 Washington St (Rte 16)","organic baked goods cheese flowers eggs herbs vegetables honey jams maple nursery nuts plants prepared","","market","http://www.wellesleyfarmersmarket.com","-71.303329","42.294580","02482"
"Wellfleet","https://www.facebook.com/WellfleetFarmersMarket/","Wellfleet Farmers' Market","ma","200 Main Street","organic baked goods cheese crafts flowers eggs herbs vegetables honey jams meat plants poultry prepared soap trees coffee fruits juices mushrooms","","market","http://www.wellfleetfarmersmarket.com/","-70.027995","41.939238","02667"
"Wendell","","Wendell","ma","57 Lockes Village Road","","","market","","-72.4045","42.533",""
"West Brookfield","https://www.facebook.com/pages/West-Brookfield-Farmers-Market/101180833272025","West Brookfield Farmers Market","ma","Town Common, Junction of Rt. 67 and Rt. 9","baked goods cheese flowers eggs herbs vegetables honey jams maple meat plants poultry prepared fruits","","market","","-72.13915","42.23586","01585"
"West Newbury","","West Newbury/Laurel Grange","ma","21 Garden Street","","","market","","-70.9445","42.8092","01833"
"West Stockbridge","","West Stockbridge Farmers Market","ma","1 Harris Street, Merritt Green","baked goods cheese crafts flowers eggs herbs vegetables honey jams maple meat plants poultry prepared soap trees wine fruits juices wild","","market","http://www.WestStockbridgeFarmersMarket.org","-73.368445","42.333524","01266"
"West Tisbury","","West Tisbury","ma","Grange Hall, State Road","","","market","","-70.676","41.3801",""
"Vineyard Haven","","West Tisbury Winter Farmer's  Market","ma","Martha's Vineyard Agricultural Society Hall","","","market","","-70.6036","41.4543",""
"Westborough","www.facebook.com/Westborough.Farmers.Market","Westborough Farmers Market","ma","57 West Main Street","organic baked goods cheese crafts eggs seafood herbs vegetables jams maple meat prepared soap fruits juices pet food","","market","http://www.eatfresh01581.com","-71.615534","42.267404","01581"
"Westfield ","Westfield Farmers' Market","Westfield Farmers' Market - Winter","ma","36 Court Street","organic baked goods cheese crafts eggs herbs vegetables honey jams maple meat prepared soap wine coffee fruits mushrooms pet food wild","","market","http://westfieldfarmersmarket.net","-72.7516316","42.1196339","01085"
"Westminster","https://www.facebook.com/pages/Westminster-Farmers-Market/133750303302808?ref=hl","Westminster Farmers' Market","ma","21-33 Academy St. (Town Common)","organic baked goods crafts flowers eggs herbs vegetables honey jams maple meat plants poultry prepared soap fruits juices pet food","","market","http://www.westminstermafarmersmarket.com/","-71.906161","42.541635","01473"
"South Westport","","Westport","ma","830 Drift Road","organic baked goods flowers eggs vegetables honey jams soap coffee fruits","","market","","-71.104717","41.532740","02790"
"Westwood","","Westwood Farmers Market","ma","837 High Street","baked goods flowers eggs seafood herbs vegetables honey jams fruits","","market","http://www.townhall.westwood.ma.us","-71.224529","42.219928","02090"
"Weymouth","www.facebook.com/weymouthfarmersmarket","Weymouth Farmer's Market","ma","Corner of Commercial and Middle Street","baked goods crafts flowers seafood herbs vegetables honey prepared soap fruits pet food","twitter.com/WeyFarmersMkt","market","http://www.weymouth.ma.us/farmers-market","-70.938824","42.223363","02189"
"Wilbraham ","","wilbraham winter farmers market","ma","2301 Boston Road","baked goods crafts flowers eggs vegetables honey jams maple nuts poultry prepared soap fruits pet food","","market","","-72.4613702","42.1515647","01095"
"Williamstown","https://www.facebook.com/pages/Williamstown-Farmers-Market/134373453251471","Williamstown Farmers Market","ma","Spring Street","baked goods crafts flowers eggs herbs vegetables jams maple meat plants poultry prepared soap wine fruits","","market","http://www.williamstownfarmersmarket.org","-73.204879","42.709661","01267"
"Wilmington","https://www.facebook.com/WFMA2","Wilmington Farmers Market","ma","Middlesex Avenue and School Street","baked goods cheese crafts eggs seafood herbs vegetables jams meat prepared soap coffee fruits","https://twitter.com/WFMA2","market","http://www.wilmingtonfarmersmarket.com","-71.1675090","42.5560500","01887"
"Winchester ","winchfarmmkt","Winchester Farmers Market","ma","Larawy Rd","organic baked goods cheese crafts flowers eggs seafood herbs vegetables honey jams maple meat plants poultry prepared soap coffee fruits juices pet food","winchfarmmkt","market","http://winchesterfarmersmarket.org","-71.137946","42.452024","01890"
"Winthrop","https://www.facebook.com/WinthropFarmersMarketInc/","Winthrop Farmers' Market","ma","Pauline Street","baked goods cheese crafts vegetables jams maple prepared soap fruits","https://twitter.com/winthropmarket2","market","http://www.winthropfarmersmarket.com","-70.9850730","42.3767566","02152"
"Woburn","https://www.facebook.com/woburnfarmersmarket?ref=br_tf","Woburn Farmers Market","ma","41 Wyman Street","organic fruits","","market","http://www.woburnfarmersmarket.com","-71.159960","42.491751","01801"
"Woburn","https://www.facebook.com/woburnfarmersmarket?ref=br_tf","Woburn Indoor Farmers Market ","ma","41 Wyman Street","organic eggs fruits","","market","http://www.woburnfarmersmarket.com","-71.159933","42.491732","01801"
"Worcester","","Worcester Northeast Side Farmers Market","ma","Salem Covenant Church, 215 East Mountain Street","","","market","","-71.7757","42.318","01606"
"Worcester","","Worcester/Main South","ma","766 Main Street","organic baked goods eggs herbs vegetables honey meat nursery poultry prepared","","market","","-71.8105944444444","42.2564833333333","01613"
"Worcester","","Worcester/UMass Medical","ma","51 Lake Ave North","","","market","http://www.greaterworcesterfarmersmarkets.org","-71.7593","42.2772","01608"
