"city","facebook","name","state","street","tags","twitter","type","website","x","y","zip"
"Pueblo","https://www.facebook.com/AWrensNestFarm","A Wren's Nest Farm","co","402 S Neilson Ave","bedding plants canned preserved soap body-care","","farm","http://awrensnest.com/nest/","-104.5579487","38.2639407","81001"
"Ft. Collins","https://www.facebook.com/pages/The-Bartels-Pumpkin-Patch/137755902661","Bartels Land and Livestock Upick and Pumpkin Patch","co","3424 E. Douglas Road","fresh-vegetables","","farm","llavud@frii.com","-105.031185","40.694011","80524"
"Grand Junction","https://www.facebook.com/pages/Boltons-Orchards-and-Farm-Market/342817158274","Bolton's Orchards","co","2257 L Road","canned preserved eggs fresh-fruits fresh-vegetables","","farm","","-108.6318750","39.1768720","81505"
"Canon City","www.facebook.com/colonorchards","Colon Orchards","co","3175 Grandview Avenue","canned preserved dairy products dry beans eggs herbs fresh-fruits fresh-vegetables honey juices ciders nuts red-meat non-poultry-meat soap body-care","","farm","www.colonorchards.com","-105.185165","38.435304","81212"
"Larkspur","www.facebook.com/crookedclove","Crooked Clove Farm & Ranch LLC","co","8222 S Perry Park Rd","baked-goods canned preserved eggs herbs fresh-vegetables soap body-care","www.twitter.com/crookedclove","farm","www.crookedclove.com","-104.956008","39.241712","80118"
"Montrose","","DELYAKS","co","14679 5875 Rd","red-meat non-poultry-meat","","farm","www.yakmeat.us","-107.9906220","38.4796289","81403"
"Paonia","https://www.facebook.com/pages/Desert-Weyr-LLC/56496179294","Desert Weyr, LLC","co","16870 Garvin Mesa Road","poultry fowl red-meat non-poultry-meat","https://twitter.com/Oogiem","farm","http://www.desertweyr.com","-107.574089","38.898061","81428"
"Berthoud ","","Dottie's Garden Spot","co","22440 County Road 1","fresh-vegetables","","farm","","-105.0541790","40.3268060","80513"
"Delta","","Dragonfly Farm","co","823 1400 Lane","","","farm","dragonflychurros.com","-108.108097","38.773807","81416"
"Lakewood","https://www.facebook.com/everittfarms","Everitt Farms","co","9400 W Alameda Ave","baked-goods canned preserved crafts woodworking cut-flowers dry beans eggs fresh-vegetables grains flour honey","https://twitter.com/EverittFarms","farm","www.everittfarms.com","-105.101698","39.710797","80226"
"Denver","www.facebook.com/feeddenver","Feed Denver: Sunnyside Farm & Market","co","44th Avenue and Vallejo Street","baked-goods bedding plants canned preserved crafts woodworking cut-flowers eggs herbs fresh-fruits fresh-vegetables honey nursery-stock pet-food prepared foods wild-harvested forest-products","www.twitter.com/feeddenver","farm","www.FeedDenver.com","-105.0134837","39.7765630","80211"
"Aurora","https://www.facebook.com/pages/Fresh-Start-Family-Farms/199168826774078?ref=hl","Fresh Start Family Farms LLC.","co","23700 E 42nd Avenue","eggs","","farm","http://www.freshstartfamilyfarms.com","-104.7104899","39.7746330","80019"
"Dolores","https://facebook.com/harvestmoonproduce","Harvest Moon Produce LLC","co","28881 Road P","cut-flowers fresh-fruits fresh-vegetables","","farm","https://harvestmoonproduce.farm","-108.522003","37.421268","81323"
"Berthoud","https://www.facebook.com/HeritageLavender?ref=hl","Heritage Lavender, LLC","co","4809 Foothills Drive","baked-goods bedding plants crafts woodworking cut-flowers herbs prepared foods soap body-care","","farm","http://heritagelavender.com/","-105.163392","40.287934","80513"
"Black Forest","https://www.facebook.com/#!/pages/High-Altitude-Rhubarb-LLC/161735683855277","High Altitude Rhubarb--Organic Farm & Nursery","co","7225 Wildridge Road","fresh-vegetables honey nursery-stock","","farm","http://www.highaltituderhubarb.com","-104.692742","39.039318","80908"
"Walsenburg ","","Hugs Farm","co","616 Stout St","canned preserved herbs fresh-fruits fresh-vegetables","","farm","www.HugsFarm.weebly.com","-104.7935518","37.6300888","81089"
"Divide","","Jenkins Farm, L.L.C.","co","7093  County Road 61","eggs herbs fresh-fruits fresh-vegetables nursery-stock","","farm","","-105.169881","38.847830","80814"
"Brush","","Just What Grows Gardens","co","25641 County Road T.9","herbs fresh-vegetables nursery-stock","","farm","","-103.666797","40.275803","80723"
"Fort Collins ","https://www.facebook.com/laughingbuckfarm","Laughing Buck Farm","co","3724 North County Road 13","eggs fresh-vegetables soap body-care","","farm","www.laughingbuckfarm.com","-105.0566885","40.6404242","80524"
"MONTROSE","https://www.facebook.com/pages/Life-Cycles-Pasture/400632466741298?ref=bookmarks","Life Cycles Pasture","co","1875 Locust Rd","poultry fowl red-meat non-poultry-meat","","farm","www.lifecyclespasture.com","-107.8606070","38.4917080","81401"
"Palisade","","Morton's Organic Orchards","co","3651 E 1/2 Road","canned preserved fresh-fruits fresh-vegetables","","farm","www.mortonsorchards.com","-108.3749150","39.0835220","81526"
"Fort Collins","www.facebook.com/onthevinefarm","On the Vine at Richmond Farms Urban Market","co","W. Horsetooth and Richmond Dr","cut-flowers eggs fresh-fruits fresh-vegetables honey poultry fowl","","farm","www.onthevineatrichmondfarms.com","-105.099421","40.538248","80526"
"Henderson","https://www.facebook.com/PalomboMarket","Palombo Farms Market","co","11500 Havana Street","baked-goods canned preserved dry beans eggs fresh-fruits fresh-vegetables honey juices ciders mushrooms nuts","https://twitter.com/@palombomarket","farm","www.PalomboMarket.com","-104.8641280","39.9030356","80640"
"Cortez","PittsFamilyRanchGrassfedMilk","Pitts Family Ranch","co","15238 Rd 21","dairy products eggs poultry fowl red-meat non-poultry-meat","","farm","","-108.6622140","37.4322350","81321"
"Denver","","RoastedChile.com","co","1701 South Cherokee St","canned preserved dry beans honey nuts","","farm","Roastedchili.com","-104.991521","39.685542","80229"
"Monument","https://www.facebook.com/pages/Searle-Ranch-Grass-Fed-Beef","Searle Ranch","co","18911 Cherry Springs Ranch Dr.","","","farm","searleranch.com","-104.781932","39.107269","80132"
"Cedaredge","https://www.facebook.com/pages/Uncle-Johnnys-U-Pick-Farm/152162904866587","Uncle Johnnys UPick Farm","co","18561 Surface Creek Road","bedding plants fresh-fruits fresh-vegetables","","farm","","-107.909922","38.923679","81413"
"Penrose","","Upper Beaver Creek Ranch","co","116 Red Rock Dr.","baked-goods eggs red-meat non-poultry-meat","","farm","","-105.051367","38.534429","81240"
"Larimer","","4th Street Farmers Market","co","315 East 4th St.","","","market","http://www.4thstreetfarmersmarket.com","-105.073","40.3954",""
"Alamosa","https://www.facebook.com/pages/Alamosa-Farmers-Market/104375596315429?fref=ts","Alamosa Farmers Market","co","Corner of 6th Street and State Avenue's Municipal Parking Lot","organic baked goods cheese crafts flowers eggs herbs vegetables honey jams meat plants prepared soap beans fruits","","market","http://www.alamosafarmersmarket.org","-105.865236","37.468359","81101"
"Grand Junction","","American National Bank Downtown Farmers Market Festival","co","5th and Rood Avenue","","","market","","-108.564","39.0682",""
"Arvada","https://www.facebook.com/arvadafarmersmarket","Arvada Farmers Market","co","57th St. & Olde Wadsworth St.","baked goods cheese eggs herbs vegetables honey jams meat poultry prepared soap fruits","","market","http://www.arvadafarmersmarket.com","-105.081455","39.800138","80002"
"Arvada","https://www.facebook.com/pages/Arvada-Five-Parks-Farmers-Market/469569033116556","Arvada Five Parks Farmers Market","co","13810 W. 85th Dr.","","","market","http://www.arvadafiveparksfarmersmarket.blogspot.com/","-105.155","39.8488","80005"
"Littleton","https://www.facebook.com/denverfarmersmarket","Aspen Grove Farmers' Market","co","7301 S Santa Fe Dr","organic baked goods cheese crafts eggs seafood herbs vegetables honey jams maple meat nuts plants poultry prepared soap wine coffee fruits grains juices mushrooms wild","","market","http://www.denverfarmersmarket.com","-105.025219","39.585505","80120"
"Aspen","","Aspen Saturday Market","co","East Hopkins and South Hunter","","","market","","-106.817","39.1894","81611"
"Basalt","","Basalt Sunday Market","co","Lion's Park and Midland Spur Rd.","","","market","http://www.basaltsundaymarket.com","-107.036","39.3688",""
"Bayfield","","Bayfield Downtown Farmers Market","co","Mill Street at Joe Stephenson Park","baked goods cheese crafts flowers eggs herbs vegetables honey jams meat plants prepared soap coffee fruits juices","","market","http://Bayfielddowntownfarmersmarket.org","-107.602898","37.225579","81122"
"Fort Collins","","Be Local Winter Farmer's Market","co","Opera Galleria 123 N College Ave","","","market","http://www.belocalnc.org/","-105.078","40.5878","80521"
"Lakewood","https://www.facebook.com/pages/Colorado-Fresh-Markets/110945278932210","Belmar Fresh Market","co","Wadsworth & Alameda","organic baked goods cheese crafts flowers eggs seafood herbs vegetables honey jams maple meat nuts plants poultry prepared soap wine coffee beans fruits grains juices mushrooms pet food tofu wild","","market","http://www.coloradofreshmarkets.com/","-105.0813552","39.7111007",""
"Berthoud","facebook.com/berthoudlocal","Berthoud Local Farmers Market","co","620 Mountin Ave.","baked goods cheese crafts flowers eggs herbs vegetables honey jams meat nuts poultry prepared soap coffee fruits pet food","","market","http://berthoudlocal.org","-105.082636","40.305329","80513"
"Black Forest","","Black Forest Farmers Market","co","11480 Forest Rd.","","","market","","-104.701","38.9977",""
"Longmont","https://www.facebook.com/BoulderCountyFarmersMarkets","Boulder County Farmers' Market - Longmont & Boulder","co","9595 Nelson rd","organic baked goods cheese crafts flowers eggs herbs vegetables honey jams meat nursery plants poultry prepared soap trees wine","https://twitter.com/BCFMarkets","market","http://www.boulderfarmers.org","-105.1286563","40.1534817","80501"
"Boulder","www.facebook.com/Boulder-Farmers-Market-512016698971120","Boulder Farmers Market ","co","Canyon Boulevard and 13th Street ","organic baked goods cheese crafts flowers eggs seafood herbs vegetables honey jams meat nuts plants prepared soap wine coffee beans fruits grains juices mushrooms","www.twitter.com/bldrfarmersmkt","market","http://www.bcfm.org","-105.277638","40.015245","80302"
"Colorado Springs","","Briargate Farmers Market","co","7610 N Union","baked goods cheese crafts eggs herbs vegetables honey jams meat plants poultry prepared soap coffee fruits pet food","","market","http://www.springsfarmersmarket.com","-104.840856","38.824673","80920"
"Brighton","","Brighton Downtown Saturday Market","co","91 North Main Street","","","market","","-104.821","39.9879",""
"Colorado Springs","","Broadmoor Farmers Market","co","315 Lake Ave","organic baked goods cheese crafts eggs seafood herbs vegetables honey jams meat poultry prepared soap trees coffee fruits pet food","","market","http://www.springsfarmersmarket.com","-104.8336186","38.7946126","80906"
"Broomfield","www.facebook.com/Broomfield-Farmers-Market-at-Holy-Comforter-205491972824879/","Broomfield Farmers Market at Holy Comforter Episcopal Church","co","1700 W 10th Ave","organic baked goods flowers eggs herbs vegetables honey jams meat plants poultry prepared soap wine beans fruits grains mushrooms","","market","http://www.holycomforterchurch.net/broomfield-farmers-market/","-105.090062","39.928470","80020"
"Brush","","Brush Farmers Market","co","1302 W Edison St.","baked goods crafts flowers herbs vegetables honey jams fruits","","market","http://www.brushchamber.org","-103.6352521","40.2549432","80723"
"Buena Vista","","Buena Vista Farmers Market","co","US-24 and W Main St","","","market","","-106.133","38.8418",""
"Canon City","canoncityfarmersmarket","Canon City Farmers Market","co","211 South 3rd Street","baked goods crafts flowers eggs herbs vegetables honey jams maple meat nuts plants prepared soap coffee beans fruits grains","","market","http://canoncityfarmersmarket.com","-105.43965","38.4729666","81212"
"Carbondale","","Carbondale Farmers Market","co","4th and Main St","organic baked goods crafts flowers eggs seafood herbs vegetables jams meat prepared soap wine","","market","http://www.carbondalefarmersmarket.com/","-107.211263","39.400039","81623"
"Castle Rock","","Castle Rock Farmers Market, aka Plum Creek Valley Farmers Market","co","3rd Sreet and Wilcox ","organic baked goods cheese flowers eggs herbs vegetables honey jams meat plants poultry prepared soap wine coffee fruits grains juices pet food wild","","market","http://www.douglascountyextension.org","-104.8600299","39.3722755","80104"
"Buena Vista","https://www.facebook.com/pages/Central-Colorado-Foodshed-Alliance/148961155114184","CCFA Buena Vista Farmers Market ","co","409 E. Main","baked goods crafts flowers eggs herbs vegetables honey jams nuts plants prepared soap coffee fruits grains juices wild","","market","","-106.129207","38.842674","81211"
"Salida","https://www.facebook.com/pages/Central-Colorado-Foodshed-Alliance/148961155114184","CCFA Salida Farmers Market ","co","5th and E street","baked goods cheese crafts flowers eggs herbs vegetables honey jams meat nuts plants prepared soap coffee fruits grains juices wild","","market","","-105.994120","38.532657","81201"
"Colorado Springs","","Chapel Hill Mall Farmers' Market","co","1710 Briargate Blvd.","","","market","","-104.796","38.9454",""
"Denver","Colorado Fresh Markets","Cherry Creek Fresh Market","co","","organic baked goods flowers eggs herbs vegetables honey jams meat plants prepared soap coffee fruits juices mushrooms","ColoradoFreshMarkets@COfreshmarkets","market","http://coloradofreshmarkets.com","-104.958827","39.717708",""
"Bayfield ","","Chimney Rock Farms ","co","500 County Road 175","","","market","http://www.chimneyrockfarms.com/","-107.342","37.223","81122"
"Evans ","https://www.facebook.com/cityofevans","City of Evans Farmers Market","co","","","","market","http://www.evanscolorado.gov","-104.6921874","40.3763701",""
"Loveland","https://www.facebook.com/cityoflovelandfarmersmarket","City of Loveland Farmers Market","co","700 S. Railroad","organic baked goods cheese crafts flowers eggs herbs vegetables honey jams maple meat plants poultry prepared soap wine coffee beans fruits grains mushrooms pet food wild","https://twitter.com/NoCOFarmersMrkt","market","http://www.cityofloveland.org/farmersmarket","-105.078491","40.387536","80537"
"Denver ","Colorado Fresh Markets","City Park Esplanade Fresh Market","co","","organic baked goods flowers eggs herbs vegetables honey jams meat plants prepared soap coffee fruits juices","ColoradoFreshMarkets@COfreshmarkets","market","http://coloradofreshmarkets.com","-104.956863","39.740870",""
"Colorado Springs","https://www.facebook.com/farmandartmarket","Colorado Farm and Art Market","co","215 S. Tejon","baked goods cheese crafts flowers eggs seafood herbs vegetables jams meat poultry prepared soap coffee beans fruits juices tofu","https://twitter.com/cofarmartmarket","market","http://www.farmandartmarket.com","-104.822309","38.830543","80903"
"Colorado Springs","https://www.facebook.com/farmandartmarket","Colorado Farm and Art Market","co","7350 Pine Creek Road","baked goods cheese crafts flowers eggs seafood herbs vegetables honey jams meat plants poultry prepared soap wine coffee beans fruits juices pet food","https://twitter.com/cofarmartmarket","market","http://www.farmandartmarket.com","-104.8146880","38.9377160","80919"
"Conifer","https://www.facebook.com/ConiferFarmersMarket","Conifer Farmers Market","co","25557 Conifer Rd","baked goods crafts eggs herbs vegetables honey jams prepared soap fruits juices mushrooms pet food wild","","market","http://www.conifersummermarket.com","-105.2872435","39.5445624","80433"
"Cortez","https://www.facebook.com/groups/265957719169/admins/?order=default","Cortez Farmers Market","co","Main and Elm Streets","baked goods crafts flowers eggs herbs vegetables honey jams meat plants poultry prepared soap coffee beans fruits","","market","http://www.cortezfarmmarket.com","-108.587634","37.348444","81321"
"Cotopaxi","","Cotopaxi Farmers Market ","co","20326 U.S. Hwy 50 Cotopaxi Community Church","","","market","http://www.localharvest.org/cotopaxi-farmers-market-M57956","-105.682","38.3728","81223"
"Craig","","Craig Farmers' Market","co","Alice Pleasant Park","","","market","","-107.546","40.5152",""
"Crested Butte","","Crested Butte Farmers Market","co","202 Elk Ave #8","organic baked goods cheese crafts flowers eggs seafood herbs vegetables honey jams meat nursery plants poultry prepared soap wine","","market","http://www.cbfarmersmarket.org","-106.9874825","38.8697550","81224"
"Wheat Ridge ","https://www.facebook.com/CAAFCM/","Crossroads Artisan And Farmers Community Market","co","9725 W. 50th Ave.","organic baked goods cheese crafts flowers eggs vegetables honey jams meat plants poultry prepared soap trees wine coffee fruits juices","","market","","-105.1066920","39.7884050","80033"
"Denver","","Denver Urban Homesteading Farmers Market","co","200 Santa Fe Drive","organic baked goods cheese flowers eggs seafood herbs vegetables honey jams maple meat nuts plants poultry prepared soap wine coffee beans fruits grains juices mushrooms pet food","","market","http://www.denverurbanhomesteading.com","-104.998287","39.719549","80223"
"Dillon","https://www.facebook.com/pages/Pulaski-County-Farmers-Market/126926763989161","Dillon Farmers' Market","co","Buffalo Street","baked goods cheese crafts flowers seafood herbs vegetables honey jams maple meat nuts plants prepared soap","","market","","-105.548","38.9973","80435"
"Colorado Springs","","Doherty High School Farmers Market","co","4515 Barnes Rd.","","","market","","-104.744","38.8946",""
"Dove Creek","https://www.facebook.com/DoloresCountyFarmersMarket/","Dolores County Farmers Market","co","390 Main Street","baked goods flowers eggs herbs vegetables honey jams plants soap coffee beans fruits wild","","market","http://www.dovecreekfood.org","-108.903587","37.764836","81324"
"Mead ","https://www.facebook.com/pages/Downtown-Mead-Farmers-Market/869282329791286","Downtown Mead Farmers' Market","co","P.O. Box 55","organic baked goods cheese crafts flowers eggs herbs vegetables honey jams nuts plants prepared soap wine coffee fruits grains mushrooms","","market","","-104.988845","40.229627","80542"
"Fort Collins","https://www.facebook.com/DrakeRoadFarmersMarket/","Drake Road Farmers' Market, LLC","co","802 W. Drake Road","baked goods crafts eggs herbs vegetables honey jams meat plants poultry prepared soap wine coffee fruits","","market","http://www.drakeroadfarmersmarket.com/","-105.090755","40.552934","80526"
"Durango","https://www.facebook.com/durangofarmersmarket/","Durango Farmers Market","co","259 W 9th Street","organic baked goods cheese crafts flowers eggs seafood herbs vegetables honey jams meat plants poultry prepared soap trees coffee beans fruits grains juices mushrooms wild","","market","http://www.durangofarmersmarket.com/","-107.882758","37.273063","81301"
"Eagle","","Eagle Eye Flea and Farmers' Market","co","Eagle County Fairgrounds","","","market","","-106.834","39.6546",""
"Rifle","","Eagle Springs Organic Farmer's Market at Eagle Springs Crossing","co","1733 Railroad Ave","organic baked goods crafts eggs herbs vegetables meat plants poultry prepared wine fruits","","market","http://www.eaglespringsorganic.com","-107.784791","39.546808","81650"
"Edwards","","Edwards CO Farmers' Market","co","Edwards Corner","organic baked goods seafood vegetables honey jams maple meat nuts prepared soap coffee fruits grains juices mushrooms tofu wild","","market","http://www.edwardsfarmersmarket.com","-106.594119","39.644032","81632"
"Elizabeth","","Elizabeth Farmers Market","co","165 S Main Street","baked goods cheese crafts eggs herbs vegetables honey prepared soap fruits","","market","http://www.townofelizabeth.org","-104.595551","39.361195","80107"
"Erie","","Erie Farmers' Market","co","515 Briggs St","organic baked goods crafts flowers herbs vegetables honey jams meat nursery nuts plants prepared soap","","market","http://www.naturespointmarkets.com","-105.0474201","40.0491741","80516"
"Estes Park","https://www.facebook.com/EstesValleyFarmersMarket","Estes Valley Farmers Market","co","1209 Manford Ave.","","","market","","-105.502","40.3716",""
"Pueblo","","Evening Farmer's Market on the Riverwalk","co","101 S. Union Ave","","","market","http://www.puebloharp.com","-104.613","38.2651","81003"
"Evergreen","","Evergreen Farmers Market at Bergen Village","co","The Bergan Village Shopping Center","baked goods cheese crafts flowers eggs seafood herbs vegetables honey jams maple meat plants poultry prepared soap coffee beans fruits juices pet food","","market","http://www.coloradooutdoormarkets.com","-105.3172146","39.6333213","80435"
"Denver","","Fairview Elementary Youth Farmers' Market","co","2715 W. 11th Ave","flowers herbs vegetables plants","","market","http://www.dug.org","-105.021583","39.734147","80204"
"Grand Junction","","Farm and Ranch Market (FARM)","co","28th & North Avenue","","","market","","-108.534","39.0774",""
"Bennett ","https://www.facebook.com/FarmersAndArtisanMarketInBennett","Farmers & Artisans Community Market","co","433 South 1st Street","baked goods crafts eggs herbs vegetables honey jams plants prepared soap coffee fruits","","market","http://farmersandartisansmarket.com/index.htm","-104.433355","39.759025","80102"
"Pueblo","","Farmers Market of Pueblo","co","1000 West 6th Street","","","market","","-104.621","38.2721",""
"Colorado Springs","https://www.facebook.com/MillerFarmsCO?ref=ts&v=wall","First & Main Town Center Mall Farmers Market","co","3650 New Center Point","baked goods cheese crafts eggs seafood vegetables honey jams meat poultry soap wine fruits mushrooms pet food","","market","http://www.millerfarms.net","-104.718913","38.880639","80922"
"Florence","","Florence Farmers Market","co","Pioneer park, corner of pikes peak and 3rd street","organic baked goods crafts flowers eggs herbs vegetables honey jams meat plants prepared soap trees coffee fruits","","market","","-105.116544","38.392481","81226"
"Fort Collins","https://www.facebook.com/pages/Fort-Collins-Farmers-Market-sponsored-by-CAMC/434286586584679?ref=ts&fref=ts","Fort Collins Farmers Market","co","1001 East Harmony Rd","organic baked goods cheese flowers eggs seafood herbs vegetables honey jams meat plants soap coffee beans fruits juices mushrooms pet food","","market","http://www.fortcollinsfm.com/","-105.059691","40.522309","80525"
"FOUNTAIN","","Fountain Farmers Market - City Hall","co","116 S. MAIN STREET","organic baked goods cheese crafts eggs herbs vegetables honey jams meat nuts plants prepared soap coffee beans fruits","","market","","-104.700367","38.682700","80817"
"Wheat Ridge","https://www.facebook.com/fourseasonsfam/","Four Seasons Farmers and Artisans Market","co","7043 W. 38th Ave.","baked goods cheese crafts flowers eggs herbs vegetables honey jams meat plants poultry prepared soap coffee beans grains juices mushrooms pet food","","market","http://www.fourseasonsfam.com/wordpress/","-105.0752471","39.7699040","80033"
"Frederick","https://www.facebook.com/townoffrederick","Frederick Market","co","105 5th Street","baked goods crafts eggs vegetables honey jams meat soap trees coffee fruits","https://twitter.com/townoffrederick","market","http://www.frederickco.gov/frederickmarket","-104.9412813","40.0986653","80530"
"Las Animas","","Fresh Picked by Kids Farmers Market","co","701 Park Ave.","","","market","","-103.237","38.0658",""
"Fruita","https://www.facebook.com/pages/Fruita-Farmers-Market/117113465125654","Fruita Farmers Market","co","Civic Center Park","organic baked goods cheese crafts flowers eggs herbs vegetables honey jams meat nuts plants prepared soap fruits","","market","http://www.fruitafarmersmarket.com","-108.7289882","39.1588696","81521"
"Eaton","","Garden of Eaton Farmers Market","co","Hwy 85","","","market","","-104.712","40.5301","80615"
"Gardner","","Gardner Farmer & Craft Market","co","Pavilion @ Methodist Church","baked goods cheese crafts flowers eggs herbs vegetables honey plants prepared soap trees fruits juices mushrooms","","market","","-105.1655542","37.7833397","81040"
"Georgetown","","Georgetown Farmers Market","co","7th St. & Rose St.","","","market","","-105.697","39.7069",""
"Glenwood Springs","https://www.facebook.com/GlenwoodSpringsFarmersMarket","Glenwood Farmers Market","co","1412 Grand Avenue","baked goods cheese crafts flowers seafood herbs vegetables honey jams maple meat plants poultry prepared soap fruits","","market","","-107.324839","39.538067","81601"
"Glenwood Springs","https://www.facebook.com/glenwoodmarket?ref=hl","Glenwood's  Downtown Market","co","Centennial Park,  9th and Grand Avenue","baked goods crafts flowers eggs seafood vegetables honey jams meat prepared soap wine fruits","","market","http://www.glenwoodmarket.com","-107.324584","39.545580","81601"
"Golden","https://www.facebook.com/goldenfarmersmarket","Golden Farmers Market","co","10th Avenue & Illinois Street","organic baked goods cheese flowers eggs seafood herbs vegetables honey jams maple meat nuts plants poultry prepared soap wine coffee fruits juices pet food","","market","http://www.goldenfarmersmarket.org","-105.226","39.7554","80401"
"Granby","","Granby Farmers Market","co","366 E. Agate Ave.","","","market","http://www.granbychamber.com","-105.937","40.0849","80446"
"Grand","","Grand Park Farmers Market","co","46 Market St.","","","market","","-105.79","39.9301",""
"Greeley","https://www.facebook.com/greeleyfarmersmarket","Greeley Farmers Market ","co","902 7th Avenue","baked goods crafts honey jams meat plants poultry prepared soap wine coffee mushrooms","","market","http://www.greeleygov.com/fm","-104.688547","40.423138","80631"
"Greeley","https://www.facebook.com/greeleyfarmersmarket","Greeley Winter Market","co","715 10th Street","baked goods cheese eggs herbs vegetables honey jams meat poultry prepared soap coffee mushrooms","","market","http://www.greeleygov.com/fm","-104.689927","40.422715","80631"
"Fort Collins","","Gulley Greenhouse Farmers' Market","co","6029 S. Shields","","","market","http://www.gulleygreenhouse.com","-105.097","40.5015",""
"Gunnison","https://www.facebook.com/pages/Gunnison-Farmers-Market/132413843443126","Gunnison Farmers Market","co","East Virginia","organic baked goods cheese crafts flowers eggs herbs vegetables honey jams meat plants poultry prepared soap wine coffee fruits juices wild","","market","http://www.gunnisonfarmersmarket.com","-106.9264","38.54562","81230"
"Denver","","Highland Farmers Market","co","1500 Boulder Street","organic baked goods cheese flowers eggs seafood herbs vegetables honey jams meat nursery nuts poultry prepared soap wine","","market","http://www.denverhighland.org","-105.011230","39.758540","80211"
"Denver","","Highland United Neighbors Farmers' Market","co","970 S. Pearl","","","market","http://www.denverhighland.orgorwww.HobNobEvents.com","-104.98","39.6989",""
"Highlands Ranch","","Highlands Ranch Farmers' Market","co","9288 Dorchester St","organic baked goods cheese crafts eggs seafood herbs vegetables honey jams maple meat nuts plants prepared soap trees wine coffee fruits grains juices mushrooms pet food wild","","market","http://www.denverfarmersmarket.com","-104.999648","39.547082","80129"
"Hotchkiss","","Hotchkiss Farmers' Market","co","Creamery Arts Center","","","market","http://www.northforkarts.org/","-107.722","38.7989",""
"Idaho Springs","","Idaho Springs Chamber Of Commerce Farmers Market","co","","","","market","","-105.51","39.7428",""
"Indian Hills","https://www.facebook.com/IndianHillsFarmersMarket","Indian Hills Farmer's Market ","co","5381 Parmalee Gulch","","","market","","-105.241","39.62","80454"
"Lafayette","","Jax Farmer's Market in Lafayette ","co","400 W. South Boulder Road","","","market","http://www.localharvest.org/jax-farmers-market-in-lafayette-M57880","-105.094","39.9869","80026"
"Milliken","","Johnstown Milliken Farmer's Market","co","Broad Street and Francis St.","baked goods crafts flowers vegetables honey plants prepared soap juices wild","","market","http://www.johnstownmillikenchamber.com","-104.8544857","40.3301322","80543"
"Johnstown","","Johnstown Milliken Farmer's Market","co","Charlotte St. and Parish Ave.","baked goods crafts flowers vegetables honey jams plants prepared soap juices mushrooms","","market","http://www.johnstownmillikenchamber.com","-104.8544857","40.3301322","80534"
"Lafayette","","Lafayette Farmers' Market","co","355 W South Boulder Rd","organic crafts flowers eggs herbs vegetables honey jams meat nursery nuts plants prepared soap trees","","market","http://www.naturespointmarkets.com","-105.093970","39.987182","80026"
"Lakewood","","Lakewood Farmers Market","co","9077 W Alameda Ave","organic baked goods crafts eggs vegetables honey jams soap coffee fruits grains","","market","http://denverfarmersmarket.com","-105.099496","39.711429","80226"
"Denver","Colorado Fresh Markets","Landmark Greenwood Village Fresh Market","co","","organic baked goods eggs vegetables honey jams prepared coffee fruits juices","ColoradoFreshMarkets@COfreshmarkets","market","http://coloradofreshmarkets.com","-104.899871","39.617518",""
"Fort Collins","https://www.facebook.com/larimercountyfarmersmarket","Larimer County Farmers' Market","co","200 W. Oak Street","organic baked goods cheese crafts flowers eggs herbs vegetables honey jams meat plants poultry prepared soap wine coffee beans fruits juices mushrooms pet food tofu","https://twitter.com/larimercountyfm","market","http://www.larimercountyfarmersmarket.org","-105.079950","40.586187","80521"
"Thornton","","Larkridge Farmers' Market","co","I-25 & Hwy. 7 at Larkridge Retail Center","","","market","","-104.972","39.868",""
"Colorado Springs","","Liberty Heights Farmers' Market","co","12105 Ambasador Dr.","","","market","http://www.monumentfarmersmarket.com","-104.796","39.0044",""
"Basalt","","Lion's Park and Midland Spur Rd.","co","","","","market","http://www.basaltsundaymarket.com","-105.676","37.4107",""
"Lone Tree","","Lonetree Farmers Market","co","Yosemite & Maximus","","","market","http://www.laughingdogfarms.net/tricounty.asp","-104.885","39.5547",""
"Louisville","","Louisville Farmers Market","co","824 Front Street","organic baked goods cheese crafts flowers eggs seafood herbs vegetables honey jams maple meat plants poultry prepared soap wine coffee fruits grains juices mushrooms pet food","","market","http://www.farmersmarketlouis.com","-105.1306795","39.9783836","80027"
"Loveland","https://www.facebook.com/pages/Fort-Collins-Farmers-Market-sponsored-by-CAMC/434286586584679?ref=ts&fref=ts","Loveland Farmers' Market","co","3133 N. Garfield","baked goods flowers vegetables honey jams plants soap fruits juices","","market","http://www.fortcollinsfm.com/","-105.0792245","40.4252668","80538"
"Lowery","","Lowery Hanger 2 Farmers Market","co","","","","market","http://www.hangar2lowry.com/index.cfm?PID=1452&ID=6994,27176,0","-104.897","39.722",""
"Denver","https://www.facebook.com/LowryFarmersMarket","Lowry Farmers' Market","co","7581 East Academy Blvd.","baked goods crafts flowers herbs vegetables honey jams plants prepared fruits","","market","http://www.hangar2lowry.com","-104.8969534","39.7190269","80230"
"Las Animas","","Made in Bent Market","co","Bent County Fair Grounds- West Hwy 50","eggs vegetables honey meat prepared","","market","","-103.236294","38.064801","81054"
"Steamboat Springs","","Main Street Farmers' Market","co","Lincoln Ave. on 6th St.","","","market","http://www.mainstreetsteamboatsprings.com","-106.832","40.4849",""
"Mancos","","Mancos Farmer's Market","co","178 E. Frontage Rd.","","","market","http://www.mancoscolorado.com","-108.288","37.3479","81328"
"Manitou Springs","Facebook at Manitou Community Market ","Manitou Community Market","co","","baked goods crafts eggs herbs vegetables jams soap coffee fruits","","market","http://www.manitoucommunitymarket.org","-104.912813","38.858322","80829"
"Arvada","","Market at Echter’s Garden Center","co"," 5150 Garrison St","","","market","http://www.arvadafarmersmarket.com/","-105.1","39.7897",""
"Mountain Village","","Market on the Plaza","co","","baked goods crafts eggs herbs vegetables honey jams maple meat prepared soap fruits","","market","http://www.townofmountainvillage.com/market","-107.846111","37.936908","81435"
"Meeker","https://m.facebook.com/meekerfarmersmarket/","Meeker Farmers Market","co","Main Street","baked goods crafts flowers eggs vegetables honey soap coffee fruits","","market","","-107.9192204","40.0363831","81641"
"Colorado Springs","","Memorial Park Farmers Market","co","Union Blvd. & Pikes Peak Ave.","","","market","","-104.795","38.833",""
"Littleton","https://www.facebook.com/denverfarmersmarket","Metro Denver Farmers' Market","co","6905 S Broadway","organic baked goods flowers seafood herbs vegetables honey jams meat nuts plants prepared soap wine fruits grains juices pet food","","market","http://www.denverfarmersmarket.com/","-104.989168","39.591409","80122"
"Henderson","","Mile High Flea Market","co","7007 E. 88th Ave.","crafts flowers honey jams plants","","market","http://www.milehighfleamarket.com","-104.904494","39.858900","80640"
"Monte Vista ","Monts Vista Farmers Market","Monte Vista Farmers Market","co","1st and Jefferson","organic baked goods crafts vegetables jams meat soap fruits","","market","","-106.145805","37.580140","81144"
"Montrose ","https://m.facebook.com/MontroseFarmersMarket/","Montrose Farmers Market - Summer","co","S. Uncompahgre and S. 1st Street","baked goods cheese crafts flowers eggs herbs vegetables honey jams meat nuts plants poultry prepared soap trees coffee beans fruits grains juices mushrooms pet food","","market","http://montrosefarmersmarket.weebly.com/","-107.874269","38.479423","81401"
"monument","","Monument Hill Farmers' Market","co","66 Jefferson st","organic cheese crafts flowers eggs seafood herbs vegetables honey jams meat plants poultry prepared soap trees coffee fruits pet food","","market","http://www.springsfarmersmarket.com","-104.840856","38.824673","80132"
"Niwot","","Niwot Farmers Market","co","7980 Niwot Rd","baked goods crafts flowers herbs vegetables honey meat plants prepared soap","","market","http://www.niwotfarmersmarket.com","-105.169","40.1011","80503"
"Fort Collins ","facebook.com/focowinterfarmersmarket","NoCo Food Cluster Winter Farmers' Market","co","123 N College Ave","organic baked goods cheese crafts flowers eggs seafood herbs vegetables honey jams meat nuts poultry prepared soap wine coffee beans fruits grains mushrooms pet food tofu wild","@nocofoodcluster","market","http://www.nocofoodcluster.com/winter-markets/","-105.0775856","40.5878275","80524"
"Denver","","Northfield Farmers' Market","co","I-70 & Quebec","","","market","http://www.tricountyfarrmersmarket.com","-104.903","39.7402",""
"Northglenn","","Northglenn Mall Farmers market","co","104th & I-25 Northglenn Mall","baked goods cheese crafts eggs vegetables honey jams meat poultry soap fruits","","market","http://www.millerfarms.net","-104.991182","39.889155","80035"
"Norwood ","Norwood Farm and Craft market","Norwood Farm & Craft Market-Summer","co","Grand Ave and Lucerne St","baked goods crafts eggs herbs vegetables honey jams meat plants prepared soap fruits","","market","http://www.norwoodfarmmarket.org","-108.2895601","38.1307641","81423"
"Colorado Springs","","Old Colorado City Farmers Market","co","24th St. & W. Colorado Ave.","","","market","","-104.861","38.8463",""
"Ouray","","Ouray Farmers' Market","co","Ouray Elks Centennial Park","","","market","http://www.ourayfarmersmarket.org","-107.672","38.022",""
"Pagosa Springs","https://www.facebook.com/pages/Pagosa-Farmers-Market/550120111676611","Pagosa Farmers Market","co","2435 Eagle Drive","organic fruits","","market","http://www.sospagosa.org","-107.050777","37.269455","81147"
"Monument","","Palmer Lake Farmers' Market","co","Hwy. 105 at the Gazebo on the Lake","","","market","http://www.monumentfarmersmarket.com","-104.877","39.0993",""
"Parker","","Parker Farmers Market","co","Downtown Parker","","","market","http://www.laughingdogfarms.net/tricounty.asp","-104.784","39.5355",""
"Parker","","Parkerfest","co","Victoria Drive & Victorian","","","market","http://www.parkerfest.com","-104.761","39.5186",""
"Collbran","","Plateau Valley Farmers Market","co","2003 Main Street","baked goods crafts flowers eggs herbs vegetables honey jams meat plants soap coffee fruits","","market","","-107.962277","39.238943","81624"
"Pueblo","","Pueblo Farmers' Marketeers","co","4 St. & Midtown","","","market","","-104.62","38.2704",""
"Fountain","","Rancho Farm & Art market","co","8165 Indian Village Hts","baked goods cheese crafts eggs herbs vegetables honey jams plants soap fruits","","market","http://www.Ranchofarmnartmkt.com","-104.6747807","38.5349209","80817"
"Ridgway","","Ridgway Farmers Market","co","","","","market","","-107.749","38.1518",""
"Rifle","https://www.facebook.com/RifleCentennialConcertSeriesAndMarket","Rifle Centennial Market ","co","Centennial Park 300 West 5th Street","","","market","http://www.rifleco.org/","-107.786","39.5349","81650"
"Steamboat Springs","","Routt County Farmers Market","co","Art in the Park","","","market","","-106.831","40.4845",""
"Silverthorne","","Silverthorne Farmers Market","co","400 Blue River Parkway","baked goods herbs vegetables jams fruits","","market","http://www.millerfarms.net","-106.074352","39.633002","80498"
"South Fork","south fork farmers market","South Fork Farmers and Local Artisan Market","co","28 Silver Thread Lane","organic baked goods cheese crafts eggs vegetables honey jams nuts soap fruits","","market","http://www.southforkfarmersmarket.com","-106.6429513","37.6690308","81154"
"Denver","","South Pearl Street Farmers' Market","co","1500 S. Pearl Street","organic baked goods cheese flowers eggs seafood herbs vegetables honey jams meat nursery nuts poultry prepared soap wine","","market","http://www.southpearlstreet.com","-104.980470","39.688456","80210"
"Oak Creek","www.facebook.com/OakCreekParks&RecDept/","South Routt Community Market","co","Downtown Oak Creek","","","market","http://www.townofoakcreek.com","-106.9602779","40.2764181","80467"
"Aurora","https://www.facebook.com/shopsouthlands","Southlands Farmer's Market ","co","Smoky Hill Road and E470","","","market","http://www.shopsouthlands.com/news/farmers-market-coming-may-12th/2129978513","-104.77","39.6185","80013"
"Littleton","","Southwest Plaza Farmers Market","co","8501 W. Bowles Ave.","organic baked goods cheese crafts flowers eggs seafood herbs vegetables honey jams maple meat plants poultry prepared soap trees wine coffee fruits grains juices mushrooms pet food wild","","market","http://www.denverfarmersmarket.com","-105.092671","39.610856","80120"
"Walsenburg","Spanish Peaks Farm Stand","Spanish Peaks Farm Stand","co","23500 US Hwy 160","vegetables fruits","","market","","-104.831846","37.600391","81089"
"Denver","Colorado Fresh Markets","Stapleton Fresh Market","co","","organic baked goods vegetables honey jams meat plants prepared soap coffee fruits","ColoradoFreshMarkets@COfreshmarkets","market","http://coloradofreshmarkets.com","-104.899743","39.758043",""
"Timnath","Facebook.com/COFeedGrain","Sunday Market on Main Street","co","4138 Main St, Unit A","baked goods cheese crafts flowers eggs herbs vegetables honey jams meat nuts poultry prepared soap wine coffee beans fruits grains juices pet food","","market","http://www.ColoradoFeedAndGrain.com/SundayMarket","-104.981878","40.529078","80547"
"Telluride","https://www.facebook.com/thetelluridefarmersmarket/?modal=admin_todo_tour","Telluride Farmers' Market","co","South Oak St","organic baked goods crafts flowers eggs seafood herbs vegetables honey jams meat plants poultry prepared soap coffee fruits juices mushrooms tofu wild","","market","http://www.thetelluridefarmersmarket.com","-107.8130860","37.9368430","81435"
"Creede","www.facebook.com/creedefarmersmarket","The Creede Farmers and Local Artisan Market","co","001 - 1st Street","organic baked goods cheese crafts flowers eggs herbs vegetables jams meat prepared soap fruits grains mushrooms","www.twitter.com/creedemarket","market","http://www.creedefarmersmarket.com","-106.926949","37.852344","81130"
"Pueblo","","The Main Event and Farmers' Market","co","Historic Arkansas Riverwalk","","","market","http://www.puebloharp.com/#/","-104.61","38.268",""
"Monument","","The Market at Sundance Mountain Lodge","co","1865 Woodmoor Dr.","","","market","http://www.monumentfarmersmarket.com","-104.861","39.097",""
"Minturn","","The Minturn Market","co","Historic Downtown Minturn","baked goods crafts flowers seafood vegetables honey jams maple nursery plants prepared soap trees wine","","market","http://www.minturnmarket.org","-106.4315","39.58839","81645"
"Westminster ","https://facebook.com/orchardfarmersmarket/","The Orchard Farmers Market","co","14697 Delaware St","baked goods cheese crafts vegetables honey jams meat nuts soap fruits","","market","","-104.992071","39.961115","80023"
"Westminister","","The Orchards Farmers' Market","co","I-25 & 144th Ave.","","","market","http://www.tricountyfarmersmarket.com","-104.992","39.9569",""
"Denver","","The Osage Mercado","co","1001 Osage Street","","","market","http://www.osagemercado.org","-105.006","39.7328","80204"
"Centennial ","","The Victory Market on South University ","co","6400 S. University ","baked goods cheese crafts flowers seafood herbs vegetables honey jams maple meat plants poultry prepared soap coffee fruits juices pet food","","market","http://www.coloradooutdoormarkets.com","-104.9580770","39.6018470","80121"
"Denver","","Tiri's Garden Farmers' Market","co","1522 California St.","","","market","http://www.concertforkids.org","-104.992","39.7443",""
"Mancos","","Town Of Mancos Farmers' Market","co","117 N. Main","","","market","http://www.mancoscolorado.com","-108.289","37.3451",""
"Trinidad","Trinidad Community Farmers Market ","Trinidad Community Farmers Market ","co","Cimino Park , Modica Drive and Convent St ","organic baked goods cheese crafts flowers eggs herbs vegetables honey jams plants prepared soap coffee beans fruits mushrooms wild","","market","http://Trinidadfarmersmarket.com","-104.5047614","37.1656945","81082"
"Colorado Springs","https://www.facebook.com/MillerFarmsCO?ref=ts&v=wall","University Village Colorado Farmers Market","co","4880-5342 North Nevada Avenue","baked goods crafts seafood vegetables honey jams meat poultry prepared soap fruits","","market","http://www.millerfarms.net","-104.817274","38.906163","80918"
"Vail","https://www.facebook.com/pages/Vail-Farmers-Market-and-Art-Show","Vail Farmers Market ","co","Meadow Dr.","organic baked goods cheese crafts flowers eggs seafood herbs vegetables honey jams maple meat plants poultry prepared soap wine fruits","https://twitter.com/Vailfarmersmkt","market","http://www.vailfarmersmarket.com","-106.373534","39.641950","8167"
"Denver","","VNA Farmers' Market","co","390 Grant St.","","","market","http://www.vnacolorado.org","-104.983","39.7226",""
"Walsenburg ","","Walsenburg Farmers Market","co","6th and Main","baked goods cheese crafts flowers eggs herbs vegetables honey jams plants prepared soap coffee fruits juices","","market","","-104.7808998","37.6236904","81089"
"Wellington","https://www.facebook.com/wellingtoncofarmersmarket","Wellington Farmers Market","co","3rd & Harrison","organic baked goods crafts flowers eggs herbs vegetables honey jams meat plants prepared soap coffee fruits pet food","","market","http://www.wellingtoncofarmersmarket.org","-105.0050181","40.7048195","80549"
"Westcliffe","www.facebook.com/WestcliffeFarmersMarket","Westcliffe Farm and Maker's Market","co","315 Main Street, Jess Price Park","baked goods crafts vegetables honey jams meat poultry prepared soap fruits pet food","","market","http://www.westcliffefarmersmarket.com","-105.466411","38.136152","81252"
"Windsor","https://www.facebook.com/windsorprc","Windsor Farmers' Market","co","100 North 5th Street","baked goods cheese crafts flowers eggs herbs vegetables honey jams meat poultry prepared soap wine coffee fruits juices wild","https://twitter.com/windsorprc","market","https://windsorgov.com/803/Windsor-Farmers-Market","-104.903830","40.481537","80550"
"Winter Park ","https://www.facebook.com/pages/Winter-Park-Farmers-Market/836878542992147","Winter Park Farmers Market","co","78415 us hwy 40","organic baked goods cheese crafts flowers eggs seafood herbs vegetables honey jams maple meat nuts plants poultry prepared soap trees wine coffee beans fruits grains juices mushrooms tofu wild","","market","","-105.7864768","39.9250052","80482"
"Woodland Park ","Woodland Park Farmers Market","Woodland Park Farmers Market","co","Memorial Park & Henrietta Avenue","organic baked goods cheese crafts flowers eggs seafood herbs vegetables honey jams maple meat nuts plants poultry prepared soap trees coffee beans fruits juices mushrooms pet food","https://www.wpfarmersmarket.com/wpfm.html#.WUmKwAGCtyg.twitter","market","https://www.wpfarmersmarket.com","-105.054216","38.995578","80863"
"Woodland Park ","Woodland Park Farmers Market","Woodland Park Winter Market","co","210 E. Midland Avenue","organic baked goods cheese crafts eggs herbs vegetables honey jams meat nuts plants poultry prepared soap coffee beans fruits juices pet food","","market","https://www.wpfarmersmarket.com","-105.0515360","38.9950235","80863"
