"city","facebook","name","state","street","tags","twitter","type","website","x","y","zip"
"Mount Vernon","4R Angus Farm","4R Angus Farm","oh","8259 Keys Road","poultry fowl red-meat non-poultry-meat","","farm","4RAngusFarm.weebly.com","-82.5620100","40.3586810","43050"
"Covington","https://www.facebook.com/adamsgreenhouse","Adams Greenhouse & Produce LLC","oh","6373 W. US RT 36","baked-goods bedding plants canned preserved coffee tea cut-flowers dairy products dry beans eggs fish seafood herbs fresh-fruits fresh-vegetables grains flour honey maple-products mushrooms nuts poultry fowl prepared foods red-meat non-poultry-meat soap body-care","","farm","www.adamsgreenhouse.com","-84.324411","40.127688","45318"
"Cleveland","https://www.facebook.com/AmalfiGardens","Amalfi Gardens LLC","oh","82nd & Kinsman rd.","","","farm","","-81.630177","41.475637","44104"
"Tipp City","https://www.facebook.com/AngryHippieFarms","Angry Hippie Farms, LLC","oh","6615 Peters Rd","","","farm","http://www.angryhippiefarms.com","-84.225463","39.94265","45371"
"Paris","https://www.facebook.com/ArrowheadOrchard","Arrowhead Orchard","oh","11724 Lisbon St SE","baked-goods canned preserved coffee tea crafts woodworking dairy products dry beans eggs herbs fresh-fruits fresh-vegetables grains flour honey juices ciders nuts prepared foods soap body-care","","farm","www.arrowheadorchard.com","-81.1825899","40.7997521","44669"
"Fredericktown","www.facebook.com/baalissgrass.farm","BaaLiss Grass Farm","oh","7285 County Road 183","eggs poultry fowl red-meat non-poultry-meat","","farm","","-82.672361","40.432817","43019"
"Hillsboro","","Blue Ribbon Farm","oh","5459 Blue Ribbon Rd","fresh-fruits fresh-vegetables","","farm","","-83.4767810","39.1619920","45133"
"South Bloomfield","Blueberry Valley","Blueberry Valley","oh","14337 US Highway 23","canned preserved fresh-fruits honey wild-harvested forest-products","","farm","www.columbusblueberry.com","-82.987563","39.724435","43103"
"Clarksville","www.Facebook/BonnybrookFarms","Bonnybrook Farms","oh","3779 State Route 132","baked-goods canned preserved coffee tea prepared foods","","farm","www.BonnybrookFarms.com","-84.019575","39.367811","45113"
"Eaton ","https://www.facebook.com/boulderbeltfarm","Boulder Belt Eco-Farm","oh","3257 US 127 N","canned preserved crafts woodworking dry beans eggs herbs fresh-fruits fresh-vegetables honey maple-products","","farm","http://www.boulderbelt.com","-84.631422","39.791734","45320"
"Homeworth","https://www.facebook.com/pages/Breezy-Hill-Farm-Homeworth-Ohio/184191254939126","Breezy Hill Farm","oh","23342 Bowman Rd.","cut-flowers herbs fresh-vegetables wild-harvested forest-products","","farm","www.breezyhillfarmohio.com","-81.0616202","40.8431293","44634"
"Xenia","Brookside Farm","Brookside Farm","oh","2626 Hussey Rd.","eggs","","farm","","-83.942201","39.6834","45385"
"Whitehouse","","Bucher Family Farm","oh","5702 Eber Rd.","","","farm","","-83.786230","41.536222","43571"
"Mantua","https://www.facebook.com/CarltonFarmProduce","Carlton Farm Produce","oh","3486 Pioneer Tr.","fresh-vegetables","https://www.twitter.com/carltonfarmprod","farm","www.carltonfarmproduce.com","-81.267049","41.292584","44255"
"Newark","","Charlie's Apples at Windy Hill Apple Farm","oh","1740 Sportsman Club Road","fresh-fruits juices ciders","","farm","www.charliesapples.com","-82.5317710","40.1554270","43055"
"New Lebanon","https://www.facebook.com/cooksgardennewlebanon","Cook's Garden","oh","989 N. Clayton Rd","bedding plants fresh-vegetables","","farm","http://cooksgardennewlebanon.com","-84.3954739","39.7597210","45345"
"Geneva","","Covered Bridge Farms/Shimandle Grapes","oh","1517 Lafevre Road","fresh-fruits","","farm","www.facebook.com/CoveredBridgeFarms","-80.958817","41.765378","44041"
"Leetonia","https://www.facebook.com/pages/Dandelion-Lane-Farm","Dandelion Lane Farm","oh","40949 State Route 558","canned preserved coffee tea eggs poultry fowl","","farm","www.DandelionLaneFarm.com","-80.727259","40.839863","44431"
"Newark","","DAVIDSON PRODUCE & CATTLE FARM LLC","oh","3033 Dayton Rd NE","eggs poultry fowl red-meat non-poultry-meat","","farm","www.davidsonproduceandcattlefarm.com","-82.355769","40.092689","43055"
"Mount Vernon","https://www.facebook.com/double8cattle/","Double 8 Cattle Company","oh","11275 Lovers Lane","red-meat non-poultry-meat","","farm","www.double8cattle.com","-82.531854","40.402862","43050"
"Clyde","https://www.facebook.com/Eshleman-Fruit-Farm-314477007606/?rf=157614694313691","Eshleman Fruit Farm","oh","753 E Maple St","bedding plants canned preserved fresh-fruits fresh-vegetables honey juices ciders","","farm","www.EshlemanFruitFarm.com","-82.9570494","41.3179418","43410"
"Hinckley ","RodSharpnack.FamilyRootsFarm","Family Roots Farm ","oh","2175 W. 130th Street","baked-goods canned preserved fresh-fruits fresh-vegetables juices ciders wild-harvested forest-products","","farm","www.familyrootsfarm.com","-81.784668","41.216353","44233"
"Mechanicsburg","folckfamilyfarm","Folck Family Farm","oh","6843 State Route 54","fresh-fruits fresh-vegetables honey maple-products","","farm","folckfamilyfarm.net","-83.6365576","40.0222168","43044"
"Orient","https://www.facebook.com/folsomandpine","Folsom & Pine Farm","oh","5959 Lambert Road","bedding plants coffee tea herbs fresh-vegetables honey nursery-stock prepared foods soap body-care","https://www.twitter.com/FolsomPineFarm","farm","www.folsomandpine.com","-83.162686","39.844156","43146"
"Centerville (Montgomery County)","","Foster's Farmhouse LLC","oh","9791 Paragon Rd","canned preserved eggs fresh-vegetables honey maple-products red-meat non-poultry-meat","","farm","www.fostersfarmhouse.com","-84.185969","39.601443","45458"
"Granger Township","","From The Water's Edge","oh","798 N. Medina Line Road","baked-goods canned preserved eggs herbs fresh-fruits fresh-vegetables honey maple-products wild-harvested forest-products","","farm","","-81.713905","41.162239","44256"
"Sunbury","www.facebook.com/glassroostercannery","Glass Rooster Cannery","oh","1673 South State Route 605","bedding plants canned preserved crafts woodworking honey maple-products soap body-care","@glassrooster","farm","www.glassroostercannery.com","-82.804485","40.194321","43074"
"Cleveland ","","Good Earth","oh","9600 Madison Avenue","fresh-fruits fresh-vegetables","","farm","","-81.749955","41.477146","44102"
"Mantua","https://facebook.com/goodellfamilyfarm","Goodell Family Farm","oh","10220 Peck Rd","maple-products","","farm","www.goodellfamilyfarm.com","-81.2087330","41.2694840","44255"
"Centerburg","www.facebook.com/grannybfarms/","Granny B Farms LLC","oh","7201 Tucker Road","herbs fresh-fruits fresh-vegetables","","farm","www.grannybfarm.com","-82.608500","40.346711","43011"
"Wellington","Greener Pasture Farm","Greener Pasture Farm","oh","18456 Pitts Rd","dairy products red-meat non-poultry-meat","","farm","","-82.2419060","41.2160269","44090"
"Bowling Green","","Hayhurst Farm","oh","13521 S. Dixie Hwy.","eggs fish seafood","","farm","","-83.652856","41.350138","43402"
"North Royalton","","Heavenly Hill Farm","oh","18375 State Rd","baked-goods canned preserved fresh-fruits fresh-vegetables honey maple-products","","farm","","-81.7160750","41.2879379","44133"
"Nelsonville","","Hembree Hollow Farm","oh","14811 Wollett Rd.","","","farm","","-82.276488","39.423439","45764"
"Napoleon","","Hetrick Honey Bees","oh","9105 Township Road N2","honey","","farm","www.hetrickhoneybees.com","-84.039941","41.363336","43545"
"Wapakoneta ","Hilltop Harvest Farm","Hilltop Harvest Farm Self Serve Market","oh","16618 SR 33 East","bedding plants fresh-fruits fresh-vegetables honey","","farm","www.hilltopharvestfarm.com","-84.134766","40.555566","45895"
"Chillicothe","https://www.facebook.com/hirschfruitfarm","Hirsch Fruit Farm","oh","12846 State Route 772","bedding plants canned preserved fresh-fruits fresh-vegetables honey juices ciders maple-products","","farm","www.hirschfruitfarm.com","-83.013285","39.301476","45601"
"Williamsport","https://www.facebook.com/honeyrunfarm","Honeyrun Farm","oh","9642 Randle Road","honey","","farm","www.honeyrunfarm.com","-83.1295940","39.6525000","43164"
"Copley","facebook.com/jacobsheritagefarm","Jacobs Heritage Farm","oh","2196 Jacoby Road","bedding plants cut-flowers eggs herbs honey poultry fowl prepared foods soap body-care wild-harvested forest-products","","farm","www.JacobsHeritageFarm.com","-81.532148","41.1259834","44321"
"Sardinia ","https://www.facebook.com/JaybirdFarms","Jaybird Farms","oh","2091 State Route 321","","","farm","www.jaybirdfarms.com","-83.792210","39.062666","45171"
"Cleveland ","Ka-La Healing Garden Resource Center LLC","Ka-La Healing Garden Center","oh","2251 EAST 73 rd ,Street","baked-goods bedding plants coffee tea cut-flowers herbs fresh-fruits fresh-vegetables prepared foods soap body-care","","farm","http://ka-lahealinggardencenter.webs.com","-81.6380919","41.4965696","44103"
"Vermilion","Marsha Krieg ","Kriegs Strawberry Farm Market","oh","3175 North Ridge Road","","","farm","","-82.306465","41.383635","44089"
"Marietta","","Lane's Farm Market and Orchard, LLC","oh","20620 St. Rt. 676","baked-goods canned preserved coffee tea dairy products eggs fresh-fruits fresh-vegetables honey juices ciders maple-products pet-food prepared foods soap body-care wine spirits beer hard-cider","","farm","http://www.lanesfarmmarket.com/","-81.518072","39.436996","45750"
"Marion","https://www.facebook.com/LawrenceOrchards?ref=hl","Lawrence Orchards","oh","2634 Smeltzer Rd","baked-goods canned preserved crafts woodworking cut-flowers dairy products fresh-fruits fresh-vegetables grains flour honey juices ciders maple-products nuts prepared foods","","farm","www.lawrenceorchards.com","-83.136091","40.537152","43302"
"Sandusky","","Link Farms","oh","3602 Lima-Sandusky Rd","","","farm","","-82.826537","41.436443","44870"
"Ravenna","","Lobdell Family Farm","oh","6179 Newton Falls Rd.","eggs","","farm","","-81.170132","41.163216","44266"
"Urbana","","Louden Family Orchard","oh","576 North State Route 560","honey","","farm","","-83.838212","40.119300","43078"
"Jeromesville","","Malabar Peach Orchard","oh","P.O. Box 7","","","farm","ohiopeaches.com","-82.155647","40.821676","44840"
"Chardon","https://www.facebook.com/pages/Maple-Valley-Sugarbush-Farm/141855572516431?ref=hl","Maple Valley Sugarbush","oh","13262 Chardon Windsor Rd.","honey maple-products","","farm","www.maplevalleysugarbush.com","-81.1647140","41.5773560","44024"
"Lodi","https://www.facebook.com/MarianKayBerryFarm","Marian Kay Berry Farm","oh","8876 Congress Rd Lodi, OH 44254","baked-goods canned preserved","","farm","https://www.mkberryfarm.com","-82.054524","41.028575","44254"
"Whitehouse","","Meiring Farm","oh","11610 Waterville-swanton","cut-flowers fresh-vegetables","","farm","","-83.820351","41.526752","43571"
"Clarksville","https://www.facebook.com/pages/Messuri-Family-Farm/262765327140695?ref=hl","Messuri Family Farm LLC","oh","260 Baker Road","poultry fowl","https://twitter.com/MessuriFmlyFarm","farm","http://www.messurifamilyfarm.com","-83.9404760","39.3764880","45113"
"Conneaut","https://facebook.com/NorthridgeBlueberries","Northridge Blueberries LLC","oh","497 West Main Road","fresh-fruits","","farm","www.northridgeblueberries.com","-80.613060","41.927312","44030"
"East Canton","","Out on  a Limb Farm","oh","8913 Mapleton St SE","canned preserved dry beans herbs fresh-fruits fresh-vegetables","","farm","","-81.236584","40.751443","44730"
"Hiram","https://www.facebook.com/PolecatPinesMushroomFarm","Polecat Pines Mushroom Farm, LLC","oh","6167 Winchell Rd.","honey mushrooms","","farm","www.polecatpines.com","-81.169391","41.343496","44234"
"North Royalton","purpleskieshomestead@gmail.com","Purple Skies Homestead","oh","18802 State Road","baked-goods canned preserved eggs fresh-fruits fresh-vegetables","","farm","http://www.purpleslieshomestead.com","-81.724295","41.281938","44133"
"Berlin Heights","https://www.facebook.com/pages/Quarry-Hill-Orchards/538012959591189","Quarry Hill Orchards","oh","8403 Mason Road","baked-goods bedding plants canned preserved coffee tea cut-flowers fresh-fruits fresh-vegetables honey juices ciders maple-products nuts","","farm","http://quarryhillorchards.com/","-82.473395","41.337620","44814"
"Stryker","facebook.com/rfarmnwo","R Farm of Northwest Ohio, LLC","oh","5561 CR 1950","red-meat non-poultry-meat","","farm","www.rfarmnwo.com","-84.460299","41.493370","43557"
"Madison","www.facebook.com/rainbowfarmsohio","Rainbow Farms","oh","2464 Townline Road","canned preserved herbs fresh-fruits honey juices ciders maple-products soap body-care","","farm","www.rainbowfarmsonline.com","-81.104680","41.800121","44057"
"Amsterdam","","Rax and Trax Farms LLC","oh","7271 Pearl Rd SE","fresh-vegetables red-meat non-poultry-meat","","farm","www.raxandtraxfarms.com","-80.9398465","40.5013874","43903"
"Middlefield","https://www.facebook.com/pages/Ridgeview-Farm-and-Tours/118515271492395","Ridgeview Farm","oh","5488 Kinsman Rd (SR 87)","canned preserved fresh-fruits fresh-vegetables","","farm","www.ridgeviewfarm.com","-80.995559","41.458943","44062"
"Springfield","https://www.facebook.com/rootdownacres","Root Down Acres, LLC","oh","3336 Columbus Rd.","","https://www.twitter.com/rootdownacres","farm","www.RootDownAcres.com","-83.748269","39.939077","45503"
"Mogadore","","Rufener Hilltop Farms","oh","1022 State Route 43","baked-goods bedding plants canned preserved eggs fresh-fruits fresh-vegetables honey maple-products","","farm","rufeners.com","-81.347054","41.017294","44260"
"Lancaster","","Ruffwing Farms","oh","2942 Elder Road Ne","","","farm","www.ruffwingfarms.com","-82.489922","39.763103","43130"
"Canal Winchester","https://www.facebook.com/SchachtFarmMarket","Schacht Farm Market","oh","5950 Shannon Rd","fresh-fruits fresh-vegetables honey","https://www.twitter.com/farm_market","farm","mylocalfarm.us","-82.831925","39.893120","43110"
"Trenton","https://www.facebook.com/SchaefersCSA/","Schaefers Farm Market   ","oh","5024 Jacksonburg Road","baked-goods bedding plants canned preserved cut-flowers eggs herbs fresh-fruits fresh-vegetables honey poultry fowl prepared foods","","farm","www.schaefersfarmmarket.com","-84.501404","39.514640","45067"
"Medina","Schmidt family Farms","Schmidt Family Farms","oh","4282 State Road","bedding plants eggs fresh-vegetables honey poultry fowl","","farm","Schmidt Family Farms.org","-81.7072720","41.1587370","44256"
"Auburn Twp.","www.facebook.com/sirnasfarm.oh","Sirna's Farm & Market ","oh","19009 Ravenna Rd | State Route 44","baked-goods canned preserved coffee tea crafts woodworking cut-flowers dairy products dry beans eggs herbs fresh-fruits fresh-vegetables grains flour honey juices ciders maple-products mushrooms nuts poultry fowl prepared foods red-meat non-poultry-meat soap body-care wine spirits beer hard-cider","","farm","www.sirnasfarm.com","-81.219517","41.352165","44023"
"Athens","https://www.facebook.com/pages/The-Gold-Family-Farm/210127155664647","The Gold Family Farm","oh","4799 Fisher Road","fresh-vegetables","","farm","","-82.143053","39.268587","45701"
"Plain City","","The Orchard & Company, LLC","oh","7255 US highway 42 ","fresh-fruits","","farm","www.theorchardandcompany.com","-83.295379","40.047682","43064"
"Berlin Heights","The stemshire","The Stem Shire","oh","10915 Main Road","cut-flowers eggs honey","","farm","Www.stemshire.com","-82.4276890","41.3286520","44814"
"Grand Rapids","https://www.facebook.com/pages/Thurmans-Farm-Market/133871850093087","Thurmans' Farm Market","oh","22867 Kellogg Road","canned preserved cut-flowers fresh-fruits fresh-vegetables honey","","farm","Thurmansfarmmarket.com","-83.842096","41.415294","43522"
"Medina","","Tim's Turkey's/Stein Farm LLC.","oh","3600 Allard rd.","poultry fowl","","farm","www.timsturkeys.com","-81.6957089","41.1779940","44256"
"Kingsville","SEARCH @TRIPLE C FARM MARKET","Triple C Farm","oh","4603 State Route 193","baked-goods canned preserved crafts woodworking dairy products eggs fresh-fruits fresh-vegetables maple-products poultry fowl red-meat non-poultry-meat","","farm","","-80.666608","41.855468","44048"
"Cincinnati ","https://www.facebook.com/pages/Turner-Farm/455826481129640","Turner Farm Inc.","oh","7400 Given Road","bedding plants cut-flowers dry beans eggs herbs fresh-fruits fresh-vegetables honey mushrooms poultry fowl red-meat non-poultry-meat","","farm","http://www.turnerfarm.org/","-84.320358","39.190080","45243"
"Stewart","https://www.facebook.com/pages/Vest-Berries/162080763828140","Vest Berries and Produce","oh","18170 Mush Run Road","","","farm","www.vestberries.com","-81.9475089","39.3380933","45778"
"Auburn Twp","","Voytko Berry Farm","oh","11391 Franks Rd","fresh-fruits fresh-vegetables honey maple-products","","farm","voytkofarms.com","-81.231662","41.421487","44023"
"Lisbon","https://www.facebook.com/W-Bench-Farms-LLC-262282387063/","W Bench Farms, LLC","oh","14950 State Route 45","eggs poultry fowl red-meat non-poultry-meat","","farm","www.wbenchfarms.com","-80.698246","40.685548","44432"
"Waverly","www.facebook.com/wayfarm","Way Farms","oh","13 Denver Road","bedding plants canned preserved coffee tea herbs fresh-fruits fresh-vegetables honey","","farm","www.way-farms.com","-82.982336","39.138281","45690"
"Hinckley","https://www.facebook.com/weymouthfarms/","Weymouth Farms & Orchard, Winery","oh","2398 Weymouth Road","fresh-fruits wine spirits beer hard-cider","","farm","www.weymouthfarms.com","-81.759425","41.211152","44233"
"Kettering","https://www.facebook.com/WhisperingPinesFarm","Whispering Pines Farm","oh","4169 Swigart Road","eggs honey","","farm","","-84.101116","39.674614","45440"
"Canfield","https://www.facebook.com/whitehousefruitfarm","White House Fruit  Farm","oh","9249 Youngstown Salem Rd","baked-goods canned preserved coffee tea dairy products eggs fresh-fruits fresh-vegetables honey juices ciders maple-products prepared foods","","farm","www.whitehousefruitfarm.com","-80.8067460","40.9841580","44406"
"Yellow Springs","https://www.facebook.com/WildHareNaturalFarm","Wild Hare Natural Farm","oh","110 E. Yellow Springs Fairfield Rd.","poultry fowl red-meat non-poultry-meat","","farm","www.whnf.biz","-83.9194051","39.8137320","45387"
"BELLEFONTAINE","https://www.facebook.com/WishwellFarms","Wishwell Farms","oh","3381 US 68 N","canned preserved eggs fresh-fruits fresh-vegetables honey","twitter.com/wishwellfarms","farm","wishwellfarms.com","-83.745878","40.409166","43311"
"Toronto","Susan Gates Zimmerman","Zim's Raspberry Patch","oh","17125 State Route 152","fresh-fruits","","farm","","-80.657942","40.504650","43964"
"Parma ","StearnsHomesteadFarmersMarket"," Stearns Homestead Farmers' Market","oh","6975 Ridge Road","baked goods crafts flowers eggs herbs vegetables honey jams maple poultry soap fruits","","market","http://www.StearnsHomestead.com","-81.7339387","41.3748009",""
"Dayton","https://www.facebook.com/2ndStreetMarket/","2nd Street Market - Five Rivers MetroPark","oh","600 E. 2nd Street","organic baked goods cheese crafts flowers eggs herbs vegetables honey jams maple meat nuts plants poultry prepared soap coffee beans fruits grains juices mushrooms pet food wild","","market","http://www.metroparks.org","-84.181030","39.762593","45402"
"West Union","facebook.com/acohfarmersmarket","Adams County Farmer's Market","oh","110 W. Main St. ","baked goods flowers herbs vegetables honey jams meat soap trees coffee fruits","","market","","-83.546335","38.795271","45693"
"Alliance","https://www.facebook.com/alliancefarmersmarket","Alliance Farmers' Market","oh","Corner of E. Main St. and Mechanic Ave.","baked goods crafts flowers herbs vegetables honey jams maple meat plants poultry fruits","","market","http://www.alliancefarmersmarket.com","-81.1024","40.9216","44601"
"Xenia","","Anderson Farm Market","oh","1240 Clifton Rd","","","market","","-83.8824","39.7668","45385"
"Cincinnati","","Anderson Farmers' Market","oh","7832 Five Mile Road","baked goods cheese crafts flowers eggs herbs vegetables honey jams maple meat plants poultry prepared soap coffee fruits mushrooms pet food","","market","http://www.andersonfarmersmarket.org","-84.350563","39.078533","45230"
"Ashtabula","https://www.facebook.com/AshtabulaFarmersMarket","Ashtabula Farmers Market","oh","1119 Bridge Street","","","market","","-80.7998","41.8995","44004"
"Athens","https://www.facebook.com/pages/Athens-Farmers-Market","Athens Farmers Market","oh","1000 East State Street","organic baked goods cheese crafts flowers eggs herbs vegetables honey jams maple meat nuts plants poultry prepared soap trees coffee beans fruits grains juices mushrooms pet food wild","","market","http://www.athensfarmersmarket.org","-82.0584387","39.3359163","45701"
"Austintown","Austintown Farmers Market","Austintown Farmers Market","oh","6000 Kirk Road (Austintown Township Park)","baked goods crafts eggs herbs vegetables honey jams maple meat plants poultry prepared soap fruits grains pet food tofu","AustintownFM","market","http://www.facebook.com/austintownfarmersmarket","-80.774094","41.070511","44515"
"Avon Lake","https://www.facebook.com/pages/Avon-Lake-Farmers-Market/1402286433426690?ref=tn_tnmn","Avon Lake Farmers Market","oh","32801 Electric Blvd","organic baked goods crafts eggs vegetables honey jams maple prepared soap coffee fruits juices","","market","http://avonlakefarmersmarket.org","-82.0206240","41.5096130","44012"
"Barnesville","","Barnesville Farmers Market","oh"," 300 E.Church St.","","","market","","-81.1739","39.9881","43713"
"Bellville","https://www.facebook.com/BellvilleFarmersMarket","Bellville Farmers Market","oh","142 Park Place","baked goods cheese flowers herbs vegetables honey jams maple prepared fruits","","market","http://www.bellvilleohio.net","-82.5116","40.6198","44813"
"Berkey","","Berkey Farmers Market","oh","12290 Sylvania-Metamora Rd","baked goods cheese crafts herbs vegetables honey jams maple soap wine fruits","","market","","-83.839418","41.715538","43504"
"Bexley","","Bexley Farmers Market","oh","E Main St and S Dawson Ave","organic baked goods flowers eggs seafood vegetables honey jams meat poultry prepared coffee fruits pet food","","market","http://www.bexleyfarmersmarket.org","-82.935745","39.957135","43209"
"Russellville","","Bixler's Farmers Market (Ripley's farmers Market)","oh","7389 Clifton Ave","baked goods crafts flowers eggs herbs vegetables jams plants poultry beans fruits wild","","market","","-83.7999390","38.8522150","45168"
"Lorain","","Black River Landing Farmers Market","oh","421  Black River Lane","","","market","http://www.lorainportauthority.com","-82.1757","41.4688","44052"
"Westerville","","Blendon Township Farmers Market","oh","6350 S Hempstead Road","","","market","http://www.localharvest.org/blendon-township-farmers-market-M35245","-82.904","40.0968","43081"
"Shiloh","","Bloomingrove Produce Auction","oh","1091 Free Rd","","","market","","-82.5544","40.9603","44878"
"Bluffton","https://www.facebook.com/farmersmarketblufftonohio/","Bluffton Farmers Market","oh","102 S Main St","organic baked goods flowers vegetables honey jams maple meat plants soap trees fruits","","market","https://www.explorebluffton.com/farmers-market","-83.892721","40.893082","45817"
"Xenia","","Breezy Acres Orchard","oh","3470 Waynesville- Jamestown Road","","","market","","-83.9353","39.6017","45385"
"Kingsville","","Bridge Street Farmers Market","oh","Bridge Street by the Lift Bridge","","","market","","-80.815","41.8977","44048"
"Kent","","Brimfield Farmers Market","oh","Town Center Dr","","","market","","-81.3458","41.1002","44240"
"Cleveland ","https://www.facebook.com/pages/Broadway-Farmers-Market","Broadway Farmers Market","oh","","baked goods vegetables honey jams poultry soap coffee fruits","","market","http://slavicvillage.org/farmersmarket","-81.645294","41.461447",""
"Columbus ","https://www.facebook.com/2018BGM/?modal=admin_todo_tour","Bronzeville Growers Market","oh","925 E. Mt. Vernon Avenue","baked goods crafts herbs vegetables jams prepared soap fruits mushrooms","","market","","-82.976997","39.971390","43203"
"Georgetown ","","Brown County Farmers Market (Ripley Farmer's Market)","oh","Main and Cherry St","baked goods crafts flowers eggs herbs vegetables honey jams plants beans fruits","","market","","-83.9044248","38.8653546","45121"
"Mt Orab","","Brown County Farmers Market (Ripleys' Farmers Market)","oh","477 W. Main St","baked goods eggs herbs vegetables jams plants beans fruits","","market","","-83.867718","38.9342260","45154"
"Canal Fulton","","Canal Fulton Farmers Market ","oh","2309 Locust Street","","","market","http://www.localharvest.org/canal-fulton-farmers-market-M23597","-81.5686","40.8822","44614"
"Newark","facebook.com/canalmarketdistrict","Canal Market District","oh","24 East Canal St","baked goods cheese flowers eggs herbs vegetables honey jams maple meat plants poultry prepared soap trees coffee fruits juices mushrooms wild","","market","http://www.canalmarketdistrict.org","-82.401054","40.056583","43055"
"Canal Winchester","","Canal Winchester Farmers Market","oh","36 South High Street","baked goods crafts flowers eggs herbs vegetables honey jams maple plants soap fruits","","market","http://www.thecwfm.com","-82.8059","39.842","43110"
"Canton","https://www.facebook.com/CantonOhioFarmersMarket?fref=ts","Canton Farmers' Market","oh","2600 6th St. SW","organic baked goods cheese crafts flowers herbs vegetables honey jams maple nursery plants prepared soap","","market","http://www.cantonfarmersmarket.com","-81.4035970","40.7960900","44702"
"Canton","https://www.facebook.com/CantonOhioFarmersMarket?fref=ts","Canton Farmers' Market","oh","McKinley Ave NW and 4th St. NW","organic baked goods cheese crafts flowers herbs vegetables honey jams maple plants soap","","market","http://www.cantonfarmersmarket.com","-81.3775854","40.8012557","44702"
"Barnesville","","Captina Produce Auction","oh","39050 West Captina Highway","","","market","http://www.captinaproduceauction.com","-81.1027","39.9319","43713"
"Carrolton","","Carrolton Weekly Farmers Market","oh","SR 43 S.","","","market","","-81.0869","40.572","44615"
"Cleveland ","https://www.facebook.com/CWRUFarm","Case Western Reserve University Farmers Market","oh","2109 Adelbert Rd.","crafts flowers herbs vegetables honey plants trees fruits","https://twitter.com/CWRUFarm","market","http://students.case.edu/farm/food/farmermarket.html","-81.604037","41.504893","44106"
"Celina","https://www.facebook.com/CelinaFarmersMarket/","Celina Farmers' Market ","oh","101 N. Main St.","baked goods cheese crafts eggs herbs vegetables honey jams maple meat plants poultry prepared soap coffee fruits pet food","","market","http://www.celinafarmersmarket.com","-84.570950","40.549926","45822"
"Centerville","https://www.facebook.com/pages/Centerville-Farmers-Market/185295434850051","Centerville Farmers Market","oh","892 S. Main Street","organic baked goods cheese flowers eggs herbs vegetables honey jams maple meat nuts plants poultry prepared soap fruits grains juices mushrooms pet food","","market","http://www.centervillefarmersmarket.com","-84.1598756","39.6153500","45458"
"Urbana ","Corner of market Street and Locust Street","Champaign County Farmers' Market","oh","Market Street and Locust Street","organic baked goods crafts flowers eggs herbs vegetables honey jams maple meat plants soap coffee beans fruits pet food","","market","","-83.7509825","40.1068632","43078"
"Perry","","Champion Garden Center","oh","3717 N. Ridge Road","","","market","","-81.1524","41.7784","44081"
"Chillicothe ","https://www.facebook.com/#!/ChillicotheFarmersMarket","Chillicothe Farmers' Market Association","oh","475 Western Ave","baked goods flowers eggs herbs vegetables honey jams maple meat plants poultry prepared soap coffee fruits juices pet food","","market","http://www.chillicothefarmersmarket.org","-83.0031767","39.3349929","45601"
"MILLERSBURG","","CLARK VALLEY FARMERS' MARKET","oh","1336 ST. RT. 83","","","market","","-81.9173","40.5455",""
"Hillsboro","","Clear Valley Ltd.","oh","9124 US RT 50","","","market","","-83.5537","39.2112","45133"
"Wilmington ","","Clinton County Farmers Market","oh","Mulberry Street between Locust and Main streets","organic baked goods crafts flowers eggs herbs vegetables honey maple meat poultry soap fruits pet food","","market","","-83.8315090","39.4392629","45177"
"Columbus","https://www.facebook.com/clintonvillefarmersmarket","Clintonville Farmers' Market","oh","N High St and W Dunedin Rd","organic baked goods cheese flowers eggs seafood herbs vegetables honey jams maple meat nuts plants poultry prepared coffee fruits grains mushrooms","","market","http://www.clintonvillefarmersmarket.org","-83.016501","40.034269","43214"
"Cincinnati","https://www.facebook.com/groups/69791386959/?fref=ts","College Hill Farm Market","oh","5742 Hamilton Avenue","organic baked goods cheese crafts eggs herbs vegetables honey jams maple meat plants prepared soap trees beans fruits mushrooms","","market","http://www.CollegeHillFarmMarket.org","-84.54511","39.19568","45224"
"Columbus","","Columbus Public Health Farmers Market","oh","240 Parsons Ave","herbs vegetables honey fruits mushrooms","","market","","-82.9805967","39.9593044","43215"
"Columbus","","Columbus Winter Farmers Market","oh","4300 Indianola Ave.","baked goods eggs vegetables honey jams maple meat poultry soap","","market","http://www.columbuswinterfarmersmarket.com","-82.9997110","40.0524630","43214"
"Conneaut","","Conneaut Farmers Market Inc.","oh","327 Mill St.","","","market","","-80.5602","41.9455","44048"
"Copley","https://www.facebook.com/CopleyCreeksideFarmersMarket/","Copley Creekside Farmers Market","oh","1245 S Cleveland-Massillon Rd","organic baked goods crafts flowers eggs herbs vegetables honey jams maple meat nuts plants poultry prepared soap coffee fruits mushrooms","https://twitter.com/copleyfm","market","http://copleyfarmmarket.com/","-81.644372","41.104215","44321"
"Copley","https://www.facebook.com/CopleyCreeksideFarmersMarket/","Copley Creekside Farmers Market - Second Sunday Market","oh","3232 Copley Rd","organic baked goods crafts eggs vegetables honey jams maple meat plants poultry soap fruits","https://twitter.com/copleyfm","market","http://copleyfarmmarket.com/","-81.630011","41.096075","44321"
"Corning","","Corning Farmers Market","oh","John Altier Park N. Valley/Adams St.","","","market","","-82.0891","39.604",""
"Cortland","","Cortland Farmers Market","oh","290 S. High Street","baked goods crafts eggs herbs vegetables honey jams plants soap","","market","","-80.726906","41.325344","44410"
"Coshocton","https://www.facebook.com/Coshocton-Farmers-Market-275577465839332/","Coshocton Farmers Market","oh","300 block of Main Street","organic baked goods crafts flowers eggs herbs vegetables honey jams maple plants poultry soap fruits","","market","","-81.866236","40.273688","43812"
"Akron","https://www.facebook.com/countrysidefoodandfarms/","Countryside Farmers' Market at Highland Square","oh","1175 W Exchange St","baked goods cheese flowers eggs herbs vegetables honey jams meat nuts soap coffee fruits mushrooms","https://twitter.com/countrysideohio","market","http://cvcountryside.org","-81.553272","41.098698","44302"
"Peninsula","https://www.facebook.com/countrysidefoodandfarms","Countryside Farmers' Market at Howe Meadow","oh","4040 Riverview Rd.","organic baked goods cheese crafts flowers eggs herbs vegetables honey jams maple meat nuts plants poultry prepared soap coffee beans fruits grains juices mushrooms pet food","https://twitter.com/countrysideohio","market","http://cvcountryside.org","-81.583614","41.189312","44264"
"Akron","https://www.facebook.com/countrysidefoodandfarms/","Countryside Public Market","oh","21 Furnace Street","baked goods cheese flowers eggs vegetables honey jams meat nuts plants prepared coffee fruits juices pet food","https://twitter.com/countrysideohio","market","http://cvcountryside.org","-81.515871","41.088850","44308"
"Akron","https://www.facebook.com/countrysidefoodandfarms/","Countryside Winter Farmers' Market","oh","2315 Ira Rd.","organic baked goods cheese crafts flowers eggs herbs vegetables honey jams maple meat nuts poultry prepared soap coffee beans fruits grains juices mushrooms pet food","https://twitter.com/countrysideohio","market","http://cvcountryside.org","-81.589922","41.192676","44333"
"Cleveland Hts","","Coventry Village Farmers Market","oh","Corner of Coventry Rd and Euclid Hts Blvd.","","","market","","-81.58","41.5081",""
"St. Marys","","Covered Bridge Farmers' Market","oh","Memorial Park","baked goods crafts flowers herbs vegetables honey jams plants soap","","market","http://www.stmarysohio.org","-84.3852","40.5442","45885"
"gahanna","","creekside gahanna farmers market","oh","downtown olde gahanna","","","market","","-82.8664","40.0113",""
"Miamisburg","","Crossroad Orchard","oh","8040 Upper Miamisburg Rd","","","market","","-84.3289","39.6435","45342"
"Cuyahoga Falls ","Farmers' Market in the Falls","Cuyahoga Falls Farmers' Market (Farmers' Market in the Falls)","oh","1817 Front Street","baked goods cheese crafts eggs herbs vegetables honey jams nuts prepared soap coffee fruits grains juices pet food wild","","market","http://www.farmersmarketinthefalls.weebly.com","-81.483560","41.130404","44222"
"Pataskala","","Dairymel Farms","oh","1803 Hazelton-Etna Road","","","market","","-82.6723","40.007",""
"Danville","","Danville Auction","oh","15684 Body Rd.","","","market","","-82.2445","40.4553","43014"
"Warren","","Deerfield Twp Farmers Market","oh","3292 Montgomery Road","","","market","","-84.2825","39.3039",""
"Hicksville","","Defiance County Farmers' Markets","oh","121 W. High Street (S.R. 2)","baked goods herbs vegetables jams","","market","http://www.defiance.osu.edu","-84.762354","41.292254","43526"
"Sherwood","","Defiance County Farmers' Markets","oh","S.R. 127 south of S.R. 18","baked goods herbs vegetables honey nursery","","market","http://www.defiance.osu.edu","-84.553142","41.289900","43556"
"Defiance","","Defiance County Farmers' Markets","oh","St. Rt. 66 south of U.S. 24","organic baked goods cheese eggs herbs vegetables honey jams meat nursery","","market","http://www.defiance.osu.edu","-84.361911","41.302071","43512"
"Delaware","","Delaware County Farmers Market","oh","236 Pennsylvania Ave., Delaware Fairgounds","","","market","http://www.delawarecountyfair.com","-83.0689","40.2939","43015"
"Delta","https://www.facebook.com/deltafarmermarket","Delta Farmer's Market ","oh","313 West Main Street","","","market","","-84.0197","41.5731","43515"
"Litchfield","","Dietrich's Farm Market","oh","3910 Avon Lake Road","","","market","","-82.023","41.1665",""
"Cincinnati","","DLB Law Market in the Park ","oh","Washington Park","","","market","http://www.washingtonpark.org/event/farmers-market-2/2013-07-15/","-84.5174","39.1087","45202"
"Kingsville","","Downtown Ashtabula Farmers' Market ","oh","4161 Fox Rd","","","market","http://www.localharvest.org/downtown-ashtabula-farmers-market-M59118","-80.6364","41.8854","44048"
"Bowling Green","","Downtown Bowling Green Farmer's Market","oh","South Main Street","baked goods cheese crafts flowers herbs vegetables honey jams plants soap trees fruits","","market","http://www.downtownbgohio.org/farmersmarket","-83.650031","41.372751","43402"
"Cleveland","https://www.facebook.com/downtownclevelandmarket?ref=tn_tnmn","Downtown Cleveland Farmers Market","oh","5th Street Arcades, 530 Euclid Avenue","baked goods cheese flowers eggs herbs vegetables honey jams maple soap fruits grains juices","https://twitter.com/DFMPublicSquare","market","http://www.downtownclevelandmarket.org/","-81.6891370","41.4991795","44115"
"Zanesville","","Downtown Farmers Market","oh","205 North 5th Street","","","market","","-82.0066","39.9439","43701"
"Greenville ","https://www.facebook.com/greenvillefarmersmarket","Downtown Greenville Farmers Market","oh","Corner of 4th and Broadway","baked goods crafts flowers eggs herbs vegetables honey jams maple meat nuts plants poultry prepared soap trees coffee beans fruits pet food","https://twitter.com/GvilleFarMarket","market","http://downtowngreenville.org/who-we-are-2/programs-and-initiatives/","-84.6314568","40.1007398","45331"
"Lima","Downtown Lima Farmers Market","DOWNTOWN LIMA FARMERS' MARKET","oh","7 Town Square","baked goods flowers herbs vegetables honey plants soap coffee fruits","","market","","-84.1058237","40.7395472","45801"
"Ravenna ","Downtown Ravenna Farmers Market","Downtown Ravenna Farmers Market","oh","","baked goods crafts flowers vegetables honey jams maple soap fruits","","market","http://www.ndsohio.org","-81.2420473","41.1575566","44266"
"Steubenville","","Downtown Steubenville Farmers' Market","oh","300 South 4th Street","baked goods flowers herbs vegetables jams nuts plants","","market","","-80.6169","40.3573",""
"Troy","https://www.Facebook.com/downtowntroyfarmersmarket","Downtown Troy Farmers Market","oh","Cherry Street ","organic baked goods cheese crafts flowers eggs herbs vegetables honey jams maple plants prepared soap fruits","","market","http://www.Troymainstreet.org","-84.204574","40.039448","45373"
"Doylestown","","Doylestown Farmers Market","oh","177 Portage St.","","","market","","-81.6956","40.9706","44230"
"Dublin","https://www.facebook.com/DublinFarmersMarket","Dublin Farmers' Market","oh","4261 West Dublin Granville Road","baked goods cheese flowers eggs seafood herbs vegetables honey jams maple meat plants poultry prepared soap trees coffee fruits mushrooms pet food","https://twitter.com/DublinMarket","market","http://www.dublinfarmersmarket.com","-83.103455","40.099046","43017"
"Millersburg","","East Holmes Market","oh","3824 SR 39","","","market","","-81.8264","40.5554","44654"
"Columbus","https://www.facebook.com/EastonFarmersMarketColumbus","Easton Farmers Market","oh","Easton Town Square","baked goods cheese flowers eggs herbs vegetables honey jams maple meat plants prepared soap wine coffee fruits","","market","http://www.eastonfarmersmarket.org","-82.915370","40.049231","43219"
"Eaton","www.facebook.com/eatonearlybirdfarmersmarket","Eaton Earlybird Farmer's Market","oh","Barron Street and Somers Street","baked goods crafts flowers eggs vegetables jams maple plants poultry prepared fruits","","market","","-84.6364564","39.7452906","45320"
"Lewis Center","","Edible Saturdays Farmers Market","oh","100 Green Meadows Drive","eggs herbs vegetables honey jams maple meat plants poultry fruits","","market","http://www.ediblefarmersmarkets.com","-83.017262","40.153628","43035"
"Columbus","","Edible Thursdays Farmers Market","oh","4300 Indianola Ave.","baked goods eggs herbs vegetables honey jams maple meat plants poultry soap fruits","","market","http://ediblefarmersmarkets.com/","-82.9997110","40.0524630","43214"
"Cincinnati ","","Eighth & Enright Farmers Market @ Common Roots","oh","3542 W. 8th St.","baked goods flowers eggs herbs vegetables meat plants poultry prepared soap wine fruits pet food wild","","market","","-84.573114","39.106241","45205"
"Euclid","https://www.facebook.com/EuclidFarmersMarket/","Euclid Farmers Market","oh","291 E 222nd Street","organic baked goods crafts flowers herbs vegetables honey jams maple plants prepared soap coffee fruits","","market","http://shoreculturalcentre.com/EuclidFarmersMarket","-81.525914","41.607434","44123"
"Fairborn","","Fairborn Farmers Market","oh","Corner of Main St. & Grand Ave.","","","market","http://www.ci.fairborn.oh.us","-84.0225","39.8216","45324"
"Geneva","","Farm Fresh Fridays","oh","North Broadway Avenue","","","market","","-80.9718","41.7821","44041"
"Granville","","Farmers and Artisans Market","oh","4309 Lancaster Rd SE","","","market","","-82.523","40.013","43023"
"Valley City","","Farmers Market at Jilbert Winery","oh","1496 Columbia Rd","","","market","","-81.9224","41.2352","44280"
"Greenfield","","Farmers Market Sweet Shop","oh","116 N. Washington St.","","","market","","-83.3829","39.3517","45123"
"Cincinnati","","Farmers Produce Market","oh","Wilmer Avenue","","","market","","-84.4216","39.1086",""
"Steubenville","https://www.facebook.com/Farmers-Gateway-Market-250248165001885/","Farmers' gateway Market","oh","Eastern Gateway Community College, 4000 Sunset Boulevard","baked goods flowers herbs vegetables jams meat plants trees fruits pet food","","market","","-80.669759","40.377613","43952"
"Millersburg","","Farms Produce Auction","oh","SR 241","","","market","http://www.mthope.com","-81.8764","40.591","44654"
"WASHINGTON COURT HOUSE","https://www.facebook.com/OHFCFM/","Fayette County Farmers Market","oh","100 E EAST ST.","baked goods crafts flowers eggs herbs vegetables honey jams plants prepared soap fruits juices pet food","https://twitter.com/FAYCOFARMERSMKT","market","https://fayettecountyfarmersmarket.wordpress.com/","-83.427938","39.53886","43160"
"Washington Court House ","https://www.facebook.com/OHFCFM/","Fayette County Farmers Market","oh","100 E EAST STREET","baked goods crafts flowers eggs herbs vegetables honey jams plants prepared soap fruits pet food","https://twitter.com/FAYCOFARMERSMKT","market","https://fayettecountyfarmersmarket.wordpress.com/","-83.427938","39.53886","43160"
"Cincinnati","https://www.facebook.com/events/722787851585113/","Fibonacci's Mount Healthy Farmers Market","oh","1445 Compton Road","baked goods cheese eggs herbs vegetables jams maple meat poultry prepared soap wine coffee fruits juices","","market","http://fibbrew.com/farmers-market-application/","-84.540950","39.231610","45231"
"Sycamore","FifthStreetFarmersMarket","Fifth Street Farmers' Market","oh","West Fifth Street","baked goods crafts eggs herbs vegetables honey jams plants soap trees fruits","","market","","-83.1700053","40.9509375","44882"
"Cincinnati","https://www.facebook.com/FindlayMarket","Findlay Market","oh","1801 Race St ","organic baked goods cheese crafts flowers eggs seafood herbs vegetables honey jams maple meat plants poultry prepared soap wine fruits","https://twitter.com/findlaymarket","market","http://www.findlaymarket.org","-84.518946","39.115330","45202"
"Shaker Heights","https://www.facebook.com/pages/FBCs-Farmers-Market/127226640620857","First Baptist Church Farmers Market","oh","3630 Fairmount Blvd.","baked goods flowers eggs herbs vegetables honey jams maple prepared trees fruits","https://twitter.com/fbcfarmersmarc","market","http://www.firstbaptistcleveland.org","-81.549727","41.485691","44118"
"Forest","https://www.facebook.com/forestohfarmersmarket","Forest Farmer's Market","oh","102 W. Lima St.","baked goods crafts eggs vegetables honey jams maple plants soap fruits","","market","","-83.51205","40.8019","45843"
"Fostoria","https://www.facebook.com/FostoriaFarmersMarket","Fostoria Farmers' Market","oh","133 W Tiffin","baked goods crafts flowers herbs vegetables honey jams plants prepared soap fruits","","market","","-83.41541","41.15641","44830"
"Columbus","https://www.facebook.com/FPConservatory","Franklin Park Conservatory and Botanical Gardens Farmers' Market","oh","1777 E. Broad Street","organic baked goods cheese crafts flowers eggs seafood herbs vegetables honey jams maple meat plants poultry prepared soap wine coffee fruits grains juices mushrooms pet food tofu","https://twitter.com/FPConservatory","market","https://www.fpconservatory.org/education-programs/outreach-programs/farmers-market/","-82.952321","39.966884","43203"
"Gallipolis","","French 500 Flea Market","oh","189 Jackson Pike","","","market","","-82.2384","38.8443","45631"
"North Olmsted ","https://www.facebook.com/FrostvilleMarket?fref=ts","Frostville Museum Farmers Market ","oh","24101 Cedar Point Road","baked goods cheese crafts eggs herbs vegetables honey jams maple meat plants poultry soap wine coffee fruits pet food","","market","http://www.frostvillefarmersmarket.com","-81.8916596","41.4054884","44070"
"Gallipolis","","Gallia County Farmers Market","oh","18 State Street","baked goods cheese flowers eggs herbs vegetables honey maple meat plants poultry prepared trees fruits","","market","http://www.growgallia.com/farmersmarket.html","-82.20496","38.80736","45631"
" Dayton","https://www.facebook.com/GardenStation","Garden Station Sunday Market ","oh","509 East 4th Street","","","market","http://www.daytongardenstation.org","-84.1854","39.7593","45402"
"Cleveland ","https://www.facebook.com/Gateway105","Gateway105 Farmers' Market","oh","Corner of East 105th Street and Ashbury Road","baked goods flowers herbs vegetables jams plants prepared soap coffee fruits grains mushrooms","","market","http://famicos.org","-81.6154630","41.5181575","44108"
"South Euclid","","Geauga Family Farm Market","oh","4645 Mayfield Rd.","","","market","","-81.5123","41.5198",""
"South Russell","https://www.facebook.com/Geauga-Fresh-Farmers-Market-240462732699800/","Geauga Fresh Farmers Market","oh","5205 Chillicothe Raod","organic baked goods cheese crafts flowers eggs vegetables honey jams maple meat plants poultry prepared soap coffee fruits mushrooms","","market","","-81.337545","41.430889","44022"
"Geneva","http://www.facebook.com/genevafarmersmarket","Geneva Farmers Market","oh","187 Depot St.","crafts flowers eggs herbs vegetables honey jams maple meat poultry prepared soap wine fruits wild","","market","http://geneva.ashtabulamarkets.com","-80.947264","41.806409","44041"
"Canton ","https://www.facebook.com/pages/Gervasi-Vineyard-Italian-Bistro/166711470061","Gervasi Vineyard Farmers Market","oh","1700 55th Street NE","baked goods cheese flowers eggs herbs vegetables honey jams meat poultry prepared soap wine coffee fruits pet food","https://twitter.com/GervasiVineyard","market","http://www.gervasivineyard.com/Events/Farmers-Market","-81.351431","40.859639","44721"
"Galion","https://www.facebook.com/pages/Gods-Little-Acre-Farmers-MarketFirst-Presbyterian-Church/264224506927477","God's Little Acre Farmers' Market ","oh","240 South Market St. First Presbyterian Church","","","market","","-82.79","40.7316","44833"
"Berlin","","Good Earth Herbs","oh","5553 N. Market Street","","","market","","-81.7974","40.5596",""
"Cleveland","https://www.facebook.com/gordonsquaremarket","Gordon SQ. Market","oh","6415 Detroit Avenue","baked goods cheese crafts flowers eggs herbs vegetables honey jams maple meat poultry prepared coffee beans fruits grains juices mushrooms","https://twitter.com/gordonsqmarket","market","http://www.gordonsquaremarket.org","-81.728973","41.484210","44102"
"Columbus","","Grandview Avenue Farmers Market","oh","1371 Grandview Avenue","baked goods cheese crafts flowers eggs herbs vegetables honey jams maple soap fruits","","market","http://www.pearlalleygrowers.com","-83.043444","39.980195","43212"
"Granville","","Granville Farmers Market","oh","Broadway and N. Main Street","baked goods cheese flowers herbs vegetables honey jams maple meat plants poultry soap coffee beans fruits juices pet food","","market","http://www.granvillefarmersmarket.com","-82.520099","40.068520","43023"
"Granville","","Granville Farmers Market Tuesday","oh","S. Main Street","baked goods flowers vegetables beans","","market","http://www.granvillefarmersmarket.com","-82.520292","40.063240","43023"
"Fairborn","","Green County Farm Market Association","oh","Beaver Valley & Dayton","","","market","","-84.0206","39.7894","45324"
"Green","https://www.facebook.com/cityofgreenohio","Green Farmers Market","oh","1781 Town Park Blvd.","baked goods cheese flowers eggs herbs vegetables honey jams maple meat poultry prepared soap wine fruits","","market","http://www.cityofgreen.org","-83.649584","41.377677","44685"
"Xenia","","Greene County Farmers Market","oh","Allison Avenue, Plaza Shopping Center","","","market","","-83.9432","39.6858","45335"
"Greenfield","https://www.facebook.com/pages/Greenfield-Farmers-Market/190768260965370","Greenfield Farmer's Market","oh","1300 Jefferson Street","baked goods crafts flowers eggs herbs vegetables jams fruits","","market","","-83.400832","39.347270","45123"
"Greenwich","https://www.facebook.com/GreenwichImprovementGroup","Greenwich Farmers' Market Place","oh","North Railroad Street - between US224 & Townsend Street","baked goods crafts flowers vegetables honey maple plants soap trees fruits grains","","market","http://www.facebook.com/GreenwichImprovementGroup","-82.517514","41.030438","44837"
"Grove City","","Grove City Farmers' Market ","oh","Grove City Town Center on Broadway","","","market","http://www.gcchamber.org/upcoming-events.html","-83.0936","39.8822","43123"
"Groveport","","Groveport Farmers' Market ","oh","Main Street and Front Street","baked goods crafts flowers herbs vegetables honey jams maple plants fruits","","market","http://GroveportMarket.com","-82.8823730","39.8512144","43125"
"Cambridge","","Guernsey County Farmers Market","oh","801 Wheeling Avenue","baked goods crafts herbs vegetables honey jams meat plants prepared","","market","http://www.guernseycountyfarmersmarket.com","-81.59","40.0248","43725"
"Hamilton","Hamilton's Historic Farmer's Market","Hamilton's Historic Farmers Market","oh","345 High Street ","baked goods crafts flowers eggs vegetables honey jams plants soap coffee fruits","","market","http://www.hamiltonshistoricfarmersmarket.com","-84.565522","39.394328","45011"
"Findlay","@HancockCountyFarmersMarket","Hancock County Farmers' Market","oh","200 West Main Cross","baked goods crafts flowers herbs vegetables honey jams maple meat nuts plants poultry prepared soap trees coffee fruits juices mushrooms pet food","","market","https://hancockfarmmarket.wixsite.com/home","-83.653004","41.039589","45840"
"Akron","","HAPI Fresh Farmers' Market ","oh","647 E. Market Street","organic baked goods crafts vegetables honey jams maple soap coffee fruits","","market","","-81.521429","41.080456","44304"
"Akron ","","HAPI Fresh Farmers' Market ","oh","381 Ontario Street","organic baked goods crafts flowers vegetables honey jams maple plants prepared fruits","","market","http://asiaohio.org ","-81.521429","41.080456","44310"
"Hartville","","Hartville Market Place","oh","1289 Edison St. NW","","","market","","-81.3542","40.9696",""
"Kent","http://www.facebook.com/haymaker.farmers.market","Haymaker Farmers' Market","oh","Franklin Avenue & Summit Street","organic baked goods cheese crafts flowers eggs herbs vegetables honey jams maple meat nuts plants poultry prepared soap trees coffee fruits juices mushrooms pet food","https://twitter.com/haymakermarket","market","http://haymakermarket.com/","-81.360033","41.150692","44240"
"Kent","https://www.facebook.com/haymaker.farmers.market","Haymaker Winter Farmers' Market","oh","1435 E. Main St.","organic baked goods cheese crafts flowers eggs herbs vegetables honey jams maple meat poultry prepared soap coffee beans fruits grains juices mushrooms pet food","https://twitter.com/haymakermarket","market","http://haymakermarket.com","-81.337517","41.155043","44240"
"Hilliard","Hilliard Farm Market","Hilliard Farm Market","oh","5445 Scioto-Darby Rd","baked goods cheese crafts flowers seafood vegetables honey jams meat poultry soap coffee fruits","HilliardMarket","market","http://www.HilliardFarmMarket.com","-83.161861","40.028014","43026"
"Hillsboro","","Hillsboro Farmers Market","oh","","baked goods eggs vegetables honey jams maple poultry fruits","","market","","-83.611724","39.202872","45133"
"Harrison","","Historic Harrison Farmers' Market ","oh","Walnut St and S. State St","","","market","http://www.harrisonohio.org/filestorage/276/286/315/1252/1180/Farmers_Fest_13_Flyer.pdf","-84.8185","39.262","45030"
"Rockbridge","","Hocking Hills Farmers Market","oh","26820 U.S. Rt. 33","","","market","","-81.3719","40.8595","43149"
"St. Millersburg","","Holmes County Farmers Market","oh","224 N. Clay Street","","","market","","-81.9173","40.5558","44654"
"Mansfield","https://www.facebook.com/holytrinityfarmersmarket?ref=aymt_homepage_panel","Holy Trinity Farmers Market","oh","525 W. Cook Rd.","baked goods flowers herbs vegetables jams maple fruits mushrooms","","market","http://holytrinitymansfield.org/special_events/farmers-market/","-82.535281","40.732527","44907"
"Hopedale","https://www.facebook.com/pages/Hopedale-Farmers-Market/419361138158497","Hopedale Farmers' Market ","oh","Hwy 22","","","market","http://www.localharvest.org/hopedale-farmers-market-M58541","-80.9516","40.3136","43976"
"Howland","https://www.facebook.com/HowlandFarmersMarket?ref=hl","Howland Farmers Market ","oh","East Market Street","","","market","http://www.localharvest.org/howland-farmers-market-M32351","-80.7512","41.2383","44484"
"Hudson","facebook.com/HudsonOHFarmersMarket","Hudson Farmers Market","oh","Main St. and Aurora St.","baked goods cheese flowers eggs herbs vegetables honey jams maple meat plants poultry prepared soap coffee fruits grains","@hfmnow","market","http://www.hudsonfarmersmarket.org","-81.440110","41.241401","44236"
"Cincinnati","https://www.facebook.com/HydeParkFarmersMarket/","Hyde Park Farmers' Market","oh","2700 Erie Avenue","organic baked goods cheese flowers eggs herbs vegetables honey jams maple meat plants poultry prepared soap coffee fruits grains mushrooms pet food wild","","market","http://www.HydeParkFarmersMarket.com","-84.442330","39.139602","45208"
"OLD WASHINGTON","","I-70 & I-77 FARMERS' MARKET","oh","GUERNSEY CTY. FAIRGROUNDS","","","market","","-81.4333","40.0368",""
"Brunswick","https://www.facebook.com/wytheville.farmersmarket","I-71 FARMERS MARKET at Rest Stop Signpost 224","oh","I-71 Rest Area at signpost 224","organic baked goods cheese flowers eggs herbs vegetables honey jams maple meat nursery nuts plants poultry prepared soap trees wine","","market","","-81.792526","41.222229","44212"
"Youngstown","https://www.facebook.com/idoraneighborhoodfarmersmarket/info?tab=overview","Idora Neighborhood Farmer's Market","oh","2600 Glenwood Ave","baked goods herbs vegetables honey jams maple plants prepared soap coffee fruits grains wild","","market","","-80.6756890","41.0736120","44511"
"Massillon (Jackson Township)","","Jackson Township Farmers' Market ","oh","7660 Fulton Drive NW (Across from Jackson High School)","","","market","http://www.localharvest.org/jackson-township-farmers-market-M37221","-81.4932","40.8609","44646"
"Jefferson","","Jefferson Farmers' Market","oh","32 E. Jefferson St.","flowers herbs vegetables maple plants trees fruits","","market","","-80.7674","41.7373","44047"
"Blacklick","","Jefferson Township Community Farmers Market","oh","7475 Clark State Road","","","market","http://www.jeffersontownship.org","-82.8005","40.0438","43004"
"Johnstown","","Johnstown Farmers' Market","oh","S. Main Street and Coshocton St.","baked goods crafts vegetables honey jams maple plants soap fruits","","market","","-82.6848560","40.1538580","43031"
"Cleveland ","https://www.facebook.com/kammsmarket/","Kamm's Corners Farmers Market","oh","16906 Albers Ave.","organic baked goods cheese crafts flowers eggs herbs vegetables honey jams maple meat nuts plants poultry prepared soap coffee fruits juices pet food","","market","http://www.kammscornersfarmersmarket.org","-81.814974","41.449328","44111"
"Kenton","","Kenton Farmers' Market","oh","Columbus St at N. Detroit St","baked goods crafts flowers herbs vegetables honey jams maple nursery plants","","market","","-83.609734","40.648150","43326"
"Mt. Vernon","","Knox County Farmers Market","oh","Mt. Vernon City Square","","","market","","-82.9796","39.971",""
"Fairfield ","","KOLLSTEDT FAMILY FARM","oh","4655 RIVER ROAD ","vegetables jams fruits","","market","","-84.567481","39.351705","45014"
"Kirtland ","","Lake Metroparks Farmpark Farmers' Market","oh","8800 Euclid Chardon Rd","organic baked goods cheese crafts flowers eggs herbs vegetables plants prepared trees fruits","","market","http://www.lakemetroparks.com ","-81.328375","41.577281","44094"
"Lake Milton","","Lake Milton Farmers Market ","oh","Lake Milton Waterfront on the Amphitheater Lawn","","","market","http://www.lakemiltoninfo.com/","-80.9816","41.0929","44429"
"Lakewood","https://www.facebook.com/groups/leafc","Lakewood Earth and Food (LEAF) Community Farmers' Market","oh","15425 Detroit","organic baked goods cheese crafts flowers eggs herbs vegetables honey jams maple meat nuts plants poultry prepared soap trees coffee beans fruits grains","","market","http://www.leafcommunity.org","-81.8042660","41.4845390","44107"
"Lakewood ","https://www.facebook.com/lakewoodfarmersmarket","Lakewood Farmers Market","oh","Detroit Ave., Between Warren and Cook","baked goods cheese crafts herbs vegetables honey jams maple meat nuts poultry soap trees coffee fruits grains pet food","","market","http://marketconnect.us","-81.800894","41.484758","44107"
"Lancaster","","Lancaster Farmers Market","oh","Corner of Memorial Dr. & Wheeling St.","","","market","http://www.lancasterfarmersmarket.com","-82.6067","39.7151","43130"
"Columbus","","Lean Fat Organic Market","oh","9871 Lean Street","","","market","http://www.leanfat.com","-82.9988","39.9612","43085"
"Lebanon","","Lebanon Farmers Market","oh","120 W. South Street","","","market","","-84.2102","39.4324",""
"Cincinnati","lewfm","Lettuce Eat Well Farmers' Market","oh","4040 Harrison Ave","baked goods cheese crafts flowers eggs herbs vegetables honey jams maple meat plants poultry prepared soap beans fruits grains pet food","","market","http://www.lewfm.org","-84.6172030","39.1587027","45211"
"Van Wert","","Lincolnview Farms","oh","","","","market","","-84.5837","40.8688",""
"Canal Fulton","","Locust Street Farmers' Market and Flea Market","oh","853 Locust Street South and Portage Street","baked goods crafts herbs vegetables jams soap fruits wild","","market","","-81.568155","40.882003","44614"
"Bellefontaine","https://www.facebook.com/pages/Logan-County-Farmers-Market/117396318274013","Logan County Farmers Market","oh","Corner of Chillicothe and Detroit Street","organic baked goods cheese crafts flowers eggs seafood herbs vegetables honey jams maple meat plants poultry soap trees coffee beans fruits grains pet food","","market","","-83.7617721","40.3598470","43311"
"London","","London Farmers Market","oh","East 2nd Street","","","market","","-83.4491","39.8868","43140"
"Loveland","https://www.facebook.com/LovelandFarmersMarket","Loveland Farmers' Market","oh","205 Broadway Street","organic baked goods cheese flowers eggs herbs vegetables honey jams meat nuts plants poultry prepared soap fruits juices mushrooms pet food","","market","http://www.lovelandfm.com","-84.2599240","39.2663880","45140"
"Macedonia","","Macedonia Farmer's Market ","oh","1494 E Aurora Rd","","","market","http://www.macrec.com/","-81.486","41.3107","44056"
"Madeira","","Madeira Farmers Market","oh","8000 Miami Ave","organic baked goods cheese crafts eggs vegetables meat poultry soap fruits","","market","http://www.madeirafarmersmarket.com","-84.361117","39.203094","45243"
"Madeira","https://www.facebook.com/madeirafarmersmarket/","Madeira Farmers' Market","oh","Dawson and Miami Ave.","organic baked goods crafts flowers eggs herbs vegetables honey jams maple meat poultry prepared soap coffee fruits juices mushrooms pet food tofu","","market","http://www.madeirafarmersmarket.com","-84.363859","39.187923","45243"
"West Jefferson","","Madison Garden Center","oh","9640 West Broad St.","","","market","","-82.7353","39.8177","43162"
"Delware","","Main Street Delaware Farmers Market","oh","N. Sandusky Street","","","market","http://www.mainstreet.com","-83.0672","40.3055","43015"
"Elyria","","Main Street Elyria Farmers Market ","oh","104 Middle Ave.","","","market","http://www.mainstreetelyria.com/events?view=1&id=81","-82.1066","41.3675","44035"
"Portsmouth","https://www.facebook.com/pages/Main-Street-Portsmouth-Farmers-Market/121334127915677","Main Street Portsmouth Farmers Market ","oh","Corner of Gallia & Chillicothe Streets","","","market","","-82.9966","38.7341","45662"
"Wooster","","Main Street Wooste, Inc.","oh","N. Market Street Quad.","","","market","","-81.9454","40.7976","44691"
"Hartville","","Maize Valley Farmers Market","oh","6193 Edison Street NE","","","market","http://www.maizevalleywinery.com/homegrown","-81.2792","40.9549","44632"
"Lucas","","Malabar Farm Market","oh","Pleasant Valley Road","","","market","","-82.401","40.6428",""
"Marion ","Marion Ohio Market","Marion Ohio Market","oh","Main and Church ","baked goods crafts eggs vegetables honey jams maple prepared soap fruits","","market","","-83.122972","40.593304","43302"
"Columbus","","Market at 15th & High ","oh","1871 North High Street","","","market","http://www.marketat15thandhigh.blogspot.com/","-83.0082","40.0006","43210"
"Akron","https://www.facebook.com/pages/Market-at-Lock-3/119098968127379","Market at Lock 3","oh","200 S. Main St.","baked goods crafts herbs vegetables jams maple nuts plants poultry fruits","","market","http://www.downtownakron.com/market","-81.520422","41.079982","44308"
"New Springfield","","Market Day RCAC","oh","13794 Woodworth Rd","","","market","","-80.6061","40.9172","44443"
"Massillon","","Massillon Farmers Market","oh","505 Erie St.","","","market","","-81.5207","40.7916","44646"
"Polk","","Maynards Farm Market","oh","445 US Route 42","","","market","","-82.7075","41.4436",""
"MCCOMB","","MCCOMB FARMERS' MARKET","oh","200 PARK DR. S.","","","market","","-83.7844","41.1072",""
"Medina","","Medina County Farmers Market","oh","Historic Medina Square","","","market","","-81.8636","41.1376","44256"
"Pomeroy","www.facebook.com/meigscountyfarmersmarket","Meigs County Farmers' Market","oh","PO Box 702","organic baked goods crafts flowers eggs herbs vegetables honey jams plants soap coffee fruits","","market","http://www.meigscountyfarmersmarket.com","-82.034026","39.026596","45769"
"Mentor","https://www.facebook.com/Mentor-Farmers-Market-1696340793979619/?ref=aymt_homepage_panel","Mentor Farmers Market","oh","7967 Mentor Avenue","organic baked goods cheese crafts flowers eggs herbs vegetables honey jams maple meat plants poultry prepared soap trees coffee fruits juices pet food","","market","http://cityofmentor.com/departments/parks-recreation/upcoming-events/mentor-farmers-market/","-81.354842","41.662919","44060"
"Mentor","","Mentor Outdoor Farmers Market","oh","7850 Mentor Avenue, Great Lakes Mall","","","market","","-81.361","41.6605","44060"
"Troy","","Miami County Farmers Market","oh","Corner of ST RT & 41 Experiment Farm Rd.","","","market","","-84.2404","40.0559","45373"
"Middlefield","","Middlefield Market","oh","15864 Nauvoo Road","","","market","","-81.0766","41.4792",""
"Cleveland","","Miles Farmers Market INC","oh","28560 Miles Road","","","market","http://www.milesfarmersmarket.com","-81.4768","41.4243","44139-1184"
"MILLERSBURG","","MILLERSBURG FARMERS' MARKET","oh","20 N. CLINTON","","","market","","-81.9175","40.5555",""
"Mt. Gilead","","Mills Rest Ranch","oh","St. US Rt 42 South","","","market","","-82.8266","40.4605","43338"
"Minerva","https://www.facebook.com/MinervaFarmersMarketOhio","Minerva Farmers' Market","oh","corner of Line St. & Short St.","baked goods cheese crafts flowers herbs vegetables plants prepared soap fruits","","market","","-81.1025950","40.7279350","44657"
"Montgomery","https://www.facebook.com/MontgomeryFM/","Montgomery Farmers Market","oh","9609 Montgomery Rd","baked goods crafts flowers eggs seafood herbs vegetables honey jams maple meat plants poultry prepared soap coffee fruits juices mushrooms pet food","","market","http://www.montgomeryfarmersmarket.org","-84.353789","39.230912","45242"
"Montgomery","https://www.facebook.com/MontgomeryFM/","Montgomery Farmers Market Winter Market","oh","9994 Zig Zag Rd","baked goods crafts flowers eggs seafood herbs vegetables honey jams maple meat poultry prepared soap fruits","","market","http://www.montgomeryfarmersmarket.org","-84.363070","39.241124","45242"
"McConnelsville","Morgan County Farmers Market","Morgan County Farmers Market","oh","Intersection Main and Kennebec","baked goods crafts vegetables plants fruits","","market","http://morgan.osu.edu","-81.853276","39.648855","43756"
"Canton","https://www.facebook.com/MRCFarmersMarket","MRC Farmers' Market ","oh","1500 Superior Ave.  NE","","","market","http://www.mrcfarmersmarket.org/","-81.3426","40.8129",""
"Mt. Gilead","https://www.facebook.com/pages/Mount-Gilead-Farmers-Market/357066631010759","Mt Gilead Farmer's Market ","oh","75 E. High St. ","","","market","","-82.8257","40.5487",""
"Mt. Hope","","Mt. Hope Auction","oh","8076 SR 241","","","market","","-81.8","40.624","44660"
"Munroe Falls ","https://www.facebook.com/MunroeFallsFarmersMarket","Munroe Falls Farmers Market ","oh","43 Munroe Falls Ave","","","market","http://munroefallsfarmersmarket.weebly.com/","-81.441095","41.139097","44262"
"Columbus","","Nationwide Children's Hospital Farmers Market","oh","760 E. Livingston Ave.","baked goods cheese eggs herbs vegetables honey jams maple poultry fruits grains","nchfarmmarket","market","","-82.977836","39.952259","43205"
"Galion","","Natures Carousel","oh","233 South Market St.","","","market","","-82.7894","40.732",""
"Barberton ","","NDS Downtown Barberton Farmers' Market","oh","3rd Street NW between W. Tuscarawas and W. Park","baked goods crafts flowers herbs vegetables honey jams maple plants soap coffee fruits","","market","http://ndsbarbertonevents.com","-81.608706","41.013610","44203"
"Athens ","https://www.facebook.com/NelsonvilleFarmersMarket","Nelsonville Farmers Market ","oh","52 Public Square","baked goods eggs herbs vegetables jams maple plants prepared soap fruits tofu","","market","","-82.231891","39.460973",""
"New Albany","https://www.facebook.com/nafarmersmarket","New Albany Farmers Market","oh","200 Market Street (outdoor); 150 West Main Street (indoor)","organic baked goods cheese crafts flowers eggs seafood herbs vegetables honey jams maple poultry prepared soap coffee fruits grains juices mushrooms pet food wild","","market","http://www.healthynewalbany.org","-82.815383","40.081412","43054"
"New Carlisle","https://www.facebook.com/NewCarlisleFarmersMarket","New Carlisle Farmer's Market","oh","114 South Main street","baked goods crafts flowers herbs vegetables honey jams maple plants prepared soap fruits","@BuyClarkCounty","market","http://buyclarkcounty.com/market/","-84.025048","39.936605","45344"
"New Concord","","New Concord Farmers' Market","oh","Main Street","","","market","","-81.7371","39.9937","43762"
"New London","","New London Farmers and Flea Market","oh","East Main Street, Old school parking lot","","","market","","-81.5906","41.4839","44851"
"Smithfield","","Noodles Market","oh","932 Main Street","","","market","","-80.7825","40.2691","43948"
"North Canton, OH.","","North Canton Farmers' Market ","oh","123-139 South Main Street - rear parking lot of St. Pauls Catholic parking lot and the Main Street Grille ","","","market","http://www.msgrille.com/NcFarmersMarket/","-81.4024","40.8753",""
" Mansfield ","www.facebook.com/nefm2014/","North End Farmers Market","oh","417 Blust Ave.","organic baked goods cheese crafts flowers herbs vegetables honey jams maple meat soap fruits juices","twitter.com/necic","market","http://www.necic-ohio.org","-82.5247140","40.7703620","44903"
"Columbus","https://www.facebook.com/NorthMarket/","North Market Farmers' Market","oh","59 Spruce Street","baked goods flowers eggs vegetables honey jams maple plants soap fruits mushrooms","https://twitter.com/NorthMarket","market","http://northmarket.com","-83.0043304","39.9718961","43215"
"North Royalton","","North Royalton Farmers Market","oh","Memorial Park State Rd","","","market","","-81.7245","41.3096","44133"
"Chagrin Falls","https://www.facebook.com/NorthUnionFarmersMarket","North Union Farmers Market at Chagrin Falls","oh","Band Stand Triangle Park","organic baked goods cheese crafts flowers eggs herbs vegetables honey jams meat plants poultry soap trees fruits grains juices","https://twitter.com/NUFarmersMarket","market","http://www.northunionfarmersmarket.org/markets/chagrin.html","-81.391704","41.430360","44022"
"Beachwood","","North Union Farmers Market at Cleveland Clinic Beachwood","oh","26900 Cedar Road","organic baked goods cheese crafts flowers eggs herbs vegetables honey jams maple meat nursery nuts plants poultry prepared soap trees","","market","http://www.northunionfarmersmarket.org/markets/clinic_beachwood.html","-81.4891619","41.5005240","44122"
"Westlake","https://www.facebook.com/NorthUnionFarmersMarket","North Union Farmers Market at Crocker park","oh","Crocker Road and Market Street","organic baked goods cheese crafts flowers eggs herbs vegetables honey jams maple meat plants poultry prepared soap trees coffee beans fruits grains juices mushrooms wild","https://twitter.com/NUFarmersMarket","market","http://www.northunionfarmersmarket.org/markets/crocker.html","-81.950408","41.457881","44145"
"Cleveland","https://www.facebook.com/NorthUnionFarmersMarket","North Union Farmers Market at PlayhouseSquare/CSU","oh","Star Plaza, Euclid Avenue and E. 14th","organic baked goods cheese flowers vegetables honey jams maple plants soap trees fruits juices","https://twitter.com/NUFarmersMarket","market","http://www.northunionfarmersmarket.org/markets/csu.html","-81.681848","41.500652","44115"
"Cleveland","https://www.facebook.com/NorthUnionFarmersMarket","North Union Farmers Market at Shaker Square","oh","Shaker Square","organic baked goods cheese crafts flowers eggs herbs vegetables honey jams maple meat nuts plants poultry prepared soap trees coffee beans fruits grains juices mushrooms tofu wild","https://twitter.com/NUFarmersMarket","market","http://www.northunionfarmersmarket.org/markets/shaker.html","-81.5911402","41.4839508","44120"
"Cleveland","https://www.facebook.com/NorthUnionFarmersMarket","North Union Farmers Market at the Cleveland Clinic Main Campus","oh","East 100th Street and Carnegie Ave.","organic baked goods cheese flowers eggs herbs vegetables honey jams maple meat plants poultry soap coffee fruits juices","https://twitter.com/NUFarmersMarket","market","http://www.northunionfarmersmarket.org/markets/clinic.html","-81.617533","41.502183","44106"
"Cleveland","https://www.facebook.com/NorthUnionFarmersMarket","North Union Farmers Market at University Hospitals","oh","2074 Adelbert Road","organic baked goods cheese flowers eggs herbs vegetables honey jams maple meat plants poultry prepared soap trees coffee fruits juices","https://twitter.com/NUFarmersMarket","market","http://www.northunionfarmersmarket.org/markets/uh.html","-81.607019","41.504883","44106"
"Cleveland","https://www.facebook.com/NorthUnionFarmersMarket","North Union Farmers Market Indoor Winter Market at Shaker Square","oh","13209 Shaker Square","organic baked goods cheese crafts eggs herbs vegetables honey jams maple meat poultry prepared soap beans fruits grains juices mushrooms","https://twitter.com/NUFarmersMarket","market","http://www.northunionfarmersmarket.org/markets/indoor.html","-81.589906","41.484433","44120"
"Cincinnati","https://www.facebook.com/CinciNorthsideFarmersMarket","Northside Farmers Market","oh","4101 Hamilton Avenue","organic baked goods cheese crafts flowers eggs herbs vegetables honey jams meat plants poultry prepared soap coffee fruits grains juices mushrooms pet food wild","https://twitter.com/NsideFarmersMkt","market","http://www.northsidefm.org","-84.539695","39.160511","45223"
"Youngstown","Northside Farmers' Market Youngstown","Northside Farmers' Market  year round","oh","901 Elm Street","organic baked goods cheese crafts flowers eggs herbs vegetables honey jams maple meat plants poultry prepared soap coffee beans fruits grains juices mushrooms","","market","","-80.645004","41.112216","44505"
"Norwalk","https://www.facebook.com/pages/Norwalk-Farmers-Market/155311025552","Norwalk Farmers Market","oh","2 Church Street","organic baked goods crafts flowers eggs herbs vegetables honey jams maple plants soap coffee fruits juices","","market","","-82.617223","41.241406","44857"
"Oak Harbor","","Oak Harbor Farmer's Market ","oh","161 West Water Street(Downtown Oak Harbor)","","","market","http://www.oakharborohio.net/events/12","-83.1468","41.5073","43449"
"Oakwood","https://www.facebook.com/pages/Oakwood-Farmers-Market/119628384905691","Oakwood Farmers Market ","oh","22 Orchard Drive, just off Far Hills Ave. in the parking lot behind Chico's","","","market","","-84.1698","39.7084","45419"
"Oberlin","https://www.facebook.com/oberlinfarmersmarket","Oberlin Farmers Market","oh","69-85 S Main Street","organic baked goods cheese crafts flowers eggs herbs honey jams maple meat poultry prepared soap beans fruits grains juices","","market","http://www.oberlinfarmersmarket.com","-82.2166500","41.2893270","44074"
"COLUMBUS","","OBETZ FAMILY MARKET","oh","4025 ALUM CREEK DRIVE","","","market","","-82.9315","39.8873","43207"
"Bellaire","https://www.facebook.com/Ohio-Valley-Farmers-Market-76218936373/info/?entry_point=page_nav_about_item&tab=page_info","Ohio Valley Farmers Market - Bellaire","oh","32nd Street and Union Street","organic baked goods crafts flowers eggs herbs vegetables honey jams maple meat plants poultry prepared soap trees coffee fruits mushrooms","","market","http://ovfarmersmarket.org/","-80.7422347","40.0137473","43906"
"St. Clairsville","https://www.facebook.com/Ohio-Valley-Farmers-Market-76218936373/?ref=bookmarks","Ohio Valley Farmers' Market","oh","Mall Road","baked goods crafts eggs herbs vegetables honey meat plants poultry soap coffee fruits","","market","http://www.ovfarmersmarket.org","-80.866729","40.070918","43950"
"Milford","","Ohio Valley Fruit & Vegetable Growers Asociation","oh","1025 Lila Avenue","flowers eggs herbs vegetables honey jams soap fruits","","market","","-84.275529","39.173808","45150"
"Cincinnati ","","Ohio Valley Fruit and Vegetable growers assn","oh","453 Old State Route 74","herbs vegetables wine fruits","","market","http://www.Milfordfarmersmarket.com","-84.306319","39.111468",""
"Orrville","https://www.facebook.com/pages/The-Carytown-Farmers-Market/251655224946456?ref=hl","Orrville Farmers Market","oh","315 W. Market St.","","","market","","-81.7667","40.8407","44667"
"Ottawa","","Ottawa Area Farmers Market","oh","Parking Lot at Main & Oak Streets","baked goods vegetables honey jams meat plants","","market","","-84.0476","41.0193","45875"
"Oxford ","oxfordfarmersmarket","Oxford Farmers Market","oh","Main & High Streets","organic baked goods crafts flowers eggs herbs vegetables honey jams maple plants poultry prepared soap trees coffee beans fruits grains juices pet food","","market","http://www.oxfordfarmersmarket.com","-84.742070","39.511147","45056"
"Painesville","https://www.facebook.com/painesvillefarmersmarket","Painesville Farmers Market","oh","Veteran's Park at 1 Liberty Street","baked goods cheese flowers eggs vegetables honey jams maple nuts plants soap coffee fruits pet food","PainesvilleFM","market","http://www.painesvillefarmersmarket.webs.com","-81.2451655","41.7241493","44077"
"Pataskala","https://www.facebook.com/StratfordFarmersMarket","Pataskala Farmers Market","oh","S. Main Street","","","market","","-82.6774","39.9917","43062"
"Columbus ","www.facebook.com/PearlMarket","Pearl Market","oh","1 Capitol Square","baked goods crafts flowers eggs herbs vegetables honey jams meat plants prepared soap wine coffee fruits juices mushrooms pet food","https://twitter.com/PEARLMARKET","market","http://www.downtowncolumbus.com/pearlmarket","-82.999264","39.962141","43215"
"Troy","","Peddlers Paradise","oh","865 W. Market Street","","","market","","-84.2244","40.028",""
"SOMERSET","https://www.facebook.com/perrycofarmersmarket","Perry County FARMERS' MARKET","oh","100 PUBLIC SQ.","baked goods crafts flowers eggs herbs vegetables honey jams maple meat plants poultry soap fruits","","market","http://www.perrycofarmmarket.com","-82.299305","39.807259","43783"
"Perrysburg","","Perrysburg Farmers Market","oh","Louisiana Ave. at Front St.","organic baked goods cheese crafts flowers eggs herbs vegetables honey jams maple meat plants prepared soap trees coffee fruits juices pet food","","market","http://www.perrysburg-farmers-market.com","-83.6300200","41.5604230","43551"
"Circleville","","Pickaway Farmers' Market","oh","166 West Main Street","baked goods crafts flowers herbs vegetables honey jams nuts plants soap","","market","http://www.pickawaymarket.com","-82.9468","39.6026","43113"
"Pickerington ","facebook.com/oldepickeringtonfarmersmarket","Pickerington Farmers' Market","oh","89 N. Center Street","baked goods cheese crafts flowers eggs herbs vegetables honey jams maple meat plants poultry prepared soap coffee beans fruits","twitter.com/pickfarmers","market","http://www.pickeringtonvillage.com","-82.753828","39.885907","43147"
"Beaver","https://www.facebook.com/OSU-Extension-Pike-County-942516695840817/notifications/","Pike County Pop-Up Farmers' Markets - Beaver, Ohio","oh","5556 Beaver Pike","baked goods flowers eggs vegetables honey jams meat plants prepared fruits","","market","http://pike.osu.edu","-82.827699","39.031097","45613"
"Piketon","https://www.facebook.com/OSU-Extension-Pike-County-942516695840817/notifications/","Pike County Pop-Up Farmers' Markets - Piketon, Ohio","oh","7144 US 23 N","baked goods flowers eggs vegetables honey jams meat plants prepared fruits","","market","http://pike.osu.edu","-83.017869","39.060090","45661"
"Waverly","https://www.facebook.com/OSU-Extension-Pike-County-942516695840817/notifications/","Pike County Pop-Up Farmers' Markets - Waverly, Ohio","oh","1001 West 2nd Street","baked goods flowers eggs vegetables honey jams meat plants prepared fruits","","market","http://pike.osu.edu","-82.990343","39.115218","45690"
"Piqua","https://www.facebook.com/piquafarmersmarket","Piqua Community Farmers Market","oh","Spring & Ash Streets","baked goods eggs vegetables honey jams plants soap coffee fruits","","market","http://www.piquafarmersmarket.com","-84.238572","40.149539","45356"
"Plain City","https://www.facebook.com/plaincityfarmersmarket","Plain City Farmers Market","oh","South Chillicothe St. and Main St.","","","market","http://uptownplaincity.com/","-83.26707","40.10798","43064"
"Canton, OH","https://www.facebook.com/PlainTownshipFarmersMarket/","Plain Township Farmers' Market","oh","1714 Schneider Street NE","organic baked goods cheese crafts flowers eggs vegetables honey jams maple meat nuts plants poultry prepared soap coffee fruits juices mushrooms pet food","","market","https://www.plaintownship.com/farmersmarket.aspx","-81.350669","40.865422","44721"
"Powell","https://www.facebook.com/PowellChamberFarmersMarket","Powell Chamber of Commerce Farmers Market","oh","50 S. Liberty Street","baked goods cheese eggs herbs vegetables meat plants soap coffee fruits","","market","","-83.0748408","40.1569811","43065"
"Galloway","","Prairie Township Farmer's Market","oh","5955 W. Broad Street","baked goods eggs vegetables honey jams maple poultry coffee fruits juices","","market","http://oh-prairietownship2.civicplus.com/219/Farmers-Market","-83.009303","39.9695356","43119"
"Fremont","","Ralph's Joy of Living Farmer's Market","oh","Front Street and Garrison Street","baked goods cheese crafts flowers eggs herbs vegetables honey jams maple meat plants prepared soap trees coffee fruits juices pet food","","market","http://www.joyofliving.com/fremont-market","-83.1135499","41.3454080","43420"
"Belpre","","Red Barn Market","oh","2100 Washington Blvd.","","","market","","-81.6036","39.2779","45714"
"Reynoldsburg ","","Reynoldsburg Farmer's Market","oh","1520 Davidson Drive","baked goods cheese crafts flowers eggs vegetables honey jams maple meat plants prepared soap fruits","","market","http://www.ci.reynoldsburg.oh.us","-82.8046203","39.9519741","43068"
"Marietta","","Rinky Dinks Flea & Farmers Market","oh","404 Fort Harmar Drive","","","market","","-81.4672","39.407","45750"
"Ripley","","Ripley Farmers Market","oh","116 Main St.","baked goods eggs vegetables jams plants beans fruits","","market","","-83.8086607","39.0080523","45167"
"Marietta","","River City Farmers Market","oh","South 3rd St.","","","market","","-81.4479","39.4109","45750"
"Cincinnati","https://www.facebook.com/FindlayMarket","Robert's Farmstand","oh","1702 Grand Ave","baked goods cheese eggs herbs vegetables honey jams meat poultry prepared fruits","","market","http://www.findlaymarket.org","-84.557140","39.118213","45214"
"Rogers","","Rogers Community Auction & Open Market","oh","45625 S.R. 154","","","market","","-82.471","40.3908","44455"
"Roseville","","Roseville Community Center Farmers Market","oh","13047 Karl Brown Rd.","","","market","","-82.077","39.8121","43777"
"Xenia","","S.P. Mallow & Sons","oh","914 Bellbrook Avenue","","","market","","-83.9492","39.6767","45385"
"Saint Paris","SaintParis FarmersMarket","SaintParis FarmersMarket","oh","135 West Main Street","baked goods crafts flowers vegetables honey jams maple plants soap fruits","","market","","-83.975948","40.133275","43072"
"Saint Paris","SaintParis FarmersMarket","SaintParis FarmersMarket","oh","135 W. Main St","baked goods cheese crafts vegetables honey maple plants fruits","","market","","-83.959772","40.127699","43072"
"Sandusky","https://www.facebook.com/SanduskyFarmersMarket/","Sandusky Farmers Market","oh","Market and Hancock","baked goods flowers vegetables honey jams prepared trees fruits","","market","http://www.sanduskyfarmersmarket.org","-82.7084701","41.4572297","44870"
"Medina","Schmidt Family Farms","Schmidt Family Farms","oh","4282 State Road","organic eggs vegetables honey plants poultry wild","","market","http://Schmidt Family Farms.org","-81.708060","41.159011","44256"
"Columbus","https://www.facebook.com/Southeastfarmersgrowers43232/","SE Columbus Farmer's & Grower's Market","oh","5081 Carbondale Drive","baked goods crafts herbs vegetables honey jams soap fruits mushrooms","","market","","-82.847372","39.924927","43232"
"Shelby","https://www.facebook.com/pages/Shelby-Farmers-Market/269675866394028","Shelby Farmers' Market","oh","E Main St. and High School Ave.","organic baked goods cheese crafts flowers herbs vegetables honey maple plants soap fruits","","market","","-82.6584510","40.8813740","44875"
"Dayton ","https://www.facebook.com/Shiloh-Farmers-Market-508150235911225/","Shiloh Farmers' Market","oh","5300 Philadelphia Dr.","baked goods cheese crafts flowers eggs herbs vegetables honey jams maple meat plants poultry prepared soap coffee fruits juices mushrooms","","market","http://www.shilohfarmersmarket.com/","-84.235026","39.819046","45415"
"Columbus","","SouthPonte Farmers Market","oh","3459 South High Street","","","market","","-82.997","39.891","43207"
"Spencerville","https://www.facebook.com/SpencervilleFarmersMarket/","Spencerville OH Farmers Market","oh","St Rt 66 and 3rd St","organic baked goods eggs herbs vegetables honey jams maple soap trees fruits juices","","market","","-84.3540645","40.7076022","45887"
"Springfield","https://www.facebook.com/SpringfieldFarmMarket/","Springfield Farmers Market","oh","117 S Fountain Ave. ","organic baked goods cheese crafts flowers eggs herbs vegetables honey jams meat plants poultry prepared soap fruits mushrooms pet food","","market","http://www.visitgreaterspringfield.com","-83.810796","39.922966","45502"
"Saint Paris","SaintParis FarmersMarket","St. Paris Farmers Market","oh","135 W. Main Street","baked goods flowers vegetables honey jams plants soap fruits","","market","","-83.953592","40.125993","43072"
"Canton","www.facebook.com/starkfresh","StarkFresh Corridor Farmer's Market","oh","1800 block of Mahoning Rd. NE","baked goods eggs herbs vegetables honey jams soap fruits","","market","http://www.starkfresh.org","-81.351516","40.808886","44705"
"Bowling Green","","Stimmel's Saturday Farmer's Market ","oh","1220 Wooster St","","","market","http://www.localharvest.org/stimmels-saturday-farmers-market-M48452","-83.6719","41.3724","43402"
"Stow","@StowCommunityFarmersMarket","Stow Community Farmers Market","oh","1567 Pilgrim Drive","baked goods crafts eggs herbs vegetables honey jams maple meat plants prepared soap trees coffee fruits pet food","","market","http://www.stowfarmersmarket.com","-81.452156","41.168794","44224"
"Strongsville","","Strongsville Farmers Market","oh","18100 Royalton Road","","","market","","-81.828","41.3136","44136"
"Dayton (Sugarcreek Township)","","SUGARCREEK TOWNSHIP FARMERS' MARKET","oh","6134 Wilmington Pike","organic baked goods cheese flowers eggs herbs vegetables honey jams meat plants poultry prepared soap trees fruits","","market","http://www.sugarcreektownship.com/index.aspx?nid=199","-84.1099836677313","39.6508618444204","45459"
"Akron","https://www.facebook.com/LetsGrowAkron/","Summit Lake Neighborhood Farmers' Market","oh","380 W. Crosier St.","organic baked goods crafts flowers vegetables honey jams soap coffee beans fruits","letsgrowakron","market","http://www.letsgrowakron.org","-81.542318","41.058965","44311"
"Swanton","","Swanton Farmer's Market","oh","Airport Highway and Hallett","baked goods crafts flowers vegetables honey jams nuts plants soap trees fruits juices pet food","","market","http://www.swantonohiofarmersmarket.com","-83.8825344","41.5810890","43558"
"Akron","","TALLMADGE FAMILY FARMERS MARKET","oh","1279 E Tallmadge Ave","baked goods seafood vegetables prepared soap wine coffee fruits juices","","market","","-81.4688767","41.1019246","44311"
"Tallmadge ","Tallmadge Farmers Market","Tallmadge Farmers Market ","oh","46 N Munroe Road","baked goods crafts flowers eggs herbs vegetables honey jams plants poultry prepared soap coffee fruits","","market","http://www.facebook.com/TallmadgeFarmersMarket","-81.414936","41.101566","44278"
" Geneva","https://www.facebook.com/terralocal","Terra Local","oh","Park st  and Eagle Street","","","market","http://www.terralocal.net/","-80.9501","41.8037",""
"East Cleveland","https://www.facebook.com/CoitRoadFarmersMarket","The Coit Road Farmers Market","oh","15000 Woodworth Rd","baked goods cheese crafts eggs herbs vegetables honey maple nuts plants soap fruits","","market","http://www.coitmarket.org","-81.578199","41.545129","44110"
"Mansfield ","https://www.facebook.com/DowntownMansfieldFarmersMarket","The Downtown Mansfield Farmers Market","oh","4 West Fourth Steet","organic baked goods crafts flowers herbs vegetables jams meat plants prepared coffee fruits juices","","market","http://www.downtownmansfield.com/index.php/uplift/farmers-market.html","-82.515694","40.760992","44902"
"Fairfield","http://bit.ly/thefairfieldfarmersmarket","The Fairfield Farmers Market","oh","411 Wessel Drive","baked goods cheese crafts eggs herbs vegetables honey jams poultry soap wine coffee fruits juices mushrooms pet food","","market","","-84.563916","39.334042","45014"
"Tipp City","facebook.com/GrowersandPickers","The Farmer's Market at Ginghamsburg Church","oh","6759 S County Rd 25A","organic baked goods cheese flowers eggs herbs vegetables honey jams maple meat plants poultry prepared soap trees coffee fruits juices","","market","http://www.ginghamsburg.org/mission","-84.1922356","39.9403423","45373"
"West Chester","","The Feed Barn Farmers Market","oh","9257 Cincinnati Dayton Rd.","","","market","","-84.4111","39.3212","45069"
"Sidney","","The Great Sidney Farmers Market","oh","101 S. Ohio Avenue - Floor 2","baked goods cheese crafts flowers herbs vegetables honey jams maple meat plants prepared soap","","market","http://www.downtownsidney.com","-84.1568","40.2854","45365"
"Huber Heights","https://www.facebook.com/huberheightsfarmersmarket","The Heights Farmers and Artisans Market","oh","6178 Chambersburg Road","","","market","http://theheightsfarmersmarket.homestead.com/about.html","-84.1179","39.8471","45424"
"Miamisburg","https://www.facebook.com/pages/The-Market-at-Austin-Landing/1490569211192586","The Market at Austin Landing","oh","10400 Innovation Dr.","organic baked goods cheese flowers eggs herbs vegetables honey jams maple meat plants poultry soap trees coffee fruits grains juices pet food wild","https://twitter.com/market_austin","market","http://www.austinlanding.com","-84.2358568","39.5999081","45342"
"Dayton","https://www.facebook.com/marketwsp/","The Market at Wright Stop Plaza","oh","4 S. Main St. ","herbs vegetables honey fruits mushrooms","","market","http://www.homefull.org/the-market-at-wright-stop-plaza/","-84.1913141","39.7592352","45402"
"Ashland","","The Mid-Week Farmers Market","oh","Parking Lot B, Downtown","","","market","","-82.3205","40.8647","44805"
"Delaware","https://www.facebook.com/TheOriginalDelawareCountyCommunityFarmersMarket","The Original Delaware County Community Farmers Market","oh","236 Pennsylvania Ave","","","market","http://www.dccmc.com","-83.0801","40.3141","43015"
"Bowersville","","Timothy's Farmers Market","oh","Corner of East Xenia & Maysutle St","","","market","","-83.7243","39.5805",""
"Tipp City","","Tipp City Marketplace","oh","Broadway & South ThirdStreets","","","market","http://www.tippecanoefarmersmarket.com/","-84.1712","39.9591","45371"
"Toledo ","https://www.facebook.com/toledofarmersmarket","Toledo Farmers' Market","oh","525 Market","organic baked goods cheese crafts flowers eggs herbs vegetables honey jams maple meat nuts plants poultry prepared soap trees wine coffee fruits grains juices wild","","market","http://www.toledofarmersmarket.com","-83.542051","41.645297","43604"
"Cleveland","","Tremont Farmers' Market","oh","Lincoln Park West 14th Street between Starkweather Avenue and Kenilworth Avenue","organic baked goods cheese crafts flowers eggs herbs vegetables honey jams maple meat plants poultry prepared soap coffee beans fruits grains juices mushrooms pet food tofu wild","","market","http://www.tremontfarmersmarket.com","-81.690903","41.478361","44113"
"Dover","https://www.facebook.com/tuscfarmersmarket","Tuscarawas Valley Farmers  Market","oh","259 S. Tuscarawas Ave","organic baked goods cheese flowers eggs herbs vegetables honey jams maple meat plants poultry prepared soap trees fruits","","market","http://www.tvffm.org","-81.47244","40.51448","44622"
"Twinsburg","","Twinsburg Farmers Market","oh","Church Street","","","market","http://www.twinsburgivistorcenter.com","-81.441","41.3121","44087"
"Marysville","","Union County Farmers Market","oh","Corner of 5th & Main St.","","","market","","-83.3669","40.2365","43040"
"Richwood, OH","www.facebook.com/richwoodfarmersmarket","Union County Farmers Market - Richwood Location","oh","4 E Ottawa Street","baked goods crafts herbs vegetables honey jams maple meat plants soap fruits","","market","","-83.296015","40.426013","43344"
"Upper Arlington","","Upper Arlington Farmers Market","oh","2850 Tremont Rd","organic baked goods flowers eggs seafood vegetables honey jams meat plants poultry coffee fruits","","market","http://www.getfreshmarkets.org","-83.066903","40.013849","43221"
"Westerville","https://www.facebook.com/MarketWednesday/","Uptown Westerville Farmers' Market","oh","62 N. State St.","baked goods cheese flowers eggs seafood herbs vegetables honey jams maple meat plants poultry fruits","https://twitter.com/marketwednesday","market","https://www.marketwednesday.com/","-82.932051","40.127570","43081"
"Van Wert","","Van Wert County Farmers Market","oh","Central Avenue & Market Street","","","market","","-84.5807","40.8687",""
"Vandalia","Vandalia Farmers Market","Vandalia Community Farmers Market ","oh","31 Tionda Street","baked goods cheese crafts flowers eggs herbs vegetables honey jams maple meat nuts plants poultry prepared soap trees coffee fruits pet food","","market","http://www.vandaliafarmersmarket.com","-84.1977263","39.8890201","45377"
"Cleveland ","https://www.facebook.com/VillageMarketSlavicVillage/","Village Market- Slavic Village","oh","5106 Fleet Ave","baked goods herbs vegetables honey jams plants fruits","","market","http://slavicvillage.org/villagemarket","-81.654595","41.455724","44105"
"Chesterhill","","Village of Chesterhill Farmers Market","oh","Lot adjacent to the Church of Christ on Rt. 377","","","market","","-81.866","39.4884","43728"
"Casstown","","Volk Fruit Farm","oh","5782 Addison-New Carlisle Pike","","","market","","-84.0296","40.0429","45312"
"Wadsworth","https://www.facebook.com/MainStreetWadsworthFarmersMarket/","Wadsworth Farmers Market","oh","151 Main Street","baked goods cheese crafts flowers herbs vegetables honey jams maple meat plants trees coffee fruits pet food","","market","http://www.wadsworthfarmersmarket.com","-81.732318","41.028681","44281"
"Wapakoneta","","Wapakoneta Farmers' Market","oh","Behind Town By Auglaize River","baked goods crafts flowers herbs vegetables honey jams maple plants soap coffee fruits","","market","","-84.193602","40.571217","45895"
"Springboro","","Warren County Farmers Market","oh","505 Central Avenue","","","market","","-84.2526","39.5617",""
"Warren","https://www.facebook.com/WarrenOhioFarmersMarket?ref=aymt_homepage_panel","Warren Farmer's Market","oh","170 North Park Ave.","organic baked goods cheese eggs herbs vegetables honey jams maple plants poultry prepared coffee fruits","","market","http://warrenfarmersmarket.org/","-80.818098","41.237225","44481"
"Warren","","Warren Flea Market","oh","428 Main Stret","","","market","","-80.8198","41.2331","44481"
"Wooster","","Wayne County Arts & Crafts Guild","oh","50 Riffel Rd.","","","market","","-81.942","40.8513","44691"
"Dayton","","Wegerzyn's Farmers Market","oh","Courthouse Square 3rd & Main Street","","","market","","-84.1918","39.7595","45402"
"Wellington","https://www.facebook.com/pages/Wellington-Farmers-Market/213277332020136","Wellington Farmers' Market","oh","115 Willard Memorial Square","baked goods cheese crafts eggs herbs vegetables honey jams maple meat plants poultry prepared soap trees fruits pet food","","market","http://www.wellingtonfarmersmarket.org","-82.2179354","41.1689421","44090"
"New Paris","Wesler Orchards","Wesler Orchards & Farm Market","oh","9319 Wesler Road","","","market","http://www.weslerorchards.com","-84.802843","39.867714","45347"
"Lima","","West Elm Street Farmers Market","oh","3000 W. Elm Street","","","market","","-84.159","40.737",""
"West Jefferson","https://www.facebook.com/pages/West-Jefferson-Ohio-Farmers-Market/164535836937303","West Jefferson Farmer's Market+ ","oh","55 W. Main St","","","market","","-83.2701","39.9447","43162"
"Perry","","West Orchards","oh","3096 N. Ridge Road","","","market","","-81.1722","41.7709","44081"
"Westerville","Westerville Saturday Farmers Market","Westerville Saturday Farmers Market","oh","1 S Grove St","organic baked goods crafts flowers eggs herbs vegetables honey jams meat nuts plants poultry prepared soap coffee fruits grains juices mushrooms pet food","","market","http://www.UptownWestervilleInc.com","-82.935814","40.125435","43081"
"Columbus"," https://www.facebook.com/WestgateFarmersMarket/","Westgate Farmers Market","oh","2925 W. Broad Street","baked goods crafts flowers eggs herbs vegetables honey jams meat poultry prepared soap coffee fruits mushrooms","","market","http://www.westgatefarmersmarket.com","-83.078781","39.954491","43204"
"Toledo ","Toledo Farmers Market","Westgate Farmers' Market @ Elder Beerman","oh","3300 Secor Road","organic baked goods cheese crafts flowers eggs herbs honey jams maple plants prepared soap trees coffee fruits juices","","market","http://www.toledofarmersmarket.com","-83.623510","41.680346","43606"
"Chardon","www.facebook.com/whitebarnlocal","White Barn Local","oh","Online","eggs herbs vegetables jams maple meat poultry fruits","","market","http://www.whitebarnlocal.com","-81.183629","41.604726",""
"Whitehouse","","Whitehouse Farmers' Market","oh","10911 Toledo Street","baked goods crafts flowers herbs vegetables plants prepared soap trees fruits","","market","http://www.whitehouseoh.gov","-83.8041040","41.5178910","43571"
"Bryan ","","Williams County Farmer's Market","oh","High Street ","baked goods flowers herbs vegetables maple plants soap fruits","","market","","-84.551292","41.474364","43506"
"Willoughby","","Willoughby Lakefront Outdoor Farmer's Market","oh","38575 Lakeshore Blvd.","organic baked goods cheese crafts flowers plants prepared fruits juices","","market","http://www.willoughbylakefront.com","-81.395222","41.696999","44094"
"Willoughby","","Willoughby Outdoor Market","oh","1 Public Square","","","market","","-81.4059","41.6393","44094"
"Wooster","https://www.facebook.com/downtownwoosterfarmersmarket","Wooster Downtown Farmers Market","oh","Liberty & Market Street","organic baked goods flowers eggs herbs vegetables honey jams maple plants poultry soap coffee fruits grains mushrooms","","market","http://www.mainstreetwooster.org","-81.9399841","40.7981618","44691"
"Worthington","https://www.facebook.com/worthingtonfarmersmarket","Worthington Farmers Market","oh","High Street between 161 and New England Street.","organic baked goods cheese flowers eggs seafood herbs vegetables honey maple meat plants poultry soap coffee beans fruits grains mushrooms pet food","https://twitter.com/WorthingtonFM","market","http://www.worthingtonfarmersmarket.com","-83.018120","40.087885","43085"
"Wyoming","http://www.facebook.com/wyomingavefarmersmarket/","Wyoming Ave. Farmers' Market, LLC","oh","Wyoming Ave. at Oak on the Village Green","baked goods eggs herbs vegetables honey jams meat nuts plants poultry prepared coffee fruits","http://twitter.com/wyomfarmmkt","market","http://www.wyomingavefarmersmarket.com","-84.465898","39.227619","45215"
"Xenia","","Xenia Station Farmers Market","oh"," Miami Ave.","","","market","","-83.9137","39.6643","45385"
"Yellow Springs","","Yellow Springs Farmers' Market in King's Yard","oh","Walnut St. behind the Trail Tavern","","","market","http://www.yellowspringsfarmersmarket.com","-83.8898","39.8062","45387"
"YELLOW SPRINGS","","Yellow Springs SOUTH TOWN FARMERS' MARKET","oh","1485 XENIA AVE. ST RT 68","","","market","","-83.899","39.7901",""
"YELLOW SPRINGS","https://www.facebook.com/YellowSpringsWinterFarmersMarket","Yellow Springs Winter Farmer's Market","oh","Yellow Springs Methodist Church/ 202 South Winter Street","baked goods eggs herbs vegetables honey jams maple soap","","market","","-83.8913500","39.8065740","45387"
"Martinsburg","","Yoder Cider Barn","oh","3361 Martinsburg Rd.","","","market","","-82.3617","40.276",""
"Zanesville","","Zanesville Farmers Market","oh","Muskingum County Fairgrounds","","","market","","-82.023","39.9239","43701"
