STATEFP,COUNTYFP,GEOID,NAME,NAMELSAD,lon,lat,state,ABBR
31,039,31039,Cuming,Cuming County,-96.7885168,41.9158651,Nebraska,NE
31,109,31109,Lancaster,Lancaster County,-96.6886584,40.7835474,Nebraska,NE
31,129,31129,Nuckolls,Nuckolls County,-98.0468422,40.1764918,Nebraska,NE
31,101,31101,Keith,Keith County,-101.6444493,41.1942448,Nebraska,NE
31,137,31137,Phelps,Phelps County,-99.4065568,40.5163647,Nebraska,NE
31,181,31181,Webster,Webster County,-98.4985897,40.1806461,Nebraska,NE
31,043,31043,Dakota,Dakota County,-96.5613555,42.3916449,Nebraska,NE
31,015,31015,Boyd,Boyd County,-98.7730221,42.8944477,Nebraska,NE
31,171,31171,Thomas,Thomas County,-100.5247028,41.8557296,Nebraska,NE
31,089,31089,Holt,Holt County,-98.784766200000007,42.4592867,Nebraska,NE
31,017,31017,Brown,Brown County,-99.9239198,42.3595618,Nebraska,NE
31,103,31103,Keya Paha,Keya Paha County,-99.7183514,42.8754803,Nebraska,NE
31,007,31007,Banner,Banner County,-103.7262626,41.5397495,Nebraska,NE
31,077,31077,Greeley,Greeley County,-98.5305655,41.5675715,Nebraska,NE
31,095,31095,Jefferson,Jefferson County,-97.1431027,40.1757356,Nebraska,NE
31,151,31151,Saline,Saline County,-97.131755,40.5168024,Nebraska,NE
31,057,31057,Dundy,Dundy County,-101.6811327,40.180165,Nebraska,NE
31,157,31157,Scotts Bluff,Scotts Bluff County,-103.7015494,41.8503306,Nebraska,NE
31,001,31001,Adams,Adams County,-98.5000441,40.5206322,Nebraska,NE
31,131,31131,Otoe,Otoe County,-96.1310274,40.6379916,Nebraska,NE
31,099,31099,Kearney,Kearney County,-98.9476019,40.5091198,Nebraska,NE
31,087,31087,Hitchcock,Hitchcock County,-101.044217,40.1768964,Nebraska,NE
31,105,31105,Kimball,Kimball County,-103.7031528,41.1992736,Nebraska,NE
31,127,31127,Nemaha,Nemaha County,-95.8527214,40.3873891,Nebraska,NE
31,041,31041,Custer,Custer County,-99.7268662,41.3938927,Nebraska,NE
31,025,31025,Cass,Cass County,-96.1406086,40.9098778,Nebraska,NE
31,143,31143,Polk,Polk County,-97.5706627,41.1879253,Nebraska,NE
31,045,31045,Dawes,Dawes County,-103.1348721,42.7112144,Nebraska,NE
31,179,31179,Wayne,Wayne County,-97.1262433,42.210746,Nebraska,NE
31,071,31071,Garfield,Garfield County,-98.951231,41.9068675,Nebraska,NE
31,055,31055,Douglas,Douglas County,-96.1540664,41.2970908,Nebraska,NE
31,139,31139,Pierce,Pierce County,-97.6109917,42.2714129,Nebraska,NE
31,141,31141,Platte,Platte County,-97.5134673,41.5768655,Nebraska,NE
31,013,31013,Box Butte,Box Butte County,-103.0817795,42.2103804,Nebraska,NE
31,173,31173,Thurston,Thurston County,-96.5339428,42.1540613,Nebraska,NE
31,011,31011,Boone,Boone County,-98.0704764,41.7039345,Nebraska,NE
31,119,31119,Madison,Madison County,-97.6068564,41.9099293,Nebraska,NE
31,117,31117,McPherson,McPherson County,-101.1208507,41.6484137,Nebraska,NE
31,145,31145,Red Willow,Red Willow County,-100.4685764,40.1694196,Nebraska,NE
31,149,31149,Rock,Rock County,-99.4208512,42.394749,Nebraska,NE
31,073,31073,Gosper,Gosper County,-99.8232058,40.5090947,Nebraska,NE
31,067,31067,Gage,Gage County,-96.6834528,40.2552337,Nebraska,NE
31,047,31047,Dawson,Dawson County,-99.8151537,40.8673784,Nebraska,NE
31,005,31005,Arthur,Arthur County,-101.6959166,41.5719297,Nebraska,NE
31,085,31085,Hayes,Hayes County,-101.0479627,40.5372337,Nebraska,NE
31,097,31097,Johnson,Johnson County,-96.2653668,40.3950099,Nebraska,NE
31,003,31003,Antelope,Antelope County,-98.0580367,42.1832253,Nebraska,NE
31,165,31165,Sioux,Sioux County,-103.7321705,42.4706681,Nebraska,NE
31,111,31111,Lincoln,Lincoln County,-100.7444808,41.0503221,Nebraska,NE
31,163,31163,Sherman,Sherman County,-98.9728492,41.2187425,Nebraska,NE
31,113,31113,Logan,Logan County,-100.4436647,41.5421555,Nebraska,NE
31,121,31121,Merrick,Merrick County,-98.0310573,41.1697896,Nebraska,NE
31,161,31161,Sheridan,Sheridan County,-102.3682795,42.5122888,Nebraska,NE
31,133,31133,Pawnee,Pawnee County,-96.2452254,40.1378496,Nebraska,NE
31,153,31153,Sarpy,Sarpy County,-96.1091254,41.1150635,Nebraska,NE
31,075,31075,Grant,Grant County,-101.7559645,41.9139574,Nebraska,NE
31,021,31021,Burt,Burt County,-96.3377462,41.8541794,Nebraska,NE
31,155,31155,Saunders,Saunders County,-96.6420968,41.2233882,Nebraska,NE
31,009,31009,Blaine,Blaine County,-99.9964074,41.931945,Nebraska,NE
31,051,31051,Dixon,Dixon County,-96.8558616,42.4852801,Nebraska,NE
31,167,31167,Stanton,Stanton County,-97.1771094,41.9050454,Nebraska,NE
31,183,31183,Wheeler,Wheeler County,-98.5208533,41.9225747,Nebraska,NE
31,061,31061,Franklin,Franklin County,-98.96208,40.1832031,Nebraska,NE
31,053,31053,Dodge,Dodge County,-96.6458526,41.5770082,Nebraska,NE
31,029,31029,Chase,Chase County,-101.6941918,40.5303903,Nebraska,NE
31,019,31019,Buffalo,Buffalo County,-99.0749833,40.855226,Nebraska,NE
31,059,31059,Fillmore,Fillmore County,-97.5967053,40.5250399,Nebraska,NE
31,185,31185,York,York County,-97.5967418,40.8730557,Nebraska,NE
31,159,31159,Seward,Seward County,-97.140383,40.8719439,Nebraska,NE
31,035,31035,Clay,Clay County,-98.0508585,40.5236693,Nebraska,NE
31,033,31033,Cheyenne,Cheyenne County,-103.0119289,41.2142358,Nebraska,NE
31,069,31069,Garden,Garden County,-102.3029845,41.6333638,Nebraska,NE
31,083,31083,Harlan,Harlan County,-99.4034177,40.1787663,Nebraska,NE
31,177,31177,Washington,Washington County,-96.2245771,41.5339726,Nebraska,NE
31,091,31091,Hooker,Hooker County,-101.117324,41.920317,Nebraska,NE
31,147,31147,Richardson,Richardson County,-95.7186026,40.1237427,Nebraska,NE
31,065,31065,Furnas,Furnas County,-99.9096631,40.191865,Nebraska,NE
31,093,31093,Howard,Howard County,-98.5133417,41.2168513,Nebraska,NE
31,175,31175,Valley,Valley County,-98.9834841,41.5640938,Nebraska,NE
31,027,31027,Cedar,Cedar County,-97.2568696,42.6045604,Nebraska,NE
31,169,31169,Thayer,Thayer County,-97.5962626,40.1738446,Nebraska,NE
31,049,31049,Deuel,Deuel County,-102.332609,41.1119026,Nebraska,NE
31,123,31123,Morrill,Morrill County,-102.9905936,41.7322039,Nebraska,NE
31,079,31079,Hall,Hall County,-98.5026645,40.8660265,Nebraska,NE
31,081,31081,Hamilton,Hamilton County,-98.0223294,40.8728173,Nebraska,NE
31,115,31115,Loup,Loup County,-99.5098521,41.9031834,Nebraska,NE
31,063,31063,Frontier,Frontier County,-100.4066834,40.530946900000004,Nebraska,NE
31,125,31125,Nance,Nance County,-97.9914083,41.4023855,Nebraska,NE
31,107,31107,Knox,Knox County,-97.8913492,42.6344045,Nebraska,NE
31,135,31135,Perkins,Perkins County,-101.6274676,40.8576462,Nebraska,NE
31,037,31037,Colfax,Colfax County,-97.0889449,41.57496,Nebraska,NE
31,023,31023,Butler,Butler County,-97.1320395,41.2260724,Nebraska,NE
31,031,31031,Cherry,Cherry County,-101.0476532,42.571323,Nebraska,NE
