"city","facebook","name","state","street","tags","twitter","type","website","x","y","zip"
"Manteno","http://facebook.com/3windsfarm/","3 Winds Farm","il","10769 N 1500W Rd","baked-goods cut-flowers herbs fresh-vegetables red-meat non-poultry-meat soap body-care","","farm","www.3windsfarm.com","-87.906847","41.276258","60950"
"Woodstock","","All Seasons Orchard","il","14510 Il Route 176","baked-goods canned preserved dairy products fresh-fruits fresh-vegetables honey juices ciders soap body-care","","farm","www.allseasonsorchard.com","-88.478504","42.255422","60098"
"Hurst ","facebook.com/bigmuddyhogs","Big Muddy Hogs","il","300 Adams street ","eggs poultry fowl red-meat non-poultry-meat","","farm","bigmuddyhogs.com","-89.141034","37.842598","62949"
"Freeport","","Boru Farms","il","8225 Rte 26 N","eggs poultry fowl red-meat non-poultry-meat","","farm","naimhe8.wix.com/borufarm","-89.634796","42.420707","61032"
"Plainfield","Bronkberry Farms","Bronkberry Farms","il","18061 S. Bronk Road","baked-goods canned preserved crafts woodworking fresh-fruits fresh-vegetables honey juices ciders","","farm","www.bronkberryfarms.com","-88.189393","41.554524","60586"
"Alpha","http://wwwfacebook.com/country.corner.pumpkins","Country Corner Farm Market & Pumpkin Patch","il","5333 U. S. highway 150","bedding plants canned preserved crafts woodworking dairy products eggs herbs fresh-fruits fresh-vegetables grains flour honey maple-products","","farm","http://www.country-corner.com","-90.379105","41.229078","61413"
"Leland","https://www.facebook.com/CountryPondGardens","Country Pond Gardens","il","2190 North 45th Road","bedding plants herbs fresh-vegetables","","farm","","-88.752615","41.587240","60531"
"Paxton","https://www.facebook.com/cowcreekorganics","Cow Creek Farm","il","2112 E 100 N Rd","cut-flowers dry beans eggs herbs fresh-fruits fresh-vegetables grains flour honey nuts poultry fowl red-meat non-poultry-meat soap body-care wild-harvested forest-products","","farm","http://www.cowcreekorganicfarm.com/","-88.057094","40.414803","60957"
"Coal Valley","www.facebook.com/crandallfarms","Crandall Farms","il","10905 104th Street","eggs honey soap body-care","www.twitter.com/crandallfarms ","farm","www.crandallfarms.com","-90.4677180","41.4102820","61240"
"Champaign","www.facebook.com/curtisorchard","Curtis Orchard & Pumpkin Patch","il","3902 S Duncan Rd","baked-goods canned preserved coffee tea crafts woodworking dairy products fresh-fruits fresh-vegetables honey juices ciders maple-products mushrooms nuts prepared-foods soap body-care","www.twitter.com/curtisorchard","farm","www.curtisorchard.com","-88.2949790","40.0639050","61822"
"Prairie View-Lincolnshire","https://www.facebook.com/pages/Didier-Farms/120890817921408","Didier Farms","il","16678 West Aptakisic Road","baked-goods bedding plants canned preserved coffee tea crafts woodworking dairy products herbs fresh-fruits fresh-vegetables honey juices ciders nuts poultry fowl prepared-foods red-meat non-poultry-meat","","farm","www.didierfarms.com","-87.961392","42.182538","60069"
"Chicago","","Eden Place Farms","il","4911 S Shields Ave","baked-goods bedding plants canned preserved cut-flowers eggs fresh-fruits fresh-vegetables honey","","farm","www.edenplacefarms.org","-87.634211","41.804878","60609"
"Winnebago","https://www.facebook.com/EdwardsOrchardWest","Edwards Apple Orchard West","il","8218 Cemetery Rd.","baked-goods canned preserved coffee tea crafts woodworking fresh-fruits fresh-vegetables honey juices ciders maple-products mushrooms soap body-care","","farm","http://www.edwardsorchardwest.com/ ","-89.1989679","42.3611260","61088"
"Cherry Valley","https://www.facebook.com/FourSistersOrganicFarm","Four Sisters Organic Farm","il","719 East State Street","cut-flowers dry beans herbs fresh-fruits fresh-vegetables wild-harvested forest-products","","farm","","-88.946474","42.234871","61016"
"Sandoval","facebook.com/foxriverfarm","Fox River Farm, LLC","il","6091 Pope Road","","https://www.twitter.com/foxriverfarm","farm","www.foxriverfarm.net","-89.1234437","38.6931883","62882"
"Beason","Gail's Pumpkin Patch","Gail's Pumpkin Patch","il","1709 2000th Avenue","baked-goods canned preserved crafts woodworking honey juices ciders","","farm","www.gailspumpkinpatch.com","-89.2225342","40.1649484","62512"
"Monee","Gorman Farm Fresh Produce","Gorman Farm Fresh Produce","il","6607 West Bruns Road","cut-flowers herbs fresh-fruits fresh-vegetables honey","","farm","www.gormanfarmfreshproduce.com","-87.771681","41.412203","60449"
"Woodstock","","Grace Farm Studios","il","2719 Franklinville Rd.","fresh-fruits","","farm","http://gracefarmstudios.com","-88.5119320","42.2887090","60098"
"Chicago","https://www.facebook.com/growinghomeinc","Growing Home Inc","il","5814 S Wood St","herbs fresh-vegetables honey","https://twitter.com/growinghome","farm","http://growinghomeinc.org/","-87.6694982","41.7880123","60636"
"Sterling","Hazel Creek Vineyard","Hazel Creek Vineyard","il","23060 Hazel Road","","","farm","","-89.815149","41.816303","61081"
"Steward","","Hickey Family Farm","il","1143 Steward Rd","red-meat non-poultry-meat","","farm","","-89.035502","41.752520","60553"
"Heyworth","https://www.facebook.com/HomesteadHarvests","Homestead Harvests LLC","il","14861 Enterprise Road","fresh-fruits red-meat non-poultry-meat","","farm","","-88.901989","40.265904","61745"
"WORDEN","www.facebook.com/jnjcattle","J N' J Cattle Co.","il","8354 DUSTMAN RD","red-meat non-poultry-meat","","farm","","-89.881669","38.960479","62097"
"Paris","https://www.facebook.com/LAFamilyFarms","L&A Family Farms","il","21661 Staley Rd","canned preserved dairy products dry beans eggs herbs fresh-fruits fresh-vegetables grains flour poultry fowl red-meat non-poultry-meat soap body-care","https://twitter.com/LAFamilyFarms","farm","www.lafamilyfarms.com","-87.561520","39.512282","61944"
"Leland","","Larson's Country Market, Inc.","il","1968 E. U.S. Route 34","baked-goods canned preserved crafts woodworking cut-flowers eggs herbs fresh-fruits fresh-vegetables grains flour honey","","farm","www.larsonscountrymarket.com","-88.7944402","41.5901247","60531"
"Rochester","https://www.facebook.com/pages/Lazy-J-Ranch-Rochester-IL/170348153012473","Lazy J Ranch","il","9000 Cascade Road","","","farm","","-89.4917294","39.6698487","62563"
"Edwardsville","libertyappleorchard","Liberty Apple Orchard","il","8308 Kuhn Station Road","fresh-fruits","","farm","www.libertyappleorchard.com","-89.878831","38.781031","62025"
"Woodstock","https://www.facebook.com/Madoli-Farms-1627836294122004/","Madoli Farms","il","2109 S. Country Club Rd","cut-flowers herbs fresh-fruits fresh-vegetables","","farm","http://www.madolifarms.com/","-88.3742081","42.2981305","60098"
"Carbondale","https://www.facebook.com/pages/McNitt-Growers/142603839118969","McNitt Growers","il","78 Oak Ridge Lane","bedding plants","https://twitter.com/AndyMcNitt","farm","www.mcnittgrowers.com","-89.312474","37.683242","62903"
"Marine","https://www.facebook.com/millsapplefarm","Mills Apple Farm","il","11477 Pocahontas Road","baked-goods canned preserved fresh-fruits honey","","farm","www.millsapplefarm.com","-89.732850","38.816176","62061"
"Loda","","Mulberry Lane Farm","il","414 N. Mulberry","baked-goods canned preserved dairy products dry beans eggs fresh-fruits fresh-vegetables grains flour nuts prepared-foods red-meat non-poultry-meat soap body-care","","farm","www.MulberryLaneFarm.com","-88.074761","40.524431","60948"
"Lake Zurich","https://www.facebook.com/naturalenvironments/","Natural Environments Greenhouses and Nursery","il","23520 Old McHenry Road","bedding plants cut-flowers herbs fresh-vegetables nursery-stock wild-harvested forest-products","","farm","www.robertcboyce.com","-88.027481","42.204813","60047"
"Sterling","https://www.facebook.com/Northland-Farms-285324654864419/","Northland Farms","il","31095 Penrose Rd.","red-meat non-poultry-meat","https://twitter.com/NorthlandFarms","farm","https://www.northlandfarms.net/","-89.645912","41.887211","61081"
"Chicago","","PCC Austin Farm","il","330 N. Lotus","fresh-fruits fresh-vegetables","","farm","http://www.pccwellness.org/produce-market","-87.7621930","41.8867310","60644"
"Union","https://www.facebook.com/prairieskyorchard","Prairie Sky Orchard","il","4914 N. Union Rd.","baked-goods canned preserved fresh-fruits honey juices ciders maple-products","","farm","www.prairieskyorchard.com","-88.5395406","42.2576023","60180"
"Libertyville","","Radical Root Organic Farm","il","31330 N IL RT 21","baked-goods canned preserved dry beans eggs fresh-vegetables grains flour honey juices ciders red-meat non-poultry-meat","","farm","radicalrootfarm@gmail.com","-87.963093","42.317570","60048"
"DAVIS","","Raines Honey Farm","il","16566 BEST ROAD","honey","","farm","www.raineshoneyfarm.com","-89.3852260","42.4921300","61019"
"Alto Pass","RendlemanOrchards","Rendleman Orchards Farm Market","il","9680 State Route 127 North P. O. Box 159","baked-goods canned preserved eggs fresh-fruits fresh-vegetables honey juices ciders pet-food soap body-care","","farm","www.rendlemanorchards.com","-89.3215991","37.5963693","62905"
"Harvard","https://www.facebook.com/royaloakfarmorchard","Royal Oak Farm Orchard","il","15908 Hebron Road","baked-goods canned preserved coffee tea crafts woodworking fresh-fruits honey juices ciders maple-products nursery-stock nuts prepared-foods","https://twitter.com/RoyalOakFarmIL","farm","http://www.royaloakfarmorchard.com/","-88.5079431","42.4795576","60033"
"Lee Center","","Stone Home Farm","il","1125 Inlet Road","eggs","","farm","www.stonehomefarm.com","-89.276791","41.749031","61331"
"South Beloit","https://www.facebook.com/pages/Sunrise-Market-Farm/240248702703552","Sunrise Market Farm, Inc.","il","2820 Yale Bridge Road","","","farm","http://sunrisemarketfarm.com/index.html","-89.0950390","42.4763920","61080"
"Wilmington","www.facebook.com/tammentreeberryfarm","Tammen Treeberry Farm","il","37131 Essex Road","canned preserved honey maple-products","","farm","www.tammentreeberryfarm.net","-88.199733","41.207105","60481"
"Marengo","","Thornpaw Lea Farm","il","Menge Rd","","","farm","thornpawleafarm.com","-88.588697","42.335052","60152"
"Sheldon","@urfoodsfarm","UR Foods Farm","il","2844 US Hwy 24","baked-goods bedding plants canned preserved coffee tea crafts woodworking cut-flowers dairy products eggs herbs fresh-fruits fresh-vegetables honey red-meat non-poultry-meat","","farm","","-87.585997","40.776353","60966"
"Murphysboro","","Valley of Beruch","il","456 S. Jungle Rd. ","eggs","","farm","","-89.3583627","37.7079127","62966"
"Carlyle","","Voss Pecans","il","10101 Slant Road","nuts","","farm","www.vosspecans","-89.418563","38.564629","62231"
"Mchenry","www.facebook.com/willieshoneycompany","Willies Honey Company","il","","honey","","farm","www.willieshoneyco.com","-88.2667534","42.3333550","60050"
"Lena","","Wishful Acres Farm","il","4679 N Flansburg Rd","","","farm","","-89.7299490","42.3677057","61032"
"MONTICELLO","https://www.facebook.com/pages/Wolfe-orchard/199022633503818","WOLFE ORCHARD","il","1657N 1125E ROAD","","","farm","","-88.533594","40.033451","61856"
"Charleston ","18th Street Farmers Market","18th Street Farmers Market","il","825 18th Street","baked goods crafts flowers herbs vegetables honey jams plants soap fruits","","market","","-88.1622392","39.4907144","61920"
"Morris","https://www.facebook.com/pages/3-French-Hens-French-Country-Market/422352511143508","3 French Hens French Country Market","il","123 W. Illinois ave. ","organic baked goods cheese crafts flowers eggs herbs vegetables honey jams maple meat plants poultry prepared-foods soap trees coffee beans fruits pet food","","market","http://www.3frenchhensmarket.blogspot.com","-88.425186","41.356383","60450"
"Chicago","61market","61st Street Farmers Market","il","6100 S. Blackstone Ave","baked goods cheese flowers eggs seafood herbs vegetables honey jams maple nuts prepared-foods soap coffee fruits juices mushrooms","61market","market","https://experimentalstation.org/market","-87.5905914","41.7840790","60637"
"Addison","","Addison Farmers Market","il","One Friendship Plaza","","","market","","-87.9934","41.9321","60101"
"Algonquin","","Algonquin Farmers Market","il","Washington St & S Harrison St.","","","market","","-88.293","42.165","60102"
"Alsip","","Alsip Farmers Market","il","12521 S. Kostner Avenue","organic baked goods cheese crafts herbs vegetables honey jams plants prepared-foods soap coffee fruits","","market","http://www.alsipparks.org","-87.727804","41.664913","60803"
"Alton","https://www.facebook.com/AltonFarmersMarket","Alton Farmers' and Artisans' Market","il","551 Landmarks Blvd.","baked goods cheese crafts flowers eggs herbs vegetables honey jams meat plants poultry prepared-foods soap coffee fruits","","market","http://www.DowntownAlton.com","-90.1780932","38.8887926","62002"
"Chicago","https://www.facebook.com/andersonville?ref=bookmarks","Andersonville Farmers Market","il","1500 W. Berwyn Ave.","organic baked goods cheese flowers eggs seafood herbs vegetables honey jams maple meat plants poultry prepared-foods soap beans fruits juices mushrooms tofu wild","","market","http://www.andersonville.org","-87.6687","41.978","60640"
"Anna","","Anna/Union County Farmers Market","il","1150 E Vienna St.","","","market","","-89.2093","37.4604","62906"
"Antioch","https://www.facebook.com/VillageOfAntioch/","Antioch's Farmers Market","il","900 Skidmore Drive","baked goods cheese crafts flowers eggs honey jams maple plants poultry prepared-foods soap coffee beans fruits grains juices mushrooms pet food","","market","https://www.antioch.il.gov/?s=Farmers+Market","-88.094570","42.478128","60002"
"Arlington","","Arlington Heights Farmers Market","il","N. Arlington Heights Rd. at E. Eastman St.","","","market","","-87.9808","42.086","60004"
"Arthur","","Arthur Produce Auction","il","354 N Cr-100 E","","","market","","-88.4518","39.7033","61911"
"Chicago","","Ashburn (Chicago) Farmers Market","il","6700 S. Kedzie Ave.","","","market","http://www.cityofchicago.org/specialevents","-87.626","41.8851","60629"
"Athens","","Athens Farmers Market","il","Jefferson St.","","","market","","-89.723","39.9602","62613"
"Aurora ","https://www.facebook.com/Friends.AFM.Aurora.IL/","Aurora's Farmers Market Downtown","il","233 North Broadway","organic baked goods cheese crafts flowers eggs herbs vegetables honey jams maple meat plants poultry prepared-foods soap trees wine coffee fruits juices mushrooms pet food wild","","market","http://www.aurorasfarmersmarket@aurora-il.org","-88.308684","41.762039","60505"
"Aurora ","https://www.facebook.com/Friends.AFM.Aurora.IL/","Aurora's Farmers Market East","il","701 South Eola Road","organic baked goods crafts herbs vegetables honey jams maple plants soap trees fruits juices mushrooms","","market","","-88.247947","41.744077","60607"
"Aurora ","https://www.facebook.com/Friends.AFM.Aurora.IL/","Aurora's Farmers Market West","il","1901 West Galena Blvd.","baked goods flowers eggs herbs vegetables honey jams maple plants prepared-foods soap fruits juices","","market","http://ww.aurorasfarmersmarket.com","-88.362122","41.764832","60506"
"Chicago","","Austin (Chicago) Farmers Market","il","5600 W. Madison St.","","","market","http://www.cityofchicago.org/specialevents","-87.626","41.8851","60644"
"Ava","","Ava Farmers Market","il","Main St. & Fifth","","","market","","-89.4946","37.8883","62907"
"Barrington","","Barrington Farmers Market","il","Cook and Lake Cook Roads","","","market","http://www.barringtonfarmersmarket.org","-88.1348","42.1524","60010"
"Bartlett","","Bartlett Farmers Market","il","203 Main St.","","","market","http://www.village.bartlett.il.us","-88.1846","41.9899","60103"
"Batavia","","Batavia Farmers Market","il","28 S.Waters St.","baked goods cheese flowers eggs herbs vegetables honey meat nursery plants poultry prepared-foods soap trees","","market","http://www.downtownbatavia.com","-88.310444","41.849249","60510"
"Camp Point","","Beginning May 11, 2011","il","506 W. Wood St. on Highway 24","baked goods crafts flowers herbs vegetables honey meat nuts plants soap","","market","","-91.0753","40.0406","62320"
"Belleville ","https://www.facebook.com/pages/Belleville-Old-Town-Market/156265797784556","Belleville Old Town Market","il","Intersection of West Main and ""1st"" Street ","baked goods crafts eggs herbs vegetables honey jams plants soap fruits","","market","http://www.bellevillemainstreet.net","-89.985586","38.513605","62220"
"Belvidere","https://www.facebook.com/BelvidereFarmersMarketandCrafts","Belvidere Farmer's Market","il","1940 N. State St.","baked goods crafts flowers eggs herbs vegetables honey meat nursery poultry","","market","http://www.belviderefarmersmarket.com","-88.861885","42.272038","61008"
"Belvidere","https://www.facebook.com/BelvidereHometownMarket ","Belvidere's Hometown Market","il","South State Street and East Pleasant Street","baked goods crafts herbs vegetables prepared-foods fruits","","market","","-88.8403969","42.2564991","61008"
"Bensenville","facebook.com/BensenvilleFrenchMarket","Bensenville French Market","il","10 S Center street","organic baked goods cheese crafts flowers eggs seafood herbs vegetables honey jams maple meat nuts plants poultry prepared-foods soap trees coffee beans fruits grains juices mushrooms pet food tofu wild","https://twitter.com/BensidounMarket","market","http://www.bensidounmidwestmarkets.com/","-87.941926","41.956080","60105"
"Benton","","Benton Farmers Market","il","Huddleson","","","market","","-90.363","39.4823","62812"
"Berwyn","Berwyn Township Farmers' Market","Berwyn Township Farmer's Market","il","Lesak Park, 6600 W. 26th Street","baked goods cheese flowers eggs vegetables honey jams meat plants prepared-foods soap coffee fruits pet food","","market","http://berwyntownshipfarmersmarket.org/","-87.7882889","41.8433103","60402"
"Chicago","","Bronzeville (Chicago) Farmers Market","il","3000 S. King Dr.","","","market","http://www.cityofchicago.org/specialevents","-87.6267","41.8448","60602"
"Brookfield","https://www.facebook.com/pages/Brookfield-IL-Chamber-of-Commerce/302614520085?ref=search&sid=1019319338.2148396957..1","Brookfield Farmers Market","il","8820 Brookfield Avenue","organic baked goods cheese crafts flowers eggs herbs vegetables honey jams meat nuts plants prepared-foods soap coffee fruits pet food","","market","http://www.brookfieldchamber.net","-87.84114","41.82308","60513"
"Mt. Sterling","","Brown County Farmers Market","il","Rte 24 W/Quincy Road","baked goods crafts flowers herbs vegetables plants","","market","","-90.7731","39.9878","62353"
"Carterville","https://www.facebook.com/CannonParkCommunityMarket","Cannon Park Community Market","il","120 N. Greenbriar Rd.","organic baked goods crafts flowers eggs herbs vegetables honey jams meat nuts plants poultry prepared-foods soap trees coffee fruits","https://twitter.com/CannonParkCM","market","http://www.cannonparkmarket.com","-89.0956887","37.7616326","62918"
"canton","","Canton Farmers Market","il","90 E. Locust St.","","","market","http://www.extension.uiuc.edu/fulton","-90.0349","40.5583","61542"
"Carbondale","https://www.facebook.com/pages/Carbondales-Friday-Night-Fair/198291346855741","Carbondale Community Friday Night Fair","il","51 N & 13 W","baked goods crafts flowers seafood herbs vegetables honey jams meat plants prepared-foods soap trees fruits","https://twitter.com/CdaleFridayFair","market","http://www.carbondalemainstreet.com","-89.216720","37.727425","62901"
"Carbondale","https://www.facebook.com/pages/Carbondale-Farmers-Market/108003322564892","Carbondale Farmers' Market","il","2101 W. Main St","organic baked goods cheese crafts flowers eggs seafood herbs vegetables honey jams meat nuts plants poultry soap trees coffee fruits mushrooms pet food","https://twitter.com/cfm1975","market","","-89.2434120","37.7302319","62901"
"Carlyle","","Carlyle Courthouse Square Farmers Market","il","On 8th Street between Fairfax and Franklin (Old RT.50)","baked goods flowers eggs herbs vegetables honey jams nuts plants wine fruits","","market","http://www.playandstaycarlyle.com","-89.367814","38.610650","62231"
"Carrollton","","Carrollton, Illinois Chamber of Commerce Farmer's Market","il","524 S.5th St.","baked goods crafts eggs herbs vegetables jams plants prepared-foods fruits","","market","","-90.4076327","39.2994549","62016"
"Carthage","","Carthage Farmers Market","il","Courthouse Square","baked goods crafts eggs vegetables jams soap fruits","","market","","-91.13503","40.41271","62321"
"Cary","https://www.facebook.com/CaryFarmersMarket","Cary Farmers Market","il","W. Main Street and Rt. 14","organic baked goods cheese flowers eggs herbs vegetables honey jams maple meat plants poultry prepared-foods soap fruits mushrooms","","market","http://www.carygrovechamber.com","-88.2387729","42.2087629","60013"
"Centralia","","Centralia Farmers Market","il","E 2nd St. at S. Locust St.","","","market","","-89.1346","38.5264","62801"
"channahon","","Channahon Farmers Market","il","24856 west eames st.","baked goods eggs herbs vegetables jams meat prepared-foods","","market","","-88.217","41.43868","60410"
"Charleston","","Charleston Farmers Market","il","500 7th St.","baked goods crafts flowers vegetables honey jams plants prepared-foods soap trees fruits grains","","market","","-88.1752","39.4947","61920"
"Chicago","","Chatham (Chicago) Farmers Market","il","E 87th Pl at S Langley Ave","","","market","","-87.6014","41.7358","60619"
"Chicago Heights","https://www.facebook.com/pages/Chicago-Heights-Corner-Market/126181414128350","Chicago Heights Corner Market","il","160 West Joe Orr Road","baked goods crafts flowers herbs vegetables honey plants prepared-foods soap coffee fruits pet food","","market","http://www.chcornermarket.com","-87.646182","41.520174","60411"
"Chicago ","facebook.com/Nettelhorstfrenchmarket","Chicago-Nettelhorst French Market","il","Nettelhorst School, Broadway and Melrose ","organic baked goods cheese crafts flowers eggs seafood herbs vegetables honey jams maple meat nuts plants poultry prepared-foods soap trees coffee beans fruits grains juices mushrooms pet food tofu wild","https://twitter.com/BensidounMarket","market","http://www.bensidounmidwestmarkets.com/","-87.644568","41.941208",""
"Decatur","","City Centre Market","il","20 N Water St., Ste 370","","","market","","-88.9544","39.8443","62523"
"Cuba","","City of Cuba","il","403 E. Jefferson Street","eggs herbs vegetables honey nuts plants fruits","","market","","-90.1951","40.4926","61427"
"Lake Forest","","City of Lake Forest Farmers Market","il","691 N. Western","organic baked goods cheese crafts flowers eggs seafood herbs vegetables honey jams plants prepared-foods soap trees fruits","","market","http://www.cityoflakeforest.com","-87.839435","42.252341","60045"
"Momence","https://www.facebook.com/pages/Momence-Farmers-Market/142817159068999","CIty of Momence ","il","123 W. River St. ","baked goods crafts eggs honey prepared-foods soap fruits pet food","","market","http://www.cityofmomence.com","-87.662984","41.162026","60954"
"Zion","https://www.facebook.com/pages/City-of-Zion-Farmers-Market/112314668796329?ref=br_tf","City of Zion's Farmers Market","il","Shiloh Blvd and Sheridan Rd","baked goods crafts vegetables honey jams plants prepared-foods soap coffee fruits mushrooms","https://twitter.com/ZionFarmersMarket","market","http://www.cityofzion.com/farmersmarket","-87.825150","42.449962","60099"
"Clinton, IL","","Clinton Area Farmers and Artisans Market","il","100 S. Center Street, Mr. Lincoln's Square, Downtown Clinton","baked goods crafts flowers herbs vegetables jams plants prepared-foods fruits","","market","http://www.clintonilchamber.com/events.htm","-88.960591","40.152703","61727"
"Rockford","","Colonial Village Farmers Market","il","1240 S. Alpine","","","market","","-89.0291","42.2526","61108"
"Carbondale","https://www.facebook.com/communityfarmersmarket/","Community Farmers Market- Downtown","il","Washington Street and Jackson St","organic baked goods flowers eggs vegetables honey jams meat plants poultry prepared-foods soap coffee fruits grains mushrooms","@carbondalemarket","market","http://www.carbondalemarket.com","-89.2155217","37.7283203","62902"
"Chicago","","Conuco Farmers Market","il","2800 W. Division St.","","","market","","-87.6926","41.903","60622"
"Country Club Hills","","Country Club Hills Farmers Market","il","4200 W. 183rd St.","","","market","http://www.countyclubhill.org","-87.7162","41.5572","60478"
"Champaign","","Country Fair Farmers Market In Champaign","il","229 Mattis Ave.","baked goods vegetables soap fruits","","market","","-88.2769","40.1148","61821"
"Crete","","Crete European Market","il","1321 Main St.","","","market","","-87.6314","41.4456","60417"
"Chicago","","Crisp! Catholic Charities","il","721 N LaSalle St.","vegetables fruits","","market","http://www.crispgrocery.com","-87.632395","41.895206","60654"
"Chicago","https://www.facebook.com/crisp.produce.5","Crisp! Mobile Farmers Market","il","721 N. LaSalle St.","cheese eggs seafood herbs vegetables jams meat nuts poultry fruits grains juices","https://twitter.com/crispgrocery","market","http://www.crispgrocery.com","-87.6323748","41.8951778","60654"
"Crystal Lake","www.facebook.com/CrystalLakeFarmersMarket","Crystal Lake Farmers Market","il","Depot Park, Woodstock & Williams Streets","baked goods cheese flowers eggs seafood herbs vegetables honey jams maple meat plants poultry prepared-foods trees fruits grains mushrooms","","market","http://www.downtowncl.org","-88.317010","42.243752","60014"
"Mundelein","www.facebook.com/dakotahsfarmersmarket","Dakotah's Indoor Farmers Market","il","631 N. Midlothian","organic baked goods cheese flowers eggs herbs honey jams meat poultry prepared-foods fruits juices mushrooms","","market","","-88.017858","42.274711","60060"
"Chicago","","Daley Plaza Chicago Farmers Market","il","50 W. Washington St.","","","market","http://www.cityofchicago.org/specialevents","-87.626","41.8851","60602"
"Darien","","Darien Farmers Market","il","7100 Claredon Hills Road","baked goods cheese vegetables jams prepared-foods fruits","","market","http://www.merrillsmarkets.com","-87.9547509","41.7594159","60561"
"Deerfield","","Deerfield Farmers Market","il","Deerfield Rd. & Robert York Ave.","baked goods cheese flowers eggs herbs vegetables honey jams maple meat plants poultry prepared-foods trees coffee fruits juices mushrooms","","market","http://www.deerfield.il.us/residents/farmers_market","-87.8489","42.1676","60015"
"DeKalb","https://www.facebook.com/dekalbfarmersmarket?ref=hl","DeKalb Farmers' Market","il","2nd and Locust Streets","baked goods crafts flowers herbs vegetables honey jams plants prepared-foods soap trees wine coffee fruits pet food wild","https://twitter.com/FarmShopDeKalb","market","http://www.downtowndekalb.org","-88.7521505","41.9313509","60115"
"Desoto","https://www.facebook.com/DCFM62924/","Desoto Community Farmers Market","il","101 W. Main Street","baked goods crafts herbs vegetables jams nuts plants prepared-foods soap trees fruits","","market","","-89.228629","37.816439","62924"
"Chicago","https://www.facebook.com/pages/Chicago-Farmers-Markets/19988198547?sid=4c2c43d8cfa7095a22e0d9f9c19d26c3&ref=search","Devon Community Market ","il","2720 W. Devon St. ","","","market","http://www.cityofchicago.org/city/en/depts/dca/supp_info/farmers_market3.html","-87.697438","41.997874",""
"Sycamore","","Discover Sycamore's Farmers Market","il","300 W Elm St.","","","market","http://www.sycamorechamber.com","-88.6871","41.9877","60178"
"Chicago","","Division Street Chicago Farmers Market","il","1200 N Dearborn","","","market","","-87.6304","41.9042","60610"
"Dixon","","Dixon Park District Farmers Market","il","317 W. Third St.","eggs vegetables meat","","market","http://www.dixonparks.com","-89.485273","41.841048","61021"
"Downs","","Downs Village Market","il","103 W Franklin Street","baked goods crafts flowers herbs vegetables honey maple plants soap fruits","","market","","-88.872684","40.394485","61736"
"Bloomington","https://www.facebook.com/DBAFarmersMarket/","Downtown Bloomington Association Farmers Market","il","200 N. Main Street","organic baked goods cheese crafts flowers eggs herbs vegetables honey jams maple meat plants poultry prepared-foods soap fruits grains pet food wild","DBFarmersMarket","market","http://downtownbloomington.org/farmers-market/","-88.9941508","40.4800081","61701"
"Bloomington","https://www.facebook.com/DBAFarmersMarket/","Downtown Bloomington Farmers Market- Indoor","il","101 South Madison Street","organic baked goods crafts eggs herbs vegetables honey jams maple meat poultry soap fruits grains","@DB Farmers' Market","market","http://downtownbloomington.org/farmers-market/","-88.996402","40.478456","61701"
"Danville","https://www.facebook.com/DanvilleFM","Downtown Danville Farmers Market","il","319 N. Vermilion Street","baked goods crafts flowers herbs vegetables honey jams plants prepared-foods soap coffee fruits juices pet food","https://twitter.com/DanvilleFM","market","http://www.downtowndanville.org","-87.62994","40.13039","61832"
"Downers Grove","","Downtown Downers Grove Market","il","Main Street Train Station on Burlington Avenue","baked goods cheese crafts flowers eggs herbs vegetables honey jams maple meat plants poultry prepared-foods soap fruits","","market","http://www.indianboundaryymca.org/downtownmarket","-88.008889","41.795248","60515"
"Elgin ","https://www.facebook.com/DowntownElginFarmersMarket","Downtown Elgin Farmers Market","il","S. Grove Ave","organic baked goods crafts flowers eggs seafood herbs vegetables honey jams meat poultry prepared-foods soap coffee fruits pet food","","market","https://www.downtownelgin.com/farmers-market/","-88.283268","42.035993","60120"
"Evanston","Evanston farmers markets","Downtown Evanston Farmers' Market","il","Oak at University","organic baked goods cheese crafts flowers eggs herbs vegetables honey jams maple meat nuts plants poultry prepared-foods soap coffee beans fruits grains juices mushrooms","","market","http://cityofevanston.org","-87.686121","42.050912","60201"
"LaSalle","https://www.facebook.com/DowntownLaSalleCanalMarket","Downtown LaSalle Canal Market ","il","First and Marquette Streets","","","market","","-89.0954","41.3281","61301"
"Du Quoin","","Du Quion Farmers Market","il","Keyes Park at Park  and Divisions","","","market","","-89.2385","38.0132","62832"
"East Dubuque","","East Dubuque","il","470 Sinsinawa Ave.","baked goods crafts vegetables","","market","","-90.6407","42.4908","61025"
"East Moline","","East Moline Farmers Market","il","1112 42nd Ave.","baked goods crafts flowers herbs vegetables jams plants soap","","market","http://www.growersmarkets.com","-90.4875","41.4798","61244"
"Chicago","","Eden Place Community Farmers Market","il","4911 S. Shields Ave.","baked goods eggs vegetables","","market","http://www.edenplacefarms.org","-87.634326","41.804769","60609"
"Rockford","","Edgebrook Farmers Market","il","1639 N Alpine & Highcrest","organic baked goods cheese flowers vegetables honey meat nuts plants prepared-foods","","market","http://www.edgebrookshops.com","-89.0288","42.2856","61107"
"Chicago ","https://www.facebook.com/edgewaterchamberofcommerce?ref=hl","Edgewater Farmers Market","il","5917 N Broadway  ","baked goods cheese flowers vegetables jams coffee fruits","","market","http://www.edgewater.org/programs-and-events/farmers-market/","-87.659974","41.989800","60660"
"Albion","","Edwards County Farmers Market","il","S 4th St. at E. Main St.","","","market","","-88.0586","38.3785","62806"
"Chicago","","Eli's Cheesecake and Wright College Farmer's Market","il","6701 W. Forest Preserve Drive","organic baked goods crafts flowers vegetables honey jams maple poultry soap fruits","","market","","-87.7962799","41.9590941","60634"
"Elizabeth","https://www.facebook.com/elizabethfarmersmarket","Elizabeth Farmers Market","il","402 West Street","baked goods crafts flowers eggs herbs vegetables jams meat plants soap fruits","","market","http://www.elizabethfarmersmarket.weebly.com","-90.2272164","42.3178910","61028"
"Elk Grove Village","www.facebook.com/elkgrovefarmersmarket","Elk Grove Farmers Market","il","901 Wellington Avenue","baked goods cheese crafts flowers eggs herbs vegetables honey jams meat plants poultry prepared-foods soap trees coffee beans fruits grains juices pet food","","market","http://www.elkgrovefarmersmarket.com","-88.0078306","42.0029050","60007"
"Chicago","","Englewood Farmers Market","il","6452 S Ashland Ave.","","","market","","-87.6645","41.7761","60637"
"Chicago","","Erie Street Farmers Market","il","500 W Erie St","","","market","","-87.6414","41.8939","60610"
"Big Rock","","Esther's Place","il","201 West Galena Street","flowers eggs vegetables nursery plants soap","","market","http://www.esthersplacefibes.com","-88.5505521","41.7641777","60511"
"Evergreen Park","","Evergreen Park Farmers Market","il","8900 S Kedzie Ave","baked goods cheese flowers herbs vegetables honey jams nuts plants prepared-foods","","market","","-87.7022","41.7316","60805"
"Chicago","https://www.facebook.com/FaithInPlace","Faith in Place Winter Farmers Market - Augustana Lutheran Church of Hyde Park, Chicago","il","5500 S. Woodlawn Ave","baked goods cheese herbs vegetables honey jams meat poultry soap coffee fruits juices mushrooms","https://twitter.com/faithinplace","market","http://org2.salsalabs.com/o/6265/p/salsa/web/common/public/content?content_item_KEY=8942","-87.5973835","41.7948812","60637"
"Chicago ","facebook.com/FaithInPlace","Faith in Place Winter Farmers Market - Berry Memorial United Methodist Church","il","4754 N. Leavitt","baked goods cheese crafts herbs vegetables honey jams meat poultry soap coffee fruits grains juices mushrooms pet food","twitter.com/faithinplace","market","http://www.faithinplace.org/our-programs/winter-farmers-markets","-87.684336","41.968131","60625"
"Chicago","https://www.facebook.com/FaithInPlace","Faith in Place Winter Farmers Market - Beverly Unitarian Church, Chicago","il","10244 S. Longwood Drive","baked goods cheese herbs vegetables honey jams meat poultry soap coffee fruits juices mushrooms","https://twitter.com/faithinplace","market","http://org2.salsalabs.com/o/6265/p/salsa/web/common/public/content?content_item_KEY=8942","-87.671314","41.706861","60643"
"Lombard","facebook.com/FaithInPlace","Faith in Place Winter Farmers Market - Calvary Episcopal Church","il","105 W. Maple St.","baked goods cheese crafts herbs vegetables honey jams poultry soap coffee fruits grains juices pet food","twitter.com/faithinplace","market","http://www.faithinplace.org/our-programs/winter-farmers-markets","-88.020798","41.883775","60148"
"Bolingbrook","facebook.com/FaithInPlace","Faith in Place Winter Farmers Market - Church of St. Benedict","il","909 Lily Cache Lane","baked goods cheese crafts herbs vegetables honey jams meat poultry soap coffee fruits grains juices mushrooms pet food","twitter.com/faithinplace","market","http://www.faithinplace.org/our-programs/winter-farmers-markets","-88.1071232","41.6895677",""
"Chicago ","facebook.com/FaithInPlace","Faith in Place Winter Farmers Market - Congregational Church of Jefferson Park","il","5320 W Giddings St.","baked goods cheese crafts herbs vegetables honey jams meat poultry soap coffee fruits grains juices mushrooms pet food","twitter.com/faithinplace","market","http://www.faithinplace.org/our-programs/winter-farmers-markets","-87.7607762","41.9665391","60630"
"Palatine","https://www.facebook.com/FaithInPlace","Faith in Place Winter Farmers Market - Countryside Church Unitarian Universalist","il","1025 N. Smith Street","baked goods cheese herbs vegetables honey jams meat poultry soap coffee fruits juices mushrooms","https://twitter.com/faithinplace","market","http://org2.salsalabs.com/o/6265/p/salsa/web/common/public/content?content_item_KEY=8942","-88.047600","42.128913","60067"
"Naperville","facebook.com/FaithInPlace","Faith in Place Winter Farmers Market - DuPage Unitarian Universalist Church","il","1828 Old Naperville Rd.","baked goods cheese crafts herbs vegetables honey jams meat poultry soap coffee fruits grains juices mushrooms pet food","twitter.com/faithinplace","market","http://www.faithinplace.org/our-programs/winter-farmers-markets","-88.1184804","41.8044225","60563"
"Oak Park","https://www.facebook.com/FaithInPlace","Faith in Place Winter Farmers Market - Euclid Avenue United Methodist Church, Oak Park","il","405 S. Euclid Ave","baked goods cheese herbs vegetables honey jams meat poultry soap coffee fruits juices mushrooms","https://twitter.com/faithinplace","market","http://org2.salsalabs.com/o/6265/p/salsa/web/common/public/content?content_item_KEY=8942","-87.7930585","41.8811965","60302"
"Geneva ","facebook.com/FaithInPlace","Faith in Place Winter Farmers Market - First Congregational Church of Geneva","il","321 Hamilton St.","baked goods cheese crafts flowers herbs vegetables honey jams meat poultry prepared-foods soap coffee fruits grains juices mushrooms","twitter.com/faithinplace","market","http://www.faithinplace.org/our-programs/winter-farmers-markets","-88.308656","41.889453","60134"
"Oak Park","facebook.com/FaithInPlace","Faith in Place Winter Farmers Market - Good Shepherd Lutheran Church - Oak Park","il","611 Randolph St.","baked goods cheese crafts herbs vegetables honey jams meat poultry soap coffee fruits grains juices mushrooms pet food","twitter.com/faithinplace","market","http://www.faithinplace.org/our-programs/winter-farmers-markets","-87.789930","41.883229","60302"
"Chicago ","facebook.com/FaithInPlace","Faith in Place Winter Farmers Market - Greenstone United Methodist Church - Pullman","il","11211 S. St. Lawrence Ave.","baked goods cheese crafts herbs vegetables honey jams meat poultry soap coffee fruits grains juices mushrooms pet food","twitter.com/faithinplace","market","http://www.faithinplace.org/our-programs/winter-farmers-markets","-87.6083398","41.6907148","60628"
"Arlington Heights","https://www.facebook.com/FaithInPlace","Faith in Place Winter Farmers Market - Our Saviour's Lutheran Church, Arlington Heights","il","1234 N. Arlington Heights Road","baked goods cheese herbs vegetables honey jams meat poultry soap coffee fruits juices mushrooms","https://twitter.com/faithinplace","market","http://org2.salsalabs.com/o/6265/p/salsa/web/common/public/content?content_item_KEY=8942","-87.9811050","42.0986570","60004"
"Park Ridge","https://www.facebook.com/FaithInPlace","Faith in Place Winter Farmers Market - St. Luke's Lutheran Church, Park Ridge","il","205 N. Prospect Ave","baked goods cheese crafts herbs vegetables honey jams meat poultry soap coffee fruits juices mushrooms","https://twitter.com/faithinplace","market","http://org2.salsalabs.com/o/6265/p/salsa/web/common/public/content?content_item_KEY=8942","-87.8290320","42.0139720","60068"
"Chicago","facebook.com/FaithInPlace","Faith in Place Winter Farmers Market - St. Stephen's Lutheran Church - Chicago","il","8500 S. Maryland Ave. ","baked goods cheese seafood herbs vegetables honey jams meat poultry soap coffee fruits grains","twitter.com/faithinplace","market","http://www.faithinplace.org/our-programs/winter-farmers-markets","-87.584824","41.740975","60068"
"Chicago","https://www.facebook.com/FaithInPlace","Faith in Place Winter Farmers Market - Temple Sholom, Chicago","il","3480 N. Lake Shore Drive","baked goods cheese herbs vegetables honey jams meat poultry soap coffee fruits juices mushrooms","https://twitter.com/faithinplace","market","http://org2.salsalabs.com/o/6265/p/salsa/web/common/public/content?content_item_KEY=8942","-87.6420127","41.9461049","60657"
"Chicago","","Farmer Fridays at Uncommon Ground","il","1401 West Devon Ave","","","market","http://www.uncommonground.com","-87.6657","41.9978","60660"
"Carbondale","https://www.facebook.com/pages/Carbondale Farmers Market","Farmer's Market of Carbondale, Illinois","il","Westown Mall","organic baked goods cheese crafts flowers eggs seafood herbs vegetables honey jams meat nuts plants poultry prepared-foods soap trees coffee fruits mushrooms pet food wild","","market","","-89.242743","37.728892","62906"
"Naperville","Farmers Market at St. John's/Naperville","Farmers Market at St. John's","il","750 Aurora Avenue","baked goods crafts eggs seafood herbs vegetables honey jams meat prepared-foods soap coffee fruits juices mushrooms","","market","http://www.stjohns-episcopal.com","-88.159755","41.767594","60540"
"QUINCY","Quincymallfarmersmarket","Farmers Market at the Quincy Mall","il","North 36th St. and Columbus Rd.","baked goods cheese crafts herbs vegetables honey jams meat nuts plants soap fruits","","market","","-91.358269","39.938914",""
"Champaign","","Farmers Market on Historic North 1st Street","il","North 1st Street","baked goods crafts flowers vegetables meat plants prepared-foods","","market","","-88.2388","40.1181","61820"
"Lincoln","","FARMERS' MARKET - LINCOLN","il","Kickapoo Street and Pekin Street","baked goods crafts flowers herbs vegetables honey jams plants fruits","","market","","-89.3616069","40.1476110","62656"
"Chicago","","Farmstand at CHSAS","il","3857 W 111th St","","","market","","-87.718","41.6881","60655"
"Chicago","","Federal Plaza (Chicago) Farmers Market","il","230 South Dearborn St.","","","market","http://www.cityofchicago.org/specialevents","-87.6294","41.879","60602"
"Findlay ","https://www.facebook.com/pages/Findlay-Farmers-Market/396709490344983","Findlay Farmers Market ","il","108 N. Main Street ","baked goods crafts flowers vegetables jams plants prepared-foods soap trees fruits pet food wild","","market","http://www.findlayillinois.net","-88.753492","39.522134","62534"
"Mahomet","","First Market in Mahomet","il","IL-47 & E Main St.","","","market","http://www.firstfruitsproduce.com","-88.4","40.1941","61853"
"Flora","","Flora Farmers Market","il","122 N. Main St.","","","market","http://www.florachamber.com","-88.4861","38.669","62839"
"Flossmoor","https://www.facebook.com/flossmoorfarmersmarket","Flossmoor Farmers Market","il","1000 Sterling Ave","baked goods cheese flowers eggs herbs vegetables honey jams plants soap coffee fruits pet food","","market","http://Www Flossmoor.org","-87.67865","41.54375","60422"
"Rockford","https://www.facebook.com/YouthBuildRFD","Founders Market","il","907 S Main St","crafts flowers herbs vegetables nursery plants soap","","market","","-89.1000900","42.2635783","61101"
"Fox Lake","https://www.facebook.com/events/167501670531638/","Fox Lake Farmers Market","il","17 E School St.","eggs seafood vegetables meat poultry fruits","","market","https://www.foxlakefarmersmarket.com/","-88.178510","42.398071","60020"
"St. Charles","/foxtrotorganicfarm","Foxtrot Organic Farm","il","5N726 Crane Road","organic baked goods cheese flowers seafood herbs vegetables honey jams meat plants poultry prepared-foods coffee fruits mushrooms tofu","/foxtrotorganics","market","http://www.foxtrotorganicfarm.com","-88.348513","41.951630","60175"
"frankfort","","Frankfort Country Market","il","oak and kansas","organic baked goods cheese flowers eggs seafood herbs vegetables honey jams maple meat nuts plants poultry prepared-foods soap trees coffee beans fruits grains juices mushrooms pet food tofu wild","","market","http://www.merrillsmarkets.com","-87.843761","41.498421","60423"
"Galena","","Galena Farmers Market","il","121 E. Commerce St.","","","market","","-90.3976","42.4088","61036"
"Galesburg","","Galesburg Farmers Market","il","Parking Lot - see description below","","","market","http://www.galesburgbusinessassociation.com","-90.3654","40.9461","61401"
"Chicago","","Garfield Park (Chicago) Farmers Market","il","300 N Central Park Ave.","","","market","http://www.cityofchicago.org","-87.7164","41.8863","60602"
"Chicago","","Gately/Pullman (Chicago) Farmers Market","il","11141 S. Cottage Grove  Ave.","","","market","http://www.cityofchicago.org/specialevents","-87.6244","41.8815","60602"
"Geneva ","facebook.com/GenevaFrenchMarket","Geneva French Market","il","Metra Parking Lot, NW Corner of South street & 4th Street.","organic baked goods cheese crafts flowers eggs seafood herbs vegetables honey jams maple meat nuts plants poultry prepared-foods soap trees coffee beans fruits grains juices mushrooms pet food tofu wild","https://twitter.com/BensidounMarket","market","http://www.bensidounmidwestmarkets.com/","-88.311220","41.883766","60134"
"Gibson City","","Gibson City Farmers Market","il","126 N. Sangamon","","","market","http://www.gibsoncityillinois.com","-88.3692","40.4656","60936"
"Glencoe","facebook.com/GlencoeFrenchMarket","Glencoe French Market","il","Wyman Green/ Village Court","organic baked goods cheese crafts flowers eggs seafood herbs vegetables honey jams maple meat nuts plants poultry prepared-foods soap trees coffee beans fruits grains juices mushrooms pet food tofu wild","https://twitter.com/BensidounMarket","market","http://www.bensidounmidwestmarkets.com/","-87.7583639","42.1339522",""
"Glenview","","Glenview Farmers Market","il","1510 Wagner Rd.","baked goods cheese flowers eggs herbs vegetables honey jams maple plants poultry prepared-foods coffee fruits grains mushrooms pet food","","market","http://www.glenviewparks.org","-87.7808","42.0819","60025"
"Chicago","https://www.facebook.com/GlenwoodSunday/","Glenwood Sunday Market","il","6926 N. Glenwood Ave.","organic baked goods cheese flowers eggs seafood herbs vegetables honey jams maple meat plants poultry prepared-foods soap fruits juices mushrooms","https://twitter.com/glenwoodsunday","market","https://www.glenwoodsundaymarket.org/","-87.666352","42.007871","60626"
"Golconda","","Golconda Farmers Market","il","310 E. Main St.","","","market","http://www.mainstreetgolconda.com","-88.4849","37.3671","62938"
"Grayslake","https://www.facebook.com/GrayslakeFarmersMarket","Grayslake Farmers Market","il","Center and Whitney Streets","organic baked goods cheese crafts flowers eggs seafood herbs vegetables honey jams meat plants poultry prepared-foods soap wine coffee fruits mushrooms","","market","http://www.grayslakefarmersmarket.com","-88.0402633","42.3443252","60030"
"Chicago","https://www.facebook.com/greencitymarket","Green City Market - Indoor","il","2430 N. Cannon Drive","organic baked goods cheese eggs seafood herbs vegetables honey jams maple meat nuts poultry prepared-foods coffee beans fruits grains juices mushrooms tofu","https://twitter.com/GreenCityMarket","market","http://greencitymarket.org/","-87.6351848","41.9267847","60614"
"Chicago","https://www.facebook.com/greencitymarket","Green City Market - Outdoor","il"," approximately 1817 N. Clark","organic baked goods cheese flowers eggs seafood herbs vegetables honey jams maple meat nuts prepared-foods beans fruits grains juices mushrooms tofu","https://twitter.com/GreenCityMarket","market","http://greencitymarket.org/","-87.634112","41.915274","60614"
"Greenefield","www.facebook.com/pages/Greene-County-Farmers-Markets/219933118019235?ref=ts","Greenfield Farmers Market","il","City Square","baked goods herbs vegetables honey","","market","","-87.8003","41.9053","62044"
"Gurnee","","Gurnee Farmers Market","il","Grand Ave. & Kilbourne Rd.","","","market","","-87.9116","42.371","60031"
"Hawthorn Woods","https://www.facebook.com/villageofhawthornwoods","Hawthorn Woods Farmers Market","il","Quentin and Old McHenry Roads","","","market","http://www.vhw.org/index.aspx?NID=207","-88.059634","42.220312",""
"Rockford","","HCC Realty Markets ","il","1240 S. Alpine Rd","","","market","http://www.localharvest.org/hcc-realty-markets-M2060","-89.0275","42.2546","61108"
"Perkin","","Heritage Farmers Market","il","20235 State Rt. 9","","","market","","-89.633","40.5721","61554"
"Elburn","","Heritage Prairie Farm","il","2N308 Brundige Road","organic baked goods cheese crafts flowers eggs herbs vegetables honey jams maple meat nuts poultry prepared-foods soap wine","","market","http://www.heritageprairiefarm.com","-88.385761","41.901990","60119"
"Herrin ","https://www.facebook.com/TheHerrinFarmersMarket/?ref=aymt_homepage_panel","Herrin Farmers Market","il","400 N. Park Ave","baked goods crafts flowers eggs herbs vegetables honey jams meat plants poultry prepared-foods soap trees coffee fruits pet food","","market","http://www.theherrinfarmersmarket.org","-89.0275056","37.8062082","62948"
"Highland","https://www.facebook.com/highlandilfarmersmarket?ref=hl","Highland Farmers Market","il","907 Main Street","baked goods cheese crafts flowers eggs herbs vegetables honey jams meat plants poultry prepared-foods soap fruits","","market","http://www.highlandillinois.com/markets.asp","-89.679766","38.740102","62249"
"Freeport ","","Highland Farmers Market","il","2998 W. Pearl City Road","baked goods flowers eggs herbs vegetables honey maple plants","","market","http://web.extension.illinois.edu/jsw","-89.6683924","42.2819058","61032"
"Hillsboro","https://www.facebook.com/hillsborofarmersmarket/","Hillsboro Farmers Market","il","1 Courthouse Square","baked goods crafts vegetables honey prepared-foods soap coffee fruits","","market","","-89.493589","39.161140","62049"
"Hines","","Hines Veterans Hospital Farmers Market","il","5th Ave.","baked goods herbs vegetables honey soap coffee fruits","","market","","-87.837614","41.846149","60141"
"Hinsdale","","Hinsdale Farmers Market","il","30 E. Chicago Ave.","organic baked goods cheese flowers eggs herbs vegetables honey jams meat nursery prepared-foods","","market","http://www.hinsdalechamber.com","-87.9286940","41.8036543","60521"
"plainfield","https://www.facebook.com/pages/Historic-Plainfield-Farmers-Market/373465896127092","historic plainfield Farmers Market","il","corner routr 59 &  Fort Beggs Drive  , Plainfield Plaza ","organic baked goods cheese crafts flowers eggs herbs vegetables honey jams maple meat nuts poultry prepared-foods soap trees coffee beans fruits grains juices mushrooms pet food","","market","","-88.271534","41.607478","60544"
"Chicago","https://www.facebook.com/homegrowncow","Home Grown Cow - Chicago","il","All Orders Placed Online and Delivered to Customers","organic cheese seafood meat poultry pet food","","market","http://www.homegrowncow.com/chicago","-87.6297982","41.8781136",""
"Milan","","Home Grown Market on the Square","il","321 West 2nd Avenue","","","market","http://www.rockislandcountyextension.blogspot.com","-90.5707","41.4525","61264"
"Homewood","https://www.facebook.com/VillageofHomewood","Homewood Farmers Market","il","2020 Chestnut Rd","baked goods cheese crafts flowers eggs herbs vegetables honey jams plants prepared-foods soap wine coffee fruits juices mushrooms","","market","http://www.homesweethomewood.com","-87.666767","41.563148","60430"
"Huntley","https://www.facebook.com/pages/Huntley-Farmers-Market/108401815866579","Huntley Farmers Market","il","10987 Main Street","baked goods cheese crafts flowers eggs herbs vegetables honey jams meat plants poultry prepared-foods soap trees coffee fruits pet food","","market","http://www.huntley.il.us","-88.4104963","42.1675279","60142"
"Chicago","","Hyde Park (Chicago) Farmers Market","il","5211 S. Harper Ave.","","","market","http://www.cityofchicago.org/specialevents","-87.6046","41.8006","60602"
"Springfield, IL ","","Illinois Products Farmers Market","il","801 Sangamon Avenue, IL State Fairgrounds","baked goods cheese crafts flowers eggs herbs vegetables honey jams meat plants poultry prepared-foods soap wine coffee beans fruits pet food wild","","market","http://www.agr.state.il.us","-89.637076","39.834131","62702"
"Chicago","https://www.facebook.com/imancentral","IMAN's Fresh Beats & Eats Farmers' Market","il","2744 W 63rd","baked goods cheese crafts eggs herbs vegetables honey jams nuts prepared-foods soap beans fruits juices tofu","https://twitter.com/imancentral","market","http://www.imancentral.org","-87.692662","41.779261","60629"
"Evanston","","Immanuel Indoor Farmers Market","il","616 Lake St.","","","market","","-87.6812","42.0441","60201"
"Chicago","https://www.facebook.com/groups/142483985764842/","Independence Park Farmers Market","il","3945 N Springfield Ave.","organic baked goods cheese eggs herbs vegetables honey jams meat plants poultry prepared-foods soap fruits","","market","http://www.gipna.com","-87.72504","41.95269","60618"
"Jacksonville","","Jacksonville Main Street Farmers Market on the Square","il","Central Park","baked goods crafts eggs herbs vegetables honey jams meat prepared-foods soap fruits","","market","http://www.jacksonvillemainstreet.com","-90.228951","39.735076","62650"
"Jerseyville","","Jerseyville Farmers' & Artisan Market","il","105 N. Liberty Street","baked goods cheese herbs vegetables honey jams prepared-foods fruits","","market","http://www.jch.org/news-events/farmers-market","-90.330641","39.118583","62052"
"Joliet","","Joliet Farmers' Market","il","Chicago Street from Van Buren to Jefferson Street","baked goods cheese crafts flowers herbs vegetables honey jams nuts plants soap","","market","http://www.jolietdowntown.com","-88.0815","41.5254","60432"
"Joliet","https://www.facebook.com/JJCfarmersmarket","Joliet Junior College Farmers Market","il","1215 S. Houbolt Road","baked goods cheese flowers eggs herbs vegetables honey jams maple meat plants poultry prepared-foods soap trees beans fruits grains pet food wild","","market","http://www.jjc.edu/info/farmers-market","-88.169703","41.499835","60431"
"Kankakee","","Kankakee County Farmers Market II","il","805 N. Kennedy Dr.","","","market","","-87.8785","41.1298","60901"
"Kankakee","https://www.facebook.com/K3FarmersMarket","Kankakee Farmers' Market","il","200 S Schuyler Ave","organic baked goods cheese flowers eggs herbs vegetables honey jams meat plants poultry prepared-foods soap trees coffee fruits juices mushrooms pet food","https://twitter.com/K3FarmersMarket","market","http://www.downtownkankakee.com/farmers.html","-87.863989","41.118811","60901"
"Kankakee","https://www.facebook.com/groups/KankakeeFarmersMarket/","Kankakee Farmers' Market - Spring Market","il","200 E. Merchant St.","organic baked goods cheese crafts flowers eggs herbs vegetables honey jams meat plants poultry prepared-foods soap trees wine coffee fruits juices mushrooms pet food","","market","http://www.downtownkankakee.com/farmers.html","-87.86395","41.11913","60901"
"Chicago","https://www.facebook.com/pages/Chicago-Farmers-Markets/19988198547?sid=4c2c43d8cfa7095a22e0d9f9c19d26c3&ref=search","La Follette Park","il","1333 N. Laramie","","","market","http://www.cityofchicago.org/city/en/depts/dca/supp_info/farmers_market3.html","-87.755263","41.905314",""
"La Grange","https://www.facebook.com/lagrangefarmersmarket","La Grange Farmers Market","il","La Grange Road and Harris Avenue","baked goods cheese flowers eggs seafood herbs vegetables honey jams maple meat plants poultry prepared-foods soap wine coffee fruits juices tofu","","market","http://www.lgba.com/LGBA-Farmers-Market","-87.8696183","41.8141344","60525"
"Lake Barrington","https://www.facebook.com/Labafama/","Lake Barrington Farmer's Market","il","28214 West Northwest Highway","baked goods vegetables honey fruits juices pet food","","market","http://www.LakeBarringtonFarmersMarket.com","-88.183818","42.180694","60010"
"Lake Zurich","https://www.facebook.com/LakeZurichFarmersMarket","Lake Zurich Area Farmers Market ","il","200 S. Rand Rd","","","market","http://www.volz.org/index.aspx?NID=366","-88.1092","42.1936","60047"
"Lansing","","Lan-Oak Park District Farmer's Market","il","Ridge & Grant Street","baked goods cheese crafts flowers herbs vegetables jams prepared-foods","","market","http://www.lanoakparkdistrict.org","-87.5338799","41.5645616","60438"
"Lanark","https://www.facebook.com/LanarkFarmersMarket/","Lanark Farmers Market ","il","101 North Broad Street","baked goods cheese crafts flowers herbs vegetables honey jams meat nuts plants prepared-foods soap trees fruits grains wild","https://twitter.com/lanark_market","market","http://lanarkil.com/newsevents/farmers-market/","-89.832725","42.102199","61046"
"La Salle","","LaSalle Farmers Market","il","2nd St. & Gooding St.","","","market","","-89.097","41.3291","61301"
"Chicago","","Lawndale (Chicago) Farmers Market","il","3555 W. Ogden Ave.","","","market","http://www.cityofchicago.org/specialevents","-87.7238","41.8774","60623"
"Lawrenceville","","Lawrence County Farmers Market","il","712 12th St.","","","market","http://www.lawrencecountyillinois.com","-87.685","38.7257","62439"
"Tunnel Hill","https://www.facebook.com/LEAFFoodHub/","LEAF Food Hub","il","8975 Hwy 45 N","organic baked goods flowers eggs herbs vegetables plants poultry soap coffee fruits","","market","http://www.leaffoodhub.com","-88.880917","37.4596374","62972"
"Lena","","Lena Farmers Market","il","100 W. Main Street","baked goods crafts flowers herbs vegetables jams plants fruits","","market","http://web.extension.illinois.edu/jsw","-89.8237208","42.3779037","61032"
"Chicago","","Lincoln Park (Chicago) Farmers Market","il","2000 N-700 W lincoln Park High School Parking lot","","","market","http://www.cityofchicago.org/specialevents","-87.6709","41.8971","60602"
"Chicago","","Lincoln Square Chicago Farmers Market","il","City parking lot adjacent to Brown Line station","","","market","http://www.cityofchicago.org/specialevents","-87.8054","41.9891","60602"
"Lisle","facebook.com/LisleFrenchMarket","Lisle French Market","il","Garfield Ave. North of Burlington","organic baked goods cheese crafts flowers eggs seafood herbs vegetables honey maple meat nuts plants poultry prepared-foods soap trees coffee beans fruits grains juices mushrooms pet food tofu wild","https://twitter.com/BensidounMarket","market","http://www.bensidounmidwestmarkets.com/","-88.076118","41.799605","60532"
"Lockport","","Lockport Farmers Market","il","222E. 9th St.","baked goods cheese flowers eggs herbs vegetables honey jams maple meat plants poultry prepared-foods","","market","","-88.0548868","41.5895797","60441"
"Chicago ","www.facebook.com/LoganSquareFarmersMarket","Logan Square Farmers Market","il","3100 W. Logan Boulevard","organic baked goods cheese flowers eggs seafood herbs vegetables honey jams maple meat nuts poultry prepared-foods soap wine coffee beans fruits grains juices mushrooms pet food tofu","www.twitter.com/LSFarmersMarket","market","http://www.logansquarefarmersmarket.org","-87.704973","41.928249","60647"
"Chicago","https://www.facebook.com/LowLineMarket","Low-Line Market at Southport","il","3410 N Southport Ave","baked goods cheese flowers eggs vegetables honey meat prepared-foods coffee fruits juices wild","","market","http://www.lowlinemarket.com","-87.6642330","41.9438160","60657"
"Chicago","https://www.facebook.com/LoyolaIES","Loyola University Chicago Farmers Market","il","6550 N. Sheridan Road.","baked goods cheese eggs seafood herbs honey jams meat poultry prepared-foods soap fruits","https://twitter.com/greenloyola","market","http://blogs.luc.edu/farmersmarket/","-87.661036","42.001295","60660"
"Macomb","https://www.facebook.com/MacombFarmersMarket","Macomb Farmers Market","il","Court House Square","organic baked goods crafts flowers herbs vegetables honey jams plants poultry trees fruits","","market","http://www.macombfarmersmarket.com","-90.671003","40.458906","61455"
"Dwight","","Main Street Farmers Market","il","132 E Main St","baked goods flowers herbs vegetables plants soap trees fruits","","market","","-88.426938","41.092872","60420"
"Aledo","https://www.facebook.com/aledomainstreet","Main Street Farmers Market Downtown Aledo","il","201 West Main Street","baked goods crafts flowers eggs herbs vegetables plants wine fruits","","market","http://www.aledomainstreet.com","-90.749087","41.200397","61231"
"OLNEY","","Main Street Farmers Market of Olney","il","202 E MAIN ST","flowers plants soap trees","","market","","-88.0836305555556","38.7311638888889","62450"
"roselle","","Main Street MArket - Roselle, Il.","il","344 e maple ave","baked goods crafts eggs herbs vegetables meat nursery plants poultry prepared-foods soap","","market","http://www.mainstreetmarketroselle.com","-88.071299","41.981323","60172"
"Paris","","Main Street Paris Farmers Market","il","Southside of Square","","","market","http://www.mainstreetparis.com","-87.6949","39.6131","60420"
"Liberytville ","","MainStreet Libertyville Farmers Market","il","413 N Milwaukee Ave","organic baked goods cheese flowers eggs seafood herbs vegetables honey jams meat nuts plants poultry prepared-foods soap coffee fruits juices mushrooms pet food","","market","http://libertyvillefarmersmarket.org/Libertyville_Farmers_Market/Welcome_to_Libertyville_Farmers_Market.html","-87.954744","42.287242","60048"
"Manteno","https://www.facebook.com/mantenofarmersmarket","Manteno Chamber of Commerce Farmers' Market","il","50 S. Main Street","baked goods crafts flowers eggs vegetables honey jams prepared-foods soap trees fruits pet food","","market","http://www.mantenochamber.com","-87.835283","41.248793","60950"
"Marengo","","Marengo Friday Farmers Market","il","W Washington St. at S Ann St.","","","market","","-88.6121","42.2495","60152"
"Marion","","Marion Farmers Market","il","507 W. Main, Senior Citizens Parking Lot","","","market","","-88.9305","37.7308","62959"
"Marion  ","","Marion VA Farmers Market","il","2401 W. Main Street","herbs vegetables plants trees fruits","","market","","-88.9569253","37.7297887","62959"
"Orland Park","https://www.facebook.com/VillageofOrlandPark/","Market at the Park - Orland Park, IL","il","9705 W. 142nd Steet","organic baked goods cheese crafts flowers eggs herbs vegetables honey jams meat nuts plants poultry prepared-foods soap wine coffee fruits juices mushrooms pet food","https://twitter.com/VillageOrlandPk","market","http://www.orlandpark.org/market","-87.856517","41.631943","60462"
"Marseilles","","Marseilles Farmers Market","il","Knudson Park on Lincoln St","","","market","","-88.6698","41.3312","61341"
"Maryville ","www.facebook.com/maryvilleILfarmersmarket","Maryville Farmers Market","il","1 Schiber Ct.","baked goods flowers eggs herbs vegetables honey jams meat plants poultry soap fruits pet food","","market","http://www.maryvilleILfarmersmarket.org","-89.9500804","38.7331622","62062"
"Mascoutah","https://www.facebook.com/pages/Mascoutah-Farmers-Market/204494622900348","Mascoutah Farmers Market ","il","100 block of railway","","","market","http://www.localharvest.org/mascoutah-farmers-market-M39559","-89.7981","38.4892","62258"
"Mattoon","","Mattoon Farmers Market","il","500 Broadway","baked goods crafts flowers herbs vegetables plants fruits","","market","http://www.mattoon.illinois.gov/","-88.358782","39.482714","61938"
"Maywood","","Maywood Multicultural Farmers' Market ","il","121 South 5th Ave. ","","","market","http://www.urbangardenconnection.com/farmersmarket.html","-87.8365","41.8871","60153"
"McHenry","","McHenry Farmers Market","il","3400 Pearl St.","","","market","","-88.2643","42.3466","60050"
"Mendota","","Mendota Farmers Market","il","700 Main St.","","","market","http://www.mendota.il.us","-89.1156","41.5489","61342"
"Metamora","","Metamora Farmers Market","il","On the Square in Metamora","","","market","","-89.3629","40.7913","61548"
"Momence","Momence Farmers Market","Momence Farmer's Market","il","123 W. River St. ","baked goods crafts flowers herbs vegetables honey jams plants prepared-foods soap trees fruits juices pet food","","market","http://cityofmomence.com","-87.6636438","41.1620701","60954"
"Monmouth","","Monmouth Farmers Market","il","122 W. Boston Ave.","","","market","","-90.6482","40.914","61462"
"Columbia","","Monroe County Farmers Market-Columbia IL","il","229 N. Main St.","","","market","","-90.1463","38.3233","62236"
"Waterloo","","Monroe County Farmers Market-Waterloo IL","il","100 W. Mill St.","","","market","","-90.2048","38.4403","62298"
"Monticello","","Monticello Main Street Farmers Market","il","State and Livinston Streets","baked goods crafts flowers herbs vegetables honey jams plants soap coffee fruits","","market","http://www.monticellomainstreet.org","-88.5718","40.0261","61856"
"Chicago","","Morgan Park (Chicago) Farmers Market","il","Shiloah M.B. Church lot, 92nd & Ashland","","","market","http://www.cityofchicago.org/specialevents","-87.5544","41.7162","60602"
"Morrison","https://www.facebook.com/morrisonfarmersmarket","Morrison Farmers' Market","il","204 E. Lincolnway","baked goods cheese crafts flowers eggs herbs vegetables honey jams meat nuts plants prepared-foods soap fruits pet food","","market","http://www.morrisonfarmersmarket.com","-89.964713","41.809438","61270"
"Morton","","Morton Farmers Market","il","210 S Main street","baked goods vegetables","","market","","-89.462593","40.609033","61550"
"Morton Grove","https://www.facebook.com/MGFarmersMarket","Morton Grove Farmers' Market","il","6210 Dempster St.","organic baked goods cheese crafts flowers eggs herbs vegetables honey jams meat plants poultry prepared-foods soap coffee beans fruits grains mushrooms pet food tofu","https://twitter.com/mgfarmersmarket","market","http://mgfarmersmarket.com/","-87.7817274","42.0409607","60053"
"Mount Carroll ","","Mount Carroll Farmers Market","il","116 E Market Street","baked goods crafts flowers herbs vegetables honey jams nuts plants soap fruits","","market","http://www.mtcarrollil.org","-89.978008","42.101295","61053"
"Mt. Morris","","Mount Morris Farmers Market","il","117 Main St","","","market","","-89.4357","42.0485","61054"
"Mt. Morris","","Mt. Morris Farmers Market","il","Mt. Morris Public Library","","","market","","-89.4319","42.0478","60154"
"Mount Prospect","","Mt. Prospect Farmers Market","il","Metro Station parking lot  west lot","baked goods cheese crafts flowers seafood vegetables honey jams maple meat plants poultry prepared-foods coffee fruits pet food wild","","market","","-87.9372908","42.0664167","60056"
"Mundelein","www.facebook.com/MundeleinMarket","Mundelein Farmers Market","il","469 N. Seymour Avenue","organic baked goods cheese crafts flowers eggs herbs vegetables honey jams meat plants poultry prepared-foods fruits","https://twitter.com/MundeleinMarket","market","http://www.mundelein.org/farmers_market","-88.0025283","42.2709425","60060"
"Murphysboro ","https://www.facebook.com/MurphysboroFarmersMarket","Murphysboro Farmers' Market","il","12th Street from Walnut to Chestnut.","baked goods cheese crafts herbs honey jams nuts plants soap beans fruits mushrooms wild","","market","http://www.murphysboro.com/index.php?option=com_k2&view=item&layout=item&id=140&Itemid=360","-89.335786","37.764207","62966"
"Nashville","","Nashville Chamber of Commerce Market","il","South side of Courthouse","","","market","http://www.nashvillechamber@sbcglobal.net","-89.3902","38.3374","62263"
"New Lenox","https://www.facebook.com/pages/Village-of-New-Lenox-Illinois/106689992719003","New Lenox Farmers Market","il","1 Veterans Parkway","organic baked goods cheese crafts flowers herbs vegetables honey jams plants poultry prepared-foods soap wine fruits","","market","http://www.newlenox.net","-87.9799","41.5142","60451"
"Nokomis","","Nokomis Farmers Market","il","301 E State St.","","","market","","-89.2833","39.3025","62075"
"Streator","","North Bloomington Street Farmers Market","il","1215 North Bloomington(Route 23)","","","market","","-88.8357","41.1328","61364"
"Chicago","","North Center (Chicago) Farmers Market","il","Belle Plain/Damien/Lincoln (4100N - 2000N)","","","market","http://www.cityofchicago.org/specialevents","-87.8168","41.8401","60602"
"Rockford","","North End Commons Farmers Market","il","City lot at Latham and King Streets","","","market","http://www.rockfordnorthend.com","-89.081","42.2873","61103"
"Northbrook","https://www.facebook.com/pages/Northbrook-Farmers-Market/145228398876527","Northbrook Farmers Market","il","Cherry Lane and Meadow Road","organic baked goods cheese flowers eggs seafood herbs vegetables honey jams meat nuts plants poultry beans fruits mushrooms pet food","","market","http://www.NorthbrookFarmersMarket.org","-87.8286573","42.1314024","60062"
"Oak Forest","https://www.facebook.com/pages/Oak-Forest-Farmers-Market","Oak Forest Park District Farmer's Market","il","4850 W 159th St","baked goods crafts eggs vegetables honey jams meat plants prepared-foods soap coffee fruits pet food","","market","http://www.oakforestparks.org","-87.737355","41.603962","60452"
"Oak Lawn","","Oak Lawn Farmers Market","il","9446 South Raymond Avenue","baked goods crafts flowers vegetables honey jams nuts plants soap trees coffee fruits juices pet food","","market","http://www.oaklawn-il.gov","-87.751487","41.720903","60453"
"Oak Park","","Oak Park Farmers' Market","il","460 Lake St","organic baked goods cheese flowers eggs herbs vegetables honey jams maple meat nuts plants poultry soap trees beans fruits mushrooms","","market","http://www.oak-park.us/our-community/oak-park-farmers-market","-87.786786","41.888751","60302"
"Okawville","","Okawville Farmers Market","il","110 E Walnut St","baked goods crafts eggs herbs vegetables honey jams nuts plants poultry prepared-foods fruits","","market","","-89.550447","38.434503","62271"
"Springfield ","","Old Capitol Farmers Market - Springfield","il","Adams Street between 5th & 2nd Streets","organic baked goods cheese crafts flowers eggs herbs vegetables honey jams maple meat nuts plants poultry prepared-foods soap trees coffee fruits juices mushrooms pet food","","market","http://www.downtownspringfield.org","-89.650671","39.800659","62701"
"Schaumburg","","Olde Schaumburg Centre Farmers Market","il","190 S. Roselle Road, Town Square","baked goods cheese flowers herbs vegetables honey jams maple meat plants poultry prepared-foods fruits pet food","","market","http://www.ci.schaumburg.il.us/HFun/Fun1/Pages/FarmersMarket.aspx","-88.080289","42.025069","60193"
"Oneida","https://www.facebook.com/oneidafarmersmarket","Oneida Farmers Market","il","221 W Hwy 34","baked goods crafts vegetables fruits","","market","","-90.2233003","41.0756524","61467"
"Orangville","","Orangeville Farmers Market","il","Richland /creek Trailhead W. High St","","","market","","-89.6505","42.4694","62450"
"Oregon","","Oregan Farmers Market","il","304 S. 5th St.","","","market","","-89.3513","42.0036","61061"
"Oregon","","Oregon Park District Farmers Market","il","route 64 and route 2 intersection ","baked goods flowers eggs herbs vegetables honey maple plants prepared-foods soap coffee fruits grains","","market","http://www.oregonpark.org","-89.332685","42.014535","61061"
"Oregon","","Oregon Park District Farmers Market","il","","baked goods crafts eggs vegetables honey jams maple nuts plants soap fruits wild","","market","http://www.oregonpark.org","-89.3323279","42.0147513","61061"
"Oswego","https://www.facebook.com/OswegoCountryMarket/","Oswego Country Market","il","15 Main Street","organic baked goods cheese crafts flowers eggs seafood herbs vegetables honey jams meat plants poultry prepared-foods soap fruits juices mushrooms pet food","","market","https://www.oswegolandparkdistrict.org/programs-events/special-events/oswego-country-market/","-88.351638","41.684726","60543"
"Ottawa","","Ottawa Area Chamber of Commerce Farmers Market","il","100 Jackson Street","","","market","http://www.ottawadowntownmerchants.com","-88.8421","41.3492","61350"
"Palatine","https://www.facebook.com/palatinefarmersmarket","Palatine Farmers' Market","il","Smith and Wood Street","organic baked goods cheese crafts flowers eggs seafood herbs vegetables honey jams maple meat plants poultry prepared-foods soap beans fruits pet food","","market","http://www.palatine.il.us","-88.047446","42.113015","60067"
"Palos Heights ","palosheightsfarmersmarket","Palos Heights Farmer's Market","il","6601 W 127th Street ","baked goods crafts seafood vegetables honey jams maple meat nuts poultry prepared-foods soap coffee beans fruits grains","","market","http://www.palosheights.org","-87.7831286","41.6604652","60463"
"Park Ridge","https://www.facebook.com/pages/Park-Ridge-Farmers-Market/230080573870?fref=ts","Park Ridge Farmers Market","il","19 Prairie","organic baked goods flowers eggs herbs vegetables honey jams meat nuts plants poultry prepared-foods coffee fruits pet food wild","","market","http://www.parkridgefarmersmarket.com","-87.8334","42.0104","60068"
"Pawnee","","Pawnee Farmers Market","il","Village Square","","","market","","-89.4784","39.5646","62558"
"Paxton","","Paxton Farmers Market","il","249 North Market Street","","","market","http://www.paxtonil.com","-88.0966","40.4628","60957"
"Pekin","","Pekin Downtown Farmers Market","il","17 S. Capitol St.","","","market","http://www.pekinmainstreet.com","-89.6495","40.5682","61554"
"Peoria","","Peoria Farmers Market at the Metro Centre","il","4700 N. University- Metro Mall","baked goods cheese flowers eggs herbs vegetables honey jams plants poultry trees fruits","","market","http://www.shopmetrocentre.com","-89.610147","40.745055","61614"
"Peoria","https://www.facebook.com/Peoria-RiverFront-Market-263110938155","Peoria Riverfront Market","il","200 Block of Water Street","organic baked goods cheese crafts flowers eggs herbs vegetables honey jams meat plants poultry prepared-foods soap coffee fruits pet food","","market","http://www.visitdowntownpeoria.com","-89.588621","40.688559","61602"
"Petersburg","","Petersburg' Farmers Market","il","102 S. 7th St.","baked goods flowers eggs herbs vegetables meat","","market","","-89.849367","40.010984","62675"
"Chicago","","Pilsen Community Farm Market ","il","Chicago Community Bank parking lot at 1800 South Halsted","","","market","http://www.pilsencommunitymarket.org/","-87.6469","41.858",""
"Pinckneyville","","Pinckneyville Farmers Market","il","1 E Water St.","","","market","","-89.3941","38.0747","62274"
"Chicago","https://www.facebook.com/plantchicagonotforprofit/","Plant Chicago Farmers Market ","il","1400 W 46th St.","baked goods cheese crafts flowers eggs seafood herbs vegetables honey jams maple meat plants prepared-foods soap coffee fruits mushrooms pet food tofu","https://twitter.com/plantchicago","market","http://plantchicago.org/farmers-market/","-87.6605799","41.8107011","60609"
"Pontiac","https://www.facebook.com/PontiacProud","Pontiac Farmers Market","il","112 W. Madison Street","organic baked goods crafts flowers eggs herbs vegetables meat plants fruits","","market","http://www.pontiacproud.org","-88.628770","40.880293","61764"
"Highland Park","","Port Clinton Square Farmers Market","il","600 Central Ave.","","","market","","-87.8001","42.1854","60035"
"Chicago","https://www.facebook.com/pages/Portage-Park-Farmers-Market/375836939182171","Portage Park Farmer's Market","il","Irving Park Road at Long","baked goods cheese eggs herbs vegetables honey jams maple plants poultry prepared-foods soap coffee fruits mushrooms pet food","","market","http://www.friendsofportagepark.org","-87.762385","41.953472","60641"
"Princeton","https://www.facebook.com/PrincetonFarmersMarket","Princeton Farmers' Market","il","935 North Main Street","baked goods flowers eggs herbs vegetables honey jams plants prepared-foods fruits","","market","","-89.464793","41.384158","61356"
"Chicago","","Printer's Row (Chicago) Farmers Market","il","Dearborn & Polk (36W - 800S) Parking lot","","","market","http://www.cityofchicago.org/specialevents","-87.6292","41.8723","60602"
"Chicago","","Prudential Plaza (Chicago) Farmers Market","il","130 E Randolph St.","","","market","http://www.cityofchicago.org/specialevents","-87.6046","41.8006","60601"
"QUINCY","https://www.thedistrictquincy.com/farmers-market/","Quincy Farmer's Market","il","128 N. 5th St.","organic baked goods cheese crafts flowers eggs herbs vegetables honey jams meat plants prepared-foods soap fruits pet food","","market","https://www.thedistrictquincy.com/farmers-market/","-91.409173","39.932754","62301"
"Rantoul","","Rantoul Farmer's Market","il","120 E. Sangamon Ave.","vegetables","","market","","-88.158932","40.310842","61866"
"Highland Park","","Ravinia Farmers Market","il","Dean Ave. (Between St. John's & Roger Williams Ave","baked goods flowers herbs vegetables honey jams meat poultry fruits mushrooms","","market","http://www.raviniafarmersmarket.com","-87.7816","42.165","60035"
"Olney","","Richland County Farmers Market","il","White Squirrel Dr.","","","market","","-88.2291","38.6952","62450"
"Evanston","","Ridgeville Park District Farmers Market","il","908 Seward St.","baked goods eggs vegetables coffee fruits","","market","http://www.ridgeville.org","-87.685197","42.028009","60202"
"Riverside","https://www.facebook.com/Riverside.Farmers.Mkt","Riverside Farmers' Market","il","10 Pine Ave.","organic baked goods cheese flowers eggs herbs vegetables honey jams maple meat plants poultry prepared-foods soap trees wine coffee beans fruits pet food","","market","http://justeatlocal.wordpress.com/","-87.8201027","41.8277856","60546"
"Robison","","Robinson Farmers Market","il","Court Street","baked goods crafts vegetables jams plants fruits","","market","","-87.759501","39.0027161","62454"
"Oregon","","Rochelle Farmers Market","il","Main St.","","","market","","-89.3327","42.0096","61061"
"Rochelle","http://cypresshouse.net/outdoormarket#!/page/206022/outdoor-market","Rochelle Outdoor Market","il","718 10th Ave","baked goods cheese crafts flowers eggs herbs vegetables honey jams maple prepared-foods soap wine coffee fruits juices pet food wild","","market","","-89.069453","41.929296","61068"
"Rock falls","","Rock Falls Farmer marke","il","400 W 2nd Street between 4th & 5 Ave","","","market","","-89.695","41.7804","61071"
"Rockford","https://www.facebook.com/RockfordCityMarket/","Rockford City Market","il","Intersection of Water Street and Market Street in downtown Rockford","organic baked goods cheese crafts flowers eggs herbs vegetables honey jams meat nuts poultry prepared-foods soap wine coffee fruits grains mushrooms pet food","https://twitter.com/rockthemarket?lang=en","market","http://www.rockfordcitymarket.com","-89.0903409","42.2703297","61110"
"Rockton","","Rockton River Market ","il","330 E. Main St. #700","","","market","http://www.localharvest.org/rockton-river-market-M57737","-89.0671","42.452","61072"
"Rolling Meadows","cityofrollingmeadows","Rolling Meadows City Markets","il","2720 Kirchoff Road","baked goods crafts flowers seafood herbs vegetables honey jams meat nuts plants prepared-foods soap coffee fruits mushrooms pet food","@CityofRM1","market","http://www.cityrm.org","-88.016174","42.078232","60008"
"Roscoe","","Roscoe Main StreetSquare Farmers Market","il","Hwy 251 and Williams Dr.","","","market","","-89.0127","42.4213","61937"
"Mattoon","","Rural King Farmers Market","il","4216 Dewitt ave.","","","market","","-88.4132653","39.4933587","61938"
"Rushville","","Rushville Main Street Farmers Market","il","210 N. Congress St.","","","market","http://www.rushville.org","-90.5628","40.1213","62681"
"Salem ","www.facebook.com/SalemCommFarmersMarket","Salem Community Farms Market Association","il","Salem Community Farmers Market, Bryan State Park, Pavilion 1, Boone and Broadway, off Route 37 ","baked goods crafts flowers vegetables honey jams plants prepared-foods soap fruits wild","","market","http://salem-market.weebly.com","-90.902601","39.436884","62881"
"Decatur","www.Facebook.com/RichlandStudentFarms","Saturday Produce Market","il","One College Park (Richland College Campus)","organic baked goods cheese flowers herbs vegetables honey jams maple meat plants prepared-foods soap","","market","","-88.8974","39.8849","62521"
"Chicago","","Sears Tower Plaza Farmers Market","il","233 S Wacker Dr.","","","market","","-87.6082","41.7366","60606"
"Cicero","","Seguin Gardens Market","il","3100 S Central Ave","","","market","","-87.7648","41.8343","60804"
"Sesser","","Sesser The Tuesday Sale","il","IL-148","","","market","","-89.054","38.0671","62884"
"Chicago","","Shore Bank (Chicago) Farmers Market","il","Shore Bank Parking lot, 70th & Jeffery","","","market","http://www.cityofchicago.org/specialevents","-87.576","41.767","60602"
"Rock Island ","www.facebook.com/skeletonkeyfarmersmarket","Skeleton Key Farmers' Market","il","520 18th Street","crafts flowers vegetables honey jams plants soap fruits","","market","","-90.575034","41.506952","61201"
"Chicago","","South Chicago Farmers Market at Chief Nomo Oasis","il","2650 E 83rd St","","","market","","-87.5591","41.7448","60617"
"Chicago ","https://www.facebook.com/farsouthmarket/","South Halsted Neighborhood Farmers Market","il","861 W 115th Street ","organic baked goods cheese crafts flowers eggs herbs vegetables honey jams maple nuts prepared-foods soap coffee beans fruits grains juices mushrooms tofu","#MakeItHalsted, #SouthsideFresh, #FarSouthFresh","market","http://www.farsouthcdc.org","-87.6438378","41.6850403","60643"
"South Holland","https://www.facebook.com/towncentermarketplace/?fref=ts#","South Holland's Town Center Market Place","il","","organic baked goods crafts eggs herbs vegetables honey jams prepared-foods soap fruits","","market","http://www.southholland.org/2016/06/shop-local-shop-fresh-at-tcm/","-87.6069894","41.6008681","60473"
"Chicago","","South Shore (Chicago) Farmers Market","il","7054 S Jeffery Blvd","","","market","","-87.5763","41.7666","60649"
"Chicago","","Southport Green Market","il","Southport and Grace at Blaine School parking lot","","","market","","-87.6649","41.9507","60613"
"St. Charles","","St. Charles Farmers Market","il","307 Cedar Avenue","baked goods cheese crafts flowers eggs herbs vegetables honey jams meat nursery plants poultry prepared-foods soap trees","","market","http://www.bakermemorialchurch.org","-88.30978","41.91451","60174"
"Steeleville","","Steeleville Farmers Market","il","107 West Broadway","","","market","","-89.6587","38.0071","62288"
"Freeport","https://www.facebook.com/Stephenson-County-Farmers-Market","stephenson county farmers market","il","1805 South West Ave.","baked goods crafts flowers eggs herbs honey jams maple meat plants poultry soap coffee fruits","","market","","-89.631011","42.274125","61032"
"","https://www.facebook.com/freshmoves","Steve Casey's Mobile Produce Market","il","","","","market","http://www.freshmoves.org/","","",""
"Stockton","","Stockton Farmers Market II","il","Highway 20 and Rush Street","baked goods crafts honey meat plants","","market","","-90.0113230","42.3570960","61085"
"Stockton","https://www.facebook.com/FarmersMarketInTheBluffs","Stockton Farmers Market II","il","Highway 78 Next to Casey's","vegetables honey soap","","market","","-90.006781","42.348839","61085"
"Streator ","https://www.facebook.com/streatordowntownfarmersmarket/","Streator Downtown Farmers Market","il","200 North Park St","baked goods crafts flowers eggs herbs vegetables honey jams meat plants poultry soap fruits","https://twitter.com/StreatorMarket","market","http://streatordowntown.com/","-88.833637","41.122066","61364"
"Sugar Grove","https://www.facebook.com/SugarGroveVA","Sugar Grove Farmers Market ","il","10 Municipal Drive","","","market","","-88.4541","41.7641","60554"
"Swansea","https://www.facebook.com/SwanseaFarmersMarketInc","Swansea Farmer's Market Inc ","il","2801 N Illinois St","","","market","http://www.localharvest.org/swansea-farmers-market-inc-M30895","-89.9848","38.5638","62226"
"Taylorville","","Taylorville Main Street - Farmer's Market","il","Downtown Taylorville, East side of Square","baked goods crafts flowers eggs herbs vegetables honey jams plants soap trees beans fruits mushrooms","","market","http://www.downtowntaylorville.com","-89.295266","39.548447","62568"
"Lincoln","facebook.com/thealmhmarket","The Abraham Lincoln Memorial Hospital Market","il","1408 Short Eleventh Street","organic baked goods flowers eggs herbs vegetables jams meat plants poultry prepared-foods soap coffee fruits mushrooms pet food","","market","http://www.thealmhmarket.org","-89.385160","40.154182","62656"
"Champaign","https://www.facebook.com/TheLandConnection/","The Land Connection Champaign Farmers' Market","il","310-330 N. Neil","organic baked goods cheese flowers seafood herbs vegetables honey maple meat plants poultry soap trees fruits grains","https://twitter.com/LandConnection","market","http://thelandconnection.org/market","-88.243298","40.119058","IL"
"Edwardsville ","The Land of Goshen Community Market","The Land of Goshen Community Market","il","138 St. Louis St","organic baked goods cheese crafts flowers eggs herbs vegetables honey jams meat nuts plants poultry soap coffee fruits mushrooms pet food","","market","http://www.goshenmarket.org","-89.9573111","38.8123068","62025"
"Galena","www.facebook.com/TheTerritoryFarmersMarket","The Territory Farmers' Market","il","2000 Territory Drive","baked goods crafts flowers eggs herbs vegetables honey jams meat plants poultry prepared-foods soap fruits","","market","","-90.315","42.40476","61036"
"Tinley Park","","Tinley Park Farmers Market","il","Metra Station 173rd & Oak Park Ave.","","","market","","-87.7833","41.575","60477"
"Grand Tower","https://www.facebook.com/pages/Tower-Island-Chute-Farmers-Market/610131779002598","Tower Island Chute Farmer's Market ","il"," 269 Ragweed Ln","","","market","","-89.4833","37.6087","62942"
"Moline","","Trinity 7th St. Moline Farmers Market","il","500 John Deere Rd.","baked goods crafts flowers herbs vegetables jams meat plants soap","","market","http://www.growersmarkets.com","-89.2038","40.064","61265"
"Chicago","","Trinity United Church of Christ Farmer's Market","il","95th and Normal, Chicago, Illinois","baked goods herbs vegetables honey jams prepared-foods soap coffee fruits","","market","","-87.6358799","41.7206490","60628"
"Sterling IL","https://www.facebook.com/twincityfarmersmarket","Twin City Farmers Market","il","106 Avenue A","baked goods cheese crafts flowers eggs herbs vegetables honey jams maple meat plants poultry prepared-foods soap coffee fruits mushrooms pet food","@twincitymarket","market","http://www.twincityfarmersmarket.com","-89.697172","41.787255","61081"
"Grand Tower","https://www.facebook.com/2RiversFarmersMarket","Two Rivers Farmers Market","il","612 Front Street","baked goods crafts flowers herbs vegetables jams plants soap fruits","","market","","-89.5047272","37.6300185","62942"
"Chicago","","Uptown Chicago Farmers Market","il","1145 W. Wilson (4600n-1145w) Truman College","","","market","","-87.659","41.9654","60640"
"Normal","","Uptown Normal Trailside Farmers Market","il","100 W North St","","","market","","-88.9844","40.5095","61761"
"Urbana","","Urbana's Market at the Square","il","400 South Vine Street","organic baked goods cheese crafts flowers eggs herbs vegetables honey jams meat nursery nuts plants poultry prepared-foods soap","","market","http://www.urbanaillinois.us/market","-88.2054","40.1096","61801"
"Vandalia","","Vandalia Country Market","il","421 W Gallatin St.","","","market","","-89.0103","41.3355","62471"
"Villa Park","facebook.com/villaparkfrenchmarket","Villa Park French Market","il","E Park Blvd at S Ardmore Ave.","organic baked goods cheese crafts flowers eggs seafood herbs vegetables honey jams maple meat nuts plants poultry prepared-foods soap trees coffee beans fruits grains juices mushrooms pet food tofu wild","https://twitter.com/BensidounMarket","market","http://www.bensidounmidwestmarkets.com/","-87.9789622","41.8833347","60181"
"Buffalo Grove","buffalogrovefarmersmarket","Village of Buffalo Grove Farmers Market","il","971 McHenry Road","organic baked goods cheese flowers eggs seafood herbs vegetables honey jams maple meat nuts poultry prepared-foods coffee beans fruits grains juices mushrooms pet food","","market","http://www.vbg.org/market","-87.9785608","42.1726145","60089"
"Lake Bluff","https://www.facebook.com/LakeBluffMarket","Village of Lake Bluff Farmers Market","il","Corner of E. Scranton Ave. & Sheridan Rd.","organic baked goods cheese flowers eggs seafood herbs vegetables honey plants poultry prepared-foods fruits","https://twitter.com/LakeBluffMarket","market","http://www.lakeblufffarmersmarket.com","-87.845478","42.279325","60044"
"Lemont","http://www.facebook.com/VillageofLemont","Village of Lemont Farmers Market, ""Tuesday's on Talcott""","il","Stephen Street & Talcott Avenue (behind LaDolce Vita)","baked goods crafts eggs seafood vegetables honey jams meat poultry prepared-foods soap coffee fruits mushrooms","","market","http://www.lemont.il.us/FarmersMarket","-87.998186","41.675519","60439"
"Park Forest","https://www.facebook.com/ParkForestFarmersMarket","Village of Park Forest Farmers' Market","il","271 Lakewood Blvd","baked goods cheese crafts flowers eggs herbs vegetables honey jams maple meat plants prepared-foods soap trees coffee fruits juices mushrooms pet food","","market","http://www.villageofparkforest.com/","-87.680377","41.484229","60466"
"Skokie","","Village of Skokie Farmers' Market","il","5127 Oakton Street","baked goods cheese flowers eggs seafood herbs vegetables honey jams maple meat plants poultry prepared-foods trees coffee fruits grains mushrooms wild","","market","http://www.skokie.org/FarmersMarket.cfm","-87.756755","42.026029","60077"
"Thornton","Village of Thornton Department of Recreation","Village of Thornton Market in the Park","il","102 Hubbard St","organic baked goods crafts flowers herbs vegetables honey plants prepared-foods soap fruits","","market","http://www.thornton60476.com","-87.6156943","41.5684981","60476"
"Warren","","Warren Farmers Market","il","110 W Main St.","","","market","","-89.988","42.4959","61087"
"Warrenville","","Warrenville Farmers Market","il","3S200 Route 59","baked goods cheese crafts flowers eggs vegetables jams meat plants poultry prepared-foods soap trees","","market","http://www.warrenvilleparks.org","-88.20242","41.82842","60555"
"Washington","https://www.facebook.com/pages/Washington-Square-Farmers-Market/521527434572686","Washington Square Farmer's Market","il","Washington Square","","","market","","-89.4062","40.7035","61571"
"Watseka ","","Watseka Farmers Market","il","Rt 1 and 24","baked goods crafts flowers vegetables honey jams plants prepared-foods soap trees fruits","","market","http://watsekafarmersmarket.com","-87.7344139","40.7762868","60970"
"Wauconda","Wauconda Farmers MArket","Wauconda Farmers Market","il","100 N. Main St.","organic baked goods cheese crafts flowers eggs herbs vegetables honey jams meat nuts plants poultry prepared-foods soap coffee fruits juices pet food","","market","http://waucondaareachamber.org","-88.141172","42.259988","60084"
"Waukegan","","Waukegan Farmers Market","il","S Lewis Ave at Belvidere Rd","","","market","","-87.8558","42.3508","60085"
"Fairfield","","Wayne County Farmers Market","il","Courthouse Square & Walmart Parking Lot","","","market","","-88.3652","38.3796","62837"
"Evanston","","West End Market","il","Church Street and Dodge Avenue","","","market","http://www.westendmarket.org","-87.6994","42.0479","60201"
"West Frankfort","","West Frankfort Farmers Market","il","1002 E Cleveland St","","","market","","-88.9166","37.892","62896"
"Chicago","https://www.facebook.com/PresenceHealth/","West Town Health & Farmers Market","il","2233 W Division St","organic baked goods cheese flowers eggs seafood herbs vegetables honey poultry soap coffee fruits mushrooms","","market","http://www.presencehealth.org/west-town-health-market","-87.684396","41.902872","60622"
"Western Springs","facebook.com/WesternSpringsFrenchMarket","Western Springs French Market","il","Hillgrove Ave. between Lawn and Grand Ave ","organic baked goods cheese crafts flowers eggs seafood herbs vegetables honey jams maple meat nuts plants poultry prepared-foods soap trees coffee beans fruits grains juices mushrooms pet food tofu wild","https://twitter.com/BensidounMarket","market","http://www.bensidounmidwestmarkets.com/","-87.900894","41.809762",""
"Westmont","Stanley Jamburger","Westmont Open Market","il","Cass Avenue and Irving Street","crafts vegetables jams prepared-foods soap fruits pet food","Stanley Jamburger","market","http://www.westmontevents.com","-87.9754020","41.7976936","60559"
"Wheaton","facebook.com/BensidounFrenchMarket","Wheaton French Market","il","200 S Main St.","organic baked goods cheese crafts flowers eggs seafood herbs vegetables honey jams maple meat nuts plants poultry prepared-foods soap trees wine coffee beans fruits grains juices mushrooms pet food tofu wild","https://twitter.com/BensidounMarket","market","http://www.bensidounmidwestmarkets.com/","-88.1066285","41.8641760","60187"
"Chicago","","Wicker Park/Bucktown (Chicago) Farmers Market","il","Wicker Park & Damen Streets","","","market","http://www.cityofchicago.org/specialevents","-87.6774","41.9089","60602"
"Chicago","","Willis Tower Farmers Market ","il","233 S Wacker Dr ","","","market","http://www.chicago.metromix.com/events/mmxchi-willis-tower-farmers-market-event","-87.6366","41.8788","60606"
"Wilmette","facebook.com/WilmetteFrenchMarke","Wilmette French Market","il","Metra Lot 722, Green Bay Road","organic baked goods cheese crafts flowers eggs seafood herbs vegetables honey jams maple meat nuts plants poultry prepared-foods soap trees coffee beans fruits grains juices mushrooms pet food tofu wild","https://twitter.com/BensidounMarket","market","http://www.bensidounmidwestmarkets.com/","-87.7092596","42.0774802","60091"
"Winfield","","Winfield Farmers' Market (Illinois)","il","County Farm Road & Geneva Road","baked goods cheese crafts flowers eggs herbs vegetables honey jams meat nursery nuts plants poultry prepared-foods soap","","market","http://www.westerndupagechamber.com","-88.151464","41.887614","60190"
"Carbondale","https://www.facebook.com/communityfarmersmarket/","Winter-Indoor Community Farmers Market","il","1301 E. Walnut","organic baked goods crafts flowers eggs seafood herbs vegetables honey jams meat poultry soap coffee fruits mushrooms pet food","@carbondalemarket","market","http://www.carbondalemarket.com","-89.187966","37.726329","62902"
"Wood Dale","","Wood Dale Farmer's Market ","il","Wood Dale Rd. & Front St.","","","market","http://www.wooddale.com/index.asp?Type=B_BASIC&SEC={91A86D87-7D72-45EF-B902-1B9CA03E59A4}&DE=","-87.9788","41.9639",""
"woodstock","https://www.facebook.com/woodstockfarmersmarket","Woodstock Summer Farmers Market","il","100 Johnson Street","organic baked goods cheese crafts flowers eggs herbs vegetables honey jams meat plants poultry prepared-foods soap trees beans fruits grains mushrooms pet food","","market","http://www.woodstockfarmersmarket.org","-88.447680","42.314782","60098"
"woodstock","https://www.facebook.com/woodstockfarmersmarket","Woodstock Winter Farmers Market","il","  11900 Country Club Road","organic baked goods cheese crafts eggs herbs vegetables honey jams meat plants poultry prepared-foods soap beans fruits grains","","market","http://www.woodstockfarmersmarket.org","-88.431577","42.313227","60098"
